大類,次分類,目錄排序,穴組名稱,穴名,位置,針法,解析,圖片,理論與發揮,主治關鍵字,頁碼
總綱,,1,前身二針 A,內關,在前臂掌側，當曲澤與大陵的連線上，腕橫紋上2寸，掌長肌腱與橈側腕屈肌腱之間。（附圖22）,舒腕仰掌取穴，取雙側穴位。用毫針直刺或向上方斜刺1寸，快速捻轉1分鐘，使患者出現酸、麻、重、脹感，並囑患者深呼吸1分鐘，針刺時若能令針感向腋窩或胸部放射，療效更好。留針20~30分鐘，每5分鐘行針1次。,（1）內關穴為手厥陰心包經之絡穴，從內關穴上行“繫於心包，絡心繫”。內關穴又屬八脈交會穴之一，通於陰維脈，與公孫穴在胃、心、胸交會。 (2)《四總穴歌》中有“胸膺內關謀”之句，內關可治療整個胸部病證。且心包絡與胃臟腑別通，故內關治療胃病甚效。如此內關則從胸到胃皆能治療。,,此為雙絡穴及八脈交會穴組成的特效對針。內關可治療胃、心、胸病證，治療膝痛甚效；公孫為治療胃病要穴，也能治療眉骨、鼻骨、前頭痛，還能治療腹痛。兩穴合用就可治療眉骨、鼻骨、前頭、心、胸、胃、腹、膝蓋等處病證。可以說前身之病變皆能治療且甚效。,前身二針,44
總綱,,1,前身二針 A,公孫,在足內側緣，當第1蹠骨基底的前下方。（附圖10）,正坐或仰臥取穴，針尖向腳掌心進針5~8分，捻轉1分鐘，同時囑患者深呼吸，對於久病者可留針稍久，留針期間每10分鐘捻針1分鐘，並囑患者深呼吸0.5~1分鐘。,（1）公孫穴為脾經絡穴，脾經胃經相表裡，故公孫是治療胃病之要穴。又因為面部及前頭屬於陽明經，刺一絡可治兩經病，所以針公孫治療眉骨、鼻骨及前頭痛有效。 （2）公孫亦為八脈交會穴之一，通於衝脈，“衝為血海”，與內關在胃、心、胸交會。公孫穴為治療腹痛之效穴。,,此為雙絡穴及八脈交會穴組成的特效對針。內關可治療胃、心、胸病證，治療膝痛甚效；公孫為治療胃病要穴，也能治療眉骨、鼻骨、前頭痛，還能治療腹痛。兩穴合用就可治療眉骨、鼻骨、前頭、心、胸、胃、腹、膝蓋等處病證。可以說前身之病變皆能治療且甚效。,前身二針,44
總綱,,2,前身二針 B,三間,微握拳，在手食指本節（第2掌指關節）後，橈側凹陷處。（附圖2）,握拳取穴，直刺，從橈側向尺側刺入，針5分，貼骨進針效果更佳。針刺得氣後，令患者稍微左右前後活動身體，可立覺身體輕鬆。一般留針30分鐘，每隔10分鐘捻針1次，捻針時仍囑患者稍微左右前後活動身體0.5~1分鐘。,"（1）三間是手陽明大腸經的輸穴，輸主體重節痛，本穴為治痛證最常用的穴位之一。 (2) 三間能治療目病, 也善治前頭痛、面部痛、坐骨神經痛。 （3）據《靈樞·經脈》：“大腸手陽明之脈，起於大指次指之端……從缺盆上頸貫頰，入下齒中，還出挾口，交人中，左之右，右之左，上挾鼻孔。”人身前面為陽明經循行之處，本穴對於前身病變（陽明部位）皆能治之。",,此為手足同名經相通及“輸主體重節痛”組成的對針，主要治療前身經絡之病變。 手足同名經相對應的部位在全息學說上都處於相對應的位置，因此有同質的作用。手足同名經互相配對，一走上一走下，有上下交濟的作用。三間配陷谷，一為手陽明經輸穴，一為足陽明經輸穴，輸穴最常用於治療痛證，兩穴合用可治療人身前面大部位痛證，稱為“前身二針”。,前身二針,44
總綱,,2,前身二針 B,陷谷,在足背，當第2、第3蹠骨結合部前方凹陷處。（附圖9）,針尖向足心斜刺或直刺都可，針刺深度1寸。若一側痛，則針對側（即健側），若雙側痛，則雙側陷谷均針。針入得氣後，令患者稍微左右前後活動身體，可立覺身體輕鬆。一般留針30分鐘，每隔10分鐘捻針1次，捻針時仍囑患者稍微左右前後活動身體0.5~1分鐘。,"（1）本穴能治療腹瀉、腹脹、眼肌下垂、鼻炎、鼻塞。臨床上常用本穴治療太陽穴附近偏頭痛，效果較好。 (2) 本穴為胃經之輸（木）穴，輸主體重節痛，本穴是治痛證要穴。 (3)《靈樞·經脈》: “胃足陽明之脈, 起於鼻之交頦中, 旁納太陽之脈, 下循鼻外, 上入齒中, 還出挾口, 環唇, 下交承漿, 卻循頤後下廉, 出大迎……循喉嚨, 入缺盆, 下膈, 屬胃絡脾。其直者, 從缺盆, 下乳內廉, 下挾臍, 入氣街中。 其支者，起於胃口，下循腹裡，下至氣街中而合，以下髀關，抵伏兔，下膝臏中，下循脛外廉，下足跗，入中趾內間。其支者，下膝三寸而別，下入中趾外間。其支者，別跗上，入大趾間，出其端。”可見前身自頭面至胸腹至大小腿之前側皆為胃經循行所過之處。",,此為手足同名經相通及“輸主體重節痛”組成的對針，主要治療前身經絡之病變。 手足同名經相對應的部位在全息學說上都處於相對應的位置，因此有同質的作用。手足同名經互相配對，一走上一走下，有上下交濟的作用。三間配陷谷，一為手陽明經輸穴，一為足陽明經輸穴，輸穴最常用於治療痛證，兩穴合用可治療人身前面大部位痛證，稱為“前身二針”。,前身二針,44
總綱,,3,側身二針 A,中渚,在手背部，當環指本節（掌指關節）的後方，第4、第5掌骨間凹陷處。（附圖23）,握拳取穴。直刺，從背側面向掌側面刺入，深度針3~5分。,（1）中渚是手少陽三焦經的輸穴。根據“經脈所過，主治所及”，中渚穴可治療目、耳、喉、頭以及三焦經循行所過之處的疾病。 （2）根據“滎輸治外經”原則，中渚可治療風寒外邪侵襲少陽經所致的三焦經及少陽經循行部位的痛證。 （3）中渚為三焦經上的輸穴屬木，因本穴屬木應肝筋，故能疏通氣血、舒筋活絡，從而達到通則不痛之目的。,,此為手足同名經相通及“輸主體重節痛”組成的對穴。同名經不但脈氣相通，且在氣化上也有相同性質。如《素問·陰陽離合論篇》中說：“……三陽之離合也，太陽為開，陽明為闔，少陽為樞……三陰之離合也，太陰為開，厥陰為闔，少陰為樞。”其中三陽三陰並沒有手足之分。《傷寒論》中的六經病也是手足經同論，因此同名經穴可以相互治療彼此之疾病。人身側面大面積疼痛，可用手少陽輸穴中渚配足少陽輸穴足臨泣，一針在上，一針在下，有上下交濟的作用，稱為“側身二針A”。 筆者按：在足小趾四趾縫後有一大橫筋，筋上兩骨間是足臨泣，筋下是地五會。,側身二針,46
總綱,,3,側身二針 A,足臨泣,在足背外側，當第4、第5趾間，趾蹼緣後方赤白肉際處。（附圖30）,健側取穴。針入0.8~1寸，留針30分鐘，每隔10分鐘捻針1次。,（1）本穴為少陽經（膽經）之輸穴，膽經循行於人身側面。《靈樞·經脈》：“膽足少陽之脈，起於目銳眥，上抵頭角，下耳後，循頸行手少陽之前，至肩上，卻交出手少陽之後，入缺盆。其支者，從耳後入耳中，出走耳前，至目銳眥後。其支者，別銳眥下大迎，合手少陽抵於頤下，加頰車下頸，合缺盆以下胸中，貫膈，絡肝屬膽，循脅裡，出氣街，繞毛際，橫入髀厭中，其直者，從缺盆下腋，循胸，過季脅，下合髀厭中，以下循髀陽，出膝外廉，下外輔骨之前，直下抵絕骨之端，下出外踝之前，循足跗上，入小趾次趾之間。”所以針刺足臨泣治人身側面疼痛甚效。 （2）輸穴止痛效果甚好，本穴又為木經土穴，治療與胃有關、木土不和（肝脾不和）、情緒及壓力所致之痛證，尤其有效。 （3）本穴為八脈交會穴之一，通於帶脈，能疏通經絡，為治療血管性及神經性疼痛的常用穴。與外關會於目外眥、頰、頸、耳後、肩。本穴治療範圍甚廣。,,此為手足同名經相通及“輸主體重節痛”組成的對穴。同名經不但脈氣相通，且在氣化上也有相同性質。如《素問·陰陽離合論篇》中說：“……三陽之離合也，太陽為開，陽明為闔，少陽為樞……三陰之離合也，太陰為開，厥陰為闔，少陰為樞。”其中三陽三陰並沒有手足之分。《傷寒論》中的六經病也是手足經同論，因此同名經穴可以相互治療彼此之疾病。人身側面大面積疼痛，可用手少陽輸穴中渚配足少陽輸穴足臨泣，一針在上，一針在下，有上下交濟的作用，稱為“側身二針A”。 筆者按：在足小趾四趾縫後有一大橫筋，筋上兩骨間是足臨泣，筋下是地五會。,側身二針,46
總綱,,4,側身二針 B,支溝,在前臂背側，當陽池與肘尖的連線上，腕背橫紋上3寸，尺骨與橈骨之間。（附圖24）,取健側穴位。用毫針直刺1.5~2寸，得氣後施以提插捻轉手法，強刺激，留針30分鐘，每5~10分鐘運針1次。,（1）支溝為三焦經腧穴，由於三焦經循行於肋間與季肋，所以說支溝治療脅肋疼痛特效，治療落枕、急性腰扭傷亦甚效。 （2）支溝乃三焦經的經穴，故可疏通經氣、開竅、開鬱散滯、活絡散瘀，對於氣機執行失常，肝氣鬱結所致的三焦經經絡病變療效甚佳。,,此為手足同名經相通及特效穴組成的對針。筆者治療側身疼痛，基本上以手足少陽經穴為主，常取足少陽膽經或手少陽三焦經之穴位。陽陵泉與支溝均為治療側身痛之要穴，兩穴合用稱為“側身二針B”。,側身二針,46
總綱,,4,側身二針 B,陽陵泉,在小腿外側，當腓骨頭前下方凹陷處。（附圖29）,針患側，用毫針直刺 1.5~2 寸，得氣後施以瀉法（或強捻針），同時囑患者左右扭動身體 1 分鐘，留針半小時，每 10 分鐘捻針 1 次，仍囑患者左右扭動身體 1 分鐘。,"（1）本穴為筋之總會，所以筋病皆能治之，對於運動系統障礙導致的病變皆有療效，為治療半身不遂之要穴。 (2)《靈樞·九針十二原》說:“疾高而外者,取之陽之陵泉。”因此對於偏頭痛、三叉神經痛、上肢神經痛患者針刺本穴療效甚佳。對於頸肩各病亦可從遠處瀉絡治之,所謂上病下取,療效頗佳。 (3) 本穴為治療膝部病變之主穴，常配陰陵泉、足三里治療。 （4）陽陵泉為膽經合穴，由於“經絡所過，主治所及”，本穴自古以來就是治療肩痛、肋痛、髖痛、膝痛的效穴。“合主逆氣而瀉”，陰陵泉可調理臟腑，調節少陽經氣，治療少陽經循行所過之處的痛證甚效。",,此為手足同名經相通及特效穴組成的對針。筆者治療側身疼痛，基本上以手足少陽經穴為主，常取足少陽膽經或手少陽三焦經之穴位。陽陵泉與支溝均為治療側身痛之要穴，兩穴合用稱為“側身二針B”。,側身二針,46
總綱,,5,後身二針,後溪,在手掌尺側，微握拳，小指本節（第5掌指關節）後的遠側掌橫紋頭赤白肉際。（附圖12）,直刺，握拳，從外側向內側進針，針0.5~1寸。得氣後囑患者每隔數分鐘前後活動身體，以引針氣，針下後可立止疼痛，留針30分鐘，每間隔10分鐘捻針1次，捻針時前後活動身體。,"（1）後溪為手太陽小腸經之輸穴，小腸經穿過頸後兩側，經過後頭兩旁，並出肩解，繞肩胛，循行經過肩，環繞肩胛骨周圍，而手太陽經與足太陽經同名經相通，因此針刺本穴可以治療整個背部疼痛。 （2）本穴為八脈交會穴之一，通於督脈，督脈貫脊，入絡腦，還出別下項，夾脊抵腰中，任何“督脈為病，脊強反折”的問題都可以用後溪穴治療，包括頸部、背部、腰部、腿部病證。 (3) 後溪穴五行屬木, 具有舒筋活絡之功效, 針刺後溪能疏通督脈與小腸經的氣機, 緩解筋脈拘攣強急, 故在臨床可治療後頭、頸部、腰背、後腿疼痛。",,此為手足同名經相通及特效穴組成的對穴。手足同名經穴共同配對，能加強治療效果。筆者常以束骨配後溪治頭項強痛、背痛、腰腿痛、坐骨神經痛，效果甚好，稱為“後身二針”。,後身二針,48
總綱,,5,後身二針,束骨,在足外側，足小趾本節（第5蹠趾關節）的後方，赤白肉際處。（附圖17）,直刺1寸，針入後囑患者每隔幾分鐘前後活動身體，以引針氣，留針30分鐘，每隔10分鐘捻針1次，捻針時前後活動身體。,（1）束骨是足太陽膀胱經的輸穴，輸主體重節痛，故束骨穴善治本經所過之處的疼痛及屈伸不利的病證。 （2）由於膀胱經循行經過後頭及頸部，夾著脊柱，經別入脊柱，故本穴能治療頸、腰部病證。《靈樞·雜病》篇說：“項強不能俯仰者取足太陽。”臨床應用本穴治療項強不能前後運動者，確有卓效。 （3）足太陽膀胱經循行所至，主治所及，故本穴對膀胱經所過處之疼痛均有療效。 （4）此穴為膀胱經（水）上的木穴，補水潤木之作用強，可治療多種疾病。,,此為手足同名經相通及特效穴組成的對穴。手足同名經穴共同配對，能加強治療效果。筆者常以束骨配後溪治頭項強痛、背痛、腰腿痛、坐骨神經痛，效果甚好，稱為“後身二針”。,後身二針,48
總綱,,6,腹二針,內關,在前臂掌側，當曲澤與大陵的連線上，腕橫紋上2寸，掌長肌腱與橈 側腕屈肌腱之間。(附圖 22),仰掌取穴，用1.5寸毫針直刺1寸左右。強刺激，並囑患者深呼吸，同時揉摩腹部，留針30分鐘，每5分鐘運針1次，運針時反覆行強刺激提插手法，並輕揉腹部，仍囑患者深呼吸。,（1）內關穴為心包經絡穴，具有寧心安神、解鬱寬胸、舒暢氣機、疏肝理脾、和胃理氣、降逆止嘔、活血通絡等作用，可治療心血管病變、消化系統病變、精神病等，療效頗佳。 （2）心包經別走手少陽三焦經，從胸至腹依次聯絡三焦，故本穴能治療中下焦病變，臨床試驗表明，針刺內關穴能顯著提高機體的痛閾和溫覺閾，達到溫經止痛的效果，有較好的鎮靜止痛作用。臨床上常用本穴治療胸痛、脅痛、心痛、胃痛、腹痛、上肢疼痛、扁桃體炎、咽喉炎、頭痛、牙痛等，都有顯著的止痛效果。 （3）本穴深刺透達三焦經之外關，療效更好，蓋外關為三焦之絡穴，外關歷來常被用作配穴，能治療腹部病變。楊繼洲說：“三焦乃陽氣之父，包絡乃陰血之母。”內關透外關可氣血陰陽同調，療效較單獨針刺內關更好。,,此為臟腑別通及經絡循行組成的對針。心包絡與胃臟腑別通，故針刺內關能治療消化系統病變，若深刺透達三焦經之絡穴外關，則調理氣血的作用更佳。足三里為足陽明胃經的合穴，善於調理胃脾功能。胃經與大腸經相表裡，本穴亦善治腹部病變。兩穴合用，主治病證很多，治療腹部病變尤效。,腹二針,49
總綱,,6,腹二針,足三里,在小腿前外側，當犢鼻下3寸，距脛骨前緣一橫指（中指）。（附圖53）,取雙側穴位，用毫針直刺1.5~2寸，得氣後施以提插捻轉強刺激手法，使患者出現酸、麻、重、脹感覺，留針30分鐘，每5分鐘捻針1次，每日或隔日針刺1次。,（1）足三里為足陽明胃經的合穴，合穴主治臟腑之病，胃經與脾經相表裡，針刺足三里可疏通胃經，調節胃脾功能。足陽明胃經氣血充盈，針刺本穴可行氣活血。《四總穴歌》中說：“肚腹三里留。”所謂“肚腹”指胃腸、脾、肝、膽等臟腑。 （2）足三里是增強人體免疫功能的重要穴位，為全身強壯要穴之一。 （3）足陽明胃經循行自頭至足，經過頭面、頸、胸、心、肺、肝、胃、腸、下肢等部位，故足三里能治療足陽明胃經循行部位的疾病，如頭痛、眼花、耳鳴、面癱、顳頜關節紊亂症、牙痛、喉痺、乳痛、半身不遂、髖骨痛、下肢風溼病、痿痺、膝腫膝痛、腳痛、咳嗽、氣喘痰喘、心悸、失眠等病證。,,此為臟腑別通及經絡循行組成的對針。心包絡與胃臟腑別通，故針刺內關能治療消化系統病變，若深刺透達三焦經之絡穴外關，則調理氣血的作用更佳。足三里為足陽明胃經的合穴，善於調理胃脾功能。胃經與大腸經相表裡，本穴亦善治腹部病變。兩穴合用，主治病證很多，治療腹部病變尤效。,腹二針,49
總綱,,7,下腹二針,公孫,在足內側緣，當第1蹠骨基底的前下方。（附圖10）,正坐或仰臥取穴，針尖向腳掌心進針1寸，行提插手法，囑患者深呼吸，同時揉摩腹部，留針30分鐘，每5分鐘運針1次，仍行提插手法，囑患者深呼吸並輕揉腹部。,"(1) 公孫穴為足太陰脾經的絡穴, 別走足陽明胃經, 脾經胃經相表裡, 刺一絡可治兩經病, 本穴是治療脾胃病之要穴, 也可以治療腹部病證。 （2）據筆者研究針刺公孫穴可鑑別下腹痛是功能性還是器質性：如果針後痛止，則為功能性病變；若出針後不久疼痛復起，多為器質性病變。",,此為經絡配伍之特效對針。公孫為足太陰脾經的絡穴，別走足陽明胃經，脾經胃經相表裡，公孫為治療脾胃病之要穴。三陰交是治療消化系統病證和泌尿生殖系統病證之要穴。下腹部病變常為消化系統病證和泌尿生殖系統病證。公孫配三陰交是治療下腹部病證的特效對針，稱為“下腹二針”。,下腹二針,51
總綱,,7,下腹二針,三陰交,在小腿內側，當足內踝尖上3寸，脛骨內側緣後方。（附圖55）,用毫針直刺1.5寸，用提插捻轉手法行瀉法，留針30分鐘，每5分鐘運針1次，運針時囑患者按摩小腹或提肛，以引針氣。,三陰交為足太陰脾經穴，治療脾經之病證療效甚佳。亦為脾、肝、腎三條陰經的交會穴，脾主氣，肝主血，腎主生殖、發育和二陰，故針刺本穴能疏肝祛風、健脾益氣、補腎祛寒。本穴是治療消化系統病證和泌尿生殖系統病證的常用要穴。針刺本穴有行氣活血、通經化瘀、調整機體之效，本穴尤善調陰血，可使氣血下行。,,此為經絡配伍之特效對針。公孫為足太陰脾經的絡穴，別走足陽明胃經，脾經胃經相表裡，公孫為治療脾胃病之要穴。三陰交是治療消化系統病證和泌尿生殖系統病證之要穴。下腹部病變常為消化系統病證和泌尿生殖系統病證。公孫配三陰交是治療下腹部病證的特效對針，稱為“下腹二針”。,下腹二針,51
總綱,,8,提神二針,鼻翼穴,當鼻翼上端之溝陷中。(附圖 60),針刺深度2分。針入後囑患者每幾分鐘活動眼部提神，留針30分鐘，每隔10分鐘捻針1次，捻針時活動眼部提神。,（1）疲勞嗜睡者多為陽虛，本穴位於督脈循行線路上，在手足陽明經之間，能調節氣血，具有很好的溫陽作用。 （2）諸陽經皆上行於頭面部，鼻子在面部最為突出，為面部最高點，為陽中之陽，溫陽理氣作用甚強，治疲勞甚效。 （3）從面部太極全息觀之，鼻對應脾胃處，故鼻翼穴可理氣、健脾，可治療脾虛溼盛導致的睏乏症狀，本穴有消除疲勞之效。 （4）鼻翼穴與肺、脾、腎相應，故能調氣以治療氣虛、氣滯之證。由於脾主四肢，腎為作強之官，因此本穴還可以補腎、提神。,images/圖10-26_鼻翼穴.jpg,這是健脾與溫陽穴位組成的特效對針。疲乏嗜睡，睏倦無力，大多因陽氣不足或脾虛溼盛所致。針刺鼻翼可迅速振奮陽氣，針刺三叉三穴可脾腎雙補，兼升提肺氣，兩穴配伍不僅能緩解疲勞，還能迅速提神醒腦，稱為“嗜睡二針”，又稱“倦二針”。,提神二針,52
總綱,,8,提神二針,三叉三穴,在手背，第4、第5指指縫（歧骨）間陷中為液門穴，旁邊筋下骨旁為三叉三穴。（附圖61）,握拳取穴，避開可見淺靜脈，沿筋下貼骨間隙進針1~1.5寸，區域性可有酸、麻、重脹感，稍微活動眼部提神，留針30分鐘，每5~10分鐘捻針1次，捻針時活動眼部提神。,（1）根據太極對應，三叉三穴與五官的水平位置相對應，所以說三叉三是治療五官疾病的重要穴位。 （2）本穴在掌八卦位於坤卦位置，坤主脾，故本穴能補脾益氣祛溼，可以治療脾虛有溼導致的疲勞和嗜睡。 （3）本穴位於手背第4指與第5指間，但尤貼近第4指間。從骨下筋旁進針，即貼筋貼骨進針，故能肝腎並治。 （4）本穴若透過中白（中渚）、下白穴等穴，能健脾益氣。三叉三位於三焦經，透過三焦與腎通，故能補腎。 （5）本穴脾、肝、腎皆治，又能增加免疫功能，主治眼皮下垂、眼皮沉重、嗜睡等，是提神和治療疲勞的效穴。,,這是健脾與溫陽穴位組成的特效對針。疲乏嗜睡，睏倦無力，大多因陽氣不足或脾虛溼盛所致。針刺鼻翼可迅速振奮陽氣，針刺三叉三穴可脾腎雙補，兼升提肺氣，兩穴配伍不僅能緩解疲勞，還能迅速提神醒腦，稱為“嗜睡二針”，又稱“倦二針”。,提神二針,52
總綱,,9,疑難雜症二針 A,四花中穴,四花上穴直下4.5寸。四花上穴當外膝眼下方3寸，在脛骨前肌與趾長伸肌起始部之間。（附圖54）,三稜針點刺出血，但宜離脛骨稍遠（5分左右）。,"(1) 本穴為胃經腧穴, 在上巨虛 (大腸經下合穴) 與下巨虛 (小腸經下合穴) 之間, 又在小腿之中點, 不論穴性還是穴位, 皆在中央, 調理腸胃作用較強。三稜針點刺四花中穴能治療腸胃病, 如急性胃痛、急性胃腸炎、慢性胃病等。 (2) 本穴在小腿上, 調理脾胃作用甚強, 能令母實, 亦能生金, 還可治療肺病。胃與心包絡通, 故本穴治療心臟病甚效。三稜針點刺四花中能治療胸痛、心肌炎、心臟血管硬化、心臟停搏、哮喘、肺積水、肺結核、肺瘤、肺氣腫等病。 (3) 毫針刺本穴可治療肩胛痛、肘彎痛、食指痛、眼球痛等。",images/圖7-12_四花中穴.jpg,此為治痰及活血效穴配伍組成的對穴。中醫學認為“久病必有瘀，怪病必有痰”，逢久治不愈之疑難雜病，常因痰瘀交織，四花中穴、四花外穴並用刺血，是痰瘀並治之法，兩穴配合常能收到意外之效。,疑難雜症二針,53
總綱,,9,疑難雜症二針 A,四花外穴,在四花中穴向外橫開 1.5 寸。(附圖 54),用三稜針點刺出血。,（1）四花外穴距四花中穴 1.5 寸。約當豐隆穴旁，功同豐隆穴，本穴為胃經絡穴。因“痰會豐隆”，故本穴亦能清降痰濁。痰為水液消化障礙導致的病理產物，為致病的重要因素，針刺本穴可調理脾胃氣機，使氣行津布，中土得運則痰溼自化。凡與痰有關的病證，如嘔吐、咳嗽、哮喘、納呆、腫塊、麻木、半身不遂、頭痛、頭暈、心悸、神昏、癲狂、喉痺、喉暗等，刺本穴皆有效果，刺血治療效 果更佳。 （2）中醫學理論認為“久病必有瘀、難病必有瘀、怪病必有瘀”，又認為“久病必有痰、難病必有痰、怪病必有痰”。本穴接近豐隆穴，故針刺本穴能化痰。以三稜針在本穴處點刺出血，既能活血，又能痰瘀並治，專治各種疑難雜病，與四花中穴並用療效甚佳。 （3）本穴對於側身各種病變皆有特效。如上述之偏頭痛、耳痛、慢性鼻炎、肩臂痛、胸痛、脅肋痛、胸膜痛、坐骨神經痛、足跗痛等。此外在本穴附近點刺出血對高血壓、急性胃腸炎、哮喘等有均效果。 （4）刺血時不必拘於固定穴位，在四花外穴周圍上下2寸內之暗影或青筋處點刺出血即可見效。,images/圖7-17_四花外穴.jpg,此為治痰及活血效穴配伍組成的對穴。中醫學認為“久病必有瘀，怪病必有痰”，逢久治不愈之疑難雜病，常因痰瘀交織，四花中穴、四花外穴並用刺血，是痰瘀並治之法，兩穴配合常能收到意外之效。,疑難雜症二針,53
總綱,,10,疑難雜症二針 B,尺澤,在肘橫紋上，肱二頭肌腱橈側凹陷處。（附圖1）,手臂平伸，手掌向上，前臂略向上使肘屈，從肘窩橫紋之外側，試以大指按穴處，前臂稍屈時即有大筋凸起，筋外側有大靜脈一條，在靜脈外側凹陷處取穴。直刺，從掌側面向背側面刺入，深度3~5分，於周邊青筋或暗影處點刺出血效果更佳。,尺澤為手太陰肺經之合水穴，主治病證很多。,,"此為兩個合穴上下陰陽相配組成的對穴。尺澤刺血可治療咳嗽、氣喘、胸悶、胸痛、心臟病變、急性扁桃體炎、咽喉腫痛、鼻衄、肺結核、咯血、狂躁型精神病、高血壓、急性胃炎、急性胃腸炎、肩臂疼痛、手腕疼痛等。針刺尺澤能治療尿意頻數、風火牙痛、腎虛牙痛、半身不遂、肩關節周圍炎、肱骨外上髁炎、膝關節痛等，治療範圍遍及肺、心、胃、腎臟。委中能治療膀胱經所行之處的病證，包括後頭、頸部、背部、腰臀、後腿、腳踝、腳跟等都有效。毫針直刺和三稜針點刺出血皆有療效。 筆者按:《靈樞·順氣一日分為四時》中說:“經滿而血者病在胃,及以飲食不節得病者,取之於合,故命曰味主合,是謂五變也。”《靈樞·四時氣》中說:“病在腑取之合。”兩穴皆為合穴,皆適合點刺放血,古人用合穴刺血治療多種病證。尺澤為陰開,委中為陽開。許多雜病皆為陰陽不調之寒熱錯雜證,如霍亂吐瀉(寒熱錯雜)等。尺澤及委中刺血之血量應視病情而定,一般為1~5ml,血色濃黑者以轉紅為度。對於體質素虛、久病體衰、孕婦、貧血、虛脫、失血、易於出血的患者應慎用。",疑難雜症二針,53
總綱,,10,疑難雜症二針 B,委中,在膕橫紋中點，當股二頭肌腱與半腱肌肌腱的中間。（附圖52）,用三稜針點刺患側，如兩側鎖口療即刺兩側，使血自流或擠出血。,"(1) 委中為足太陽膀胱經之合穴, 足太陽膀胱經從頭至足, 膀胱經直行經脈夾行脊柱兩側, 直達腰部, 沿膂內深入內腔聯絡腎臟入膀胱, 復從腰部分出, 夾脊柱穿過臀部直下膕窩中。另一支經過肩胛夾脊柱下行過髀樞部, 沿大腿外側後緣下行, 與前支匯合於委中穴。委中穴位於兩條支脈的交合處, 有疏調經氣、強腰健膝的作用。故根據 “經脈所過, 主治所及” 的循經取穴規律, 本穴刺血能治療膀胱經所行之處的病證, 如後頭、頸部、背部、腰臀、後腿、腳踝、腳跟等處。毫針直刺或點刺出血皆可。 (2) 古醫書中有 “腰背委中求” 一句, 是指凡腰背部病證皆可取委中治療, 委 中是治療腰背痛的主穴。對於急性腰扭傷所致的腰痛，刺委中浮絡甚效。 (3) 委中穴是膀胱經之合穴, 是四總穴之一。委中穴, 又名郄中, 足太陽經為少氣多血之經, 本穴是刺血較為理想的穴位, 具有舒筋通絡、散瘀活血定痛、清熱解毒等作用, 點刺出血, 既能洩血分之熱邪, 清熱利溼除風疹, 又能疏洩陽邪火毒, 除血分積熱, 解毒祛瘀。楊繼洲用本穴治療丹毒、癰疽甚效。《醫宗金鑑》中指出本穴可治療流注。 （4）委中穴刺絡出血可疏通太陽經氣，洩臟腑裡熱，可治療傷暑、霍亂、吐瀉。 （5）此外，臨床上針刺委中還可以治療下肢痿弱、偏枯、酸楚、腫痛以及小腿拘急痙攣等病證。 （6）本穴能舒筋活血蠲痺痛。筆者常以委中刺血治坐骨神經痛、腰痛、項強、下肢風溼痛、痔瘡等。",,"此為兩個合穴上下陰陽相配組成的對穴。尺澤刺血可治療咳嗽、氣喘、胸悶、胸痛、心臟病變、急性扁桃體炎、咽喉腫痛、鼻衄、肺結核、咯血、狂躁型精神病、高血壓、急性胃炎、急性胃腸炎、肩臂疼痛、手腕疼痛等。針刺尺澤能治療尿意頻數、風火牙痛、腎虛牙痛、半身不遂、肩關節周圍炎、肱骨外上髁炎、膝關節痛等，治療範圍遍及肺、心、胃、腎臟。委中能治療膀胱經所行之處的病證，包括後頭、頸部、背部、腰臀、後腿、腳踝、腳跟等都有效。毫針直刺和三稜針點刺出血皆有療效。 筆者按:《靈樞·順氣一日分為四時》中說:“經滿而血者病在胃,及以飲食不節得病者,取之於合,故命曰味主合,是謂五變也。”《靈樞·四時氣》中說:“病在腑取之合。”兩穴皆為合穴,皆適合點刺放血,古人用合穴刺血治療多種病證。尺澤為陰開,委中為陽開。許多雜病皆為陰陽不調之寒熱錯雜證,如霍亂吐瀉(寒熱錯雜)等。尺澤及委中刺血之血量應視病情而定,一般為1~5ml,血色濃黑者以轉紅為度。對於體質素虛、久病體衰、孕婦、貧血、虛脫、失血、易於出血的患者應慎用。",疑難雜症二針,53
總綱,,11,解毒二針,分枝上穴,在肩峰突起後側直下腋縫中，當肩胛關節下1寸處是穴。（附圖34）,針刺深度 1~1.5 寸。,本穴穴名分枝，“分”與內分泌有關，董師認為本穴能治療藥物中毒（輕則可治，重則難醫）、蛇毒、蠍毒、蜈蚣毒、狐臭、口臭、糖尿病、瘋狗咬傷、小便痛、血淋、淋病、食物中毒、全身發癢、煤氣中毒、放射中毒等。筆者認為本穴還可治療小兒特應性皮炎以及化療、放療後遺症。,images/圖11-2_分枝上穴.jpg,此為兩個解毒效穴組成的特效對針。分枝下穴當肩貞穴旁，為小腸脈氣所發，有泌別清濁、利尿利溼之作用，還有疏利三焦，調整內分泌，增強免疫功能的作用。兩穴並用，治療食物中毒、藥物中毒及各種毒蟲咬傷有特殊作用。,解毒二針,57
總綱,,11,解毒二針,分枝下穴,當分枝上穴直下 1.5 寸再向內橫開 5 分處是穴。(附圖 34),針刺深度 0.5~1 寸。,分枝下穴當肩貞穴旁，為小腸脈氣所發，董師認為本穴有泌別清濁、利尿利溼之作用，還有疏利三焦，調整內分泌，增強免疫功能的作用。本穴作為解毒要穴，治療食物中毒、藥物中毒以及各種毒蟲咬傷都有特殊作用。治療病毒感染性疾病亦有作用，還可以治療癌症放療及化療後遺症。本穴在上臂下側肌肉豐厚處，太極全息對應猶如關元穴，兩穴作用亦有相近之處。本穴通常為分枝上穴之配針。,images/圖11-3_分枝下穴.jpg,此為兩個解毒效穴組成的特效對針。分枝下穴當肩貞穴旁，為小腸脈氣所發，有泌別清濁、利尿利溼之作用，還有疏利三焦，調整內分泌，增強免疫功能的作用。兩穴並用，治療食物中毒、藥物中毒及各種毒蟲咬傷有特殊作用。,解毒二針,57
內科,肺系,12,感冒二針,魚際,在手掌拇指本節（第1掌指關節）後凹陷處，約當第1掌骨中點橈側，赤白肉際處。（附圖1）,每次只取一側下針，每日1次或每次發作時針1次，可左右交替使用。針刺時針尖向掌心斜刺，深0.5~1寸。得氣（出現針感）後留針20~30分鐘。,"(1)“滎輸治外經”, 本穴為肺經滎穴, 能疏通肺經經氣, 調理肺氣, 起到解表宣肺的作用。尤善治外感病 (外感與肺關係密切), 如感冒、氣管炎、肺炎、急性扁桃體炎、喉痛等。 （2）本穴為肺經滎火穴，“滎主身熱”，本穴屬火，其雙向調節作用可清火熱治肺熱，亦可溫陽祛寒治肺寒。 （3）肺主表，火應心，心主汗，針刺本穴能止汗，也能發汗，這就等同於麻黃湯、大青龍湯、麻杏石甘湯，也有桂枝湯之意，本穴是治療感冒的要穴。",,這是“針方對應”與“五輸穴”配合發揮作用的一組特效對穴。筆者臨床治療感冒、發熱效果極為突出。三叉三穴與魚際穴都是筆者數十年來治療感冒的特效一針，也是退熱的有效針，兩穴配對治療感冒極為特效。學生、辦公室人員感冒，多見柴胡桂枝湯證。餐風飲露者感冒多為麻黃湯體質。少陰陽虛體質者感冒（老年人居多）多為麻附細辛湯體質。三叉三穴（液門穴）透中渚穴，針方對應等同於柴胡桂枝湯。魚際穴，針方對應等於同麻黃湯、大青龍湯、麻杏石甘湯。魚際穴、三叉三穴兩穴配對，有雙向調節作用，針方對應等同於柴胡桂枝湯、麻黃湯、大青龍湯、麻杏石甘湯等，威力甚大。三叉三穴深針可透手少陰經之少府穴，少府為手少陰心經之火穴，溫陽作用甚強，配魚際穴等同於麻附細辛湯之作用。,感冒,60
內科,肺系,12,感冒二針,三叉三穴,握拳，在手背第4、第5指縫接合處偏於第4指骨下筋旁。（附圖61）,握拳取穴，避開可見淺靜脈，用毫針沿掌骨間隙貼皮下刺入1寸左右，捻轉數次。,"(1) 本穴緊鄰液門穴, 液門為津液出入之門, 刺本穴能促使液出 (即發汗), 透過調整汗液可治療外感病。 （2）滎穴不屬於水就屬於火，善治寒熱之病，感冒即寒熱之病。本穴功同液門穴，液門穴屬三焦經滎穴，針刺本穴能增強免疫功能。針刺本穴當貼皮近針，以皮應肺療效更速。 （3）外感邪氣最易侵襲五官，症見鼻塞、流涕、喉痛等，本穴為治療五官病之要穴，故能治療感冒。 （4）滎穴的位置在井穴之後，主治次急之症，如感冒。本穴善治外感病，進針可透過三焦經之輸穴中渚，“滎輸主外經”，治療外感病如感冒、發熱等確實有效。 (5) 少陽經輸穴中渚為少陽三焦經穴, 等同於小柴胡湯。三叉三穴為治療表證要穴, 進針透過中渚, 即等同於柴胡桂枝湯, 兩穴配伍為治療外感病之特效對針。",,這是“針方對應”與“五輸穴”配合發揮作用的一組特效對穴。筆者臨床治療感冒、發熱效果極為突出。三叉三穴與魚際穴都是筆者數十年來治療感冒的特效一針，也是退熱的有效針，兩穴配對治療感冒極為特效。學生、辦公室人員感冒，多見柴胡桂枝湯證。餐風飲露者感冒多為麻黃湯體質。少陰陽虛體質者感冒（老年人居多）多為麻附細辛湯體質。三叉三穴（液門穴）透中渚穴，針方對應等同於柴胡桂枝湯。魚際穴，針方對應等於同麻黃湯、大青龍湯、麻杏石甘湯。魚際穴、三叉三穴兩穴配對，有雙向調節作用，針方對應等同於柴胡桂枝湯、麻黃湯、大青龍湯、麻杏石甘湯等，威力甚大。三叉三穴深針可透手少陰經之少府穴，少府為手少陰心經之火穴，溫陽作用甚強，配魚際穴等同於麻附細辛湯之作用。,感冒,60
內科,肺系,13,發熱二針,魚際,在手掌拇指本節（第1掌指關節）後凹陷處，約當第1掌骨中點橈側，赤白肉際處。（附圖1）,每次只取一側下針，每日1次或每次發作時針1次，可左右交替使用。針刺時針尖向掌心斜刺，深0.5~1寸。得氣（出現針感）後留針20~30分鐘。,（1）魚際穴為肺經滎穴，“滎主身熱”“滎輸主外經”，滎穴善治外感病及外感引發之病。 （2）滎主身熱，滎穴善清肺經火熱之證，針刺本穴對於風襲肺衛的發熱患者有直接退肺熱的作用。臨床上常用本穴治療熱邪蘊於肺經導致的咽喉腫痛及急性扁桃體炎等病。 （3）本穴屬火，可清火熱治肺炎，亦可溫陽祛寒治肺寒，有雙向調節之功。 （4）魚際穴為肺經滎火穴，肺主表，火應心，心主汗，有汗能止，無汗也能發，因此本穴善於退熱。,,這是兩個“五輸穴”五行配合發揮作用的一組特效對穴。筆者治療發熱常用三叉三穴配魚際穴，這是筆者的經驗。三叉三穴配魚際穴，不但可以治療感冒，還能治療發熱。三叉三穴與魚際穴皆為滎穴，滎主身熱，兩穴配伍退熱效果極佳，治療肺炎也有很好的療效。三叉三穴深針能透達心經滎穴少府穴，有雙滎穴（液門加少府）之作用，能加強退熱的作用。三叉三穴配魚際穴，稱為“退熱二針”。 治療發熱的對針有兩組：一組是三叉三穴配魚際穴；一組是三叉三穴配大白穴。,發燒,62
內科,肺系,13,發熱二針,三叉三穴,握拳，在手背第4、第5指縫接合處偏於第4指骨下筋旁。（附圖61）,握拳取穴，避開可見淺靜脈，用毫針沿掌骨間隙貼於皮下刺入1寸左右，捻轉數次。,（1）三叉三穴鄰近三焦經的滎穴液門穴，有液門穴之作用，善治發熱病證，因液門穴為滎穴，滎主身熱，屬水穴，故有退身熱解表的作用。 （2）三叉三穴主治同液門穴。手少陽三焦經為樞，“三焦者，決瀆之官，水道出焉”，液門穴為津液出入的門戶，針液門穴可以發汗。《針灸甲乙經》載治“熱病汗不出”，《備急千金方》提出液門穴治“熱病先不樂，頭痛面熱無汗”等，說明本穴同液門穴一樣都具有發汗解表、散風清熱的作用。,,這是兩個“五輸穴”五行配合發揮作用的一組特效對穴。筆者治療發熱常用三叉三穴配魚際穴，這是筆者的經驗。三叉三穴配魚際穴，不但可以治療感冒，還能治療發熱。三叉三穴與魚際穴皆為滎穴，滎主身熱，兩穴配伍退熱效果極佳，治療肺炎也有很好的療效。三叉三穴深針能透達心經滎穴少府穴，有雙滎穴（液門加少府）之作用，能加強退熱的作用。三叉三穴配魚際穴，稱為“退熱二針”。 治療發熱的對針有兩組：一組是三叉三穴配魚際穴；一組是三叉三穴配大白穴。,發燒,62
內科,肺系,14,咳嗽二針,水通穴,水通穴位於嘴角直下約5分處（水金穴位置則以水通穴為準，與嘴唇平行，內開約5分）。（附圖59）,針刺本穴時從水金穴進針，採用斜角約 $15^{\circ}$ 皮下針方式向顴骨方向進針，一般可針至 0.5 寸。一般而言，患者在此二穴附近經常出現烏青，若就發青處針之，效果尤佳。,（1）董氏奇穴水通穴位於面部太極全息倒象的支氣管區，有補腎納氣，肅降肺氣之功效，止咳平喘作用很好。 （2）本穴從皮下進針刺向兩腮方向，在面部太極全息為透過支氣管到肺，皮下針應肺可治肺病。 （3）以正象全息觀之，水通穴處在下焦，卦象為坎卦，應腎屬水，有補腎氣的功能。 （4）水通為手足陽明經所過之處，手陽明大腸經與肺經相表裡，足陽明經多氣多血，能調理氣血，足陽明經屬土，故水通有土水金三性。肺金主肅降，腎水主受納，胃土在中焦，共同完成呼吸功能。本穴理氣、調節呼吸效果甚好，勝過 其他十四經穴。,images/圖10-23_水通穴.jpg,這是太極全息、易卦及五行配合發揮組成的一組特效對針。筆者在臨床治療咳嗽、氣喘等病，常用本組對穴治療。 筆者按：治療咳嗽可以不論新病與久病，皆先針刺水通，水通配尺澤為“咳嗽二針”，也可以運用一日四時分刺法（詳見筆者拙作《楊維傑針灸五輸穴應用發揮》），不論新病與久病，均可以水通為主穴加一針作為對針，然後分刺肺經各穴。如在早晨，可針刺肺經滎穴魚際；在中午，可針刺肺經輸穴太淵；在傍晚，可針刺肺經合穴尺澤；在深夜，可針刺肺經井穴少商。通常新病咳嗽針一兩次即獲痊癒；久病咳嗽，僅針數次，即告痊癒，效果尤其顯著。,咳嗽,63
內科,肺系,14,咳嗽二針,尺澤,肘橫紋上，屈肘橫紋筋骨罅中，動脈應手。（附圖1）,屈肘，取雙側穴位。直刺0.5~1寸，得氣後施以提插捻轉手法，強刺激。留針30分鐘，留針期間每隔5分鐘捻轉行針1次，每日針刺1次。,（1）本穴是肺經合穴，《難經》曰：“合主逆氣而洩。”故尺澤能治療氣喘、咳嗽等肺氣逆病證。 （2）本穴是肺（金）經的水穴，金（肺）主肅降，水（腎）主受納，尺澤有水金兩性，針刺尺澤有金水相通的作用。,,這是太極全息、易卦及五行配合發揮組成的一組特效對針。筆者在臨床治療咳嗽、氣喘等病，常用本組對穴治療。 筆者按：治療咳嗽可以不論新病與久病，皆先針刺水通，水通配尺澤為“咳嗽二針”，也可以運用一日四時分刺法（詳見筆者拙作《楊維傑針灸五輸穴應用發揮》），不論新病與久病，均可以水通為主穴加一針作為對針，然後分刺肺經各穴。如在早晨，可針刺肺經滎穴魚際；在中午，可針刺肺經輸穴太淵；在傍晚，可針刺肺經合穴尺澤；在深夜，可針刺肺經井穴少商。通常新病咳嗽針一兩次即獲痊癒；久病咳嗽，僅針數次，即告痊癒，效果尤其顯著。,咳嗽,63
內科,肺系,15,氣喘二針,魚際,在手掌拇指本節（第1掌指關節）後凹陷處，約當第1掌骨中點橈側，赤白肉際處。（附圖1）,每次只取一側下針，每日1次或每次發作時針1次，可左右交替使用。針刺時針尖向掌心斜刺，深0.5~1寸。得氣（出現針感）後留針20~30分鐘。,"（1）魚際穴為肺經滎穴，能疏通肺經經氣，有解表宣肺、退熱止咳喘的作用。本穴屬火，魚際穴可清火熱治肺炎，亦可溫陽祛寒治肺寒，有雙向調節作用。本穴治肺炎、肺寒、咳嗽、氣喘、支氣管炎皆有效。 (2)本穴為肺經滎火穴，能強心(屬火)定喘(屬肺經)，是治療氣喘的首選穴，功能止咳平喘。 （3）本穴為肺經滎穴，“滎輸主外經”“滎主身熱”，故本穴善治外感病及外感引發的本經病。治療氣喘甚為有效，為治喘要穴。 （4）本穴在董氏奇穴中稱為土水穴，位於艮（土）、坎（水）卦位上，又在肺經上屬金性，土金水三性皆有，故肺、脾、腎皆可治，最善理氣，還能調氣，治咳嗽、氣喘皆有療效。 (5) 土水者, 胃中 (心下) 有水氣, 本穴針方對應等同於小青龍湯, 《傷寒論》中 “傷寒表不解, 心下有水氣, 乾嘔發熱而咳, 或渴, 或利, 或噎, 或小便不利,少腹滿, 或喘者, 小青龍湯主之”。小青龍湯為治療氣喘常用效方。 （6）針刺魚際穴有較好的即刻平喘效果，對哮喘急性期患者可縮短髮作時間，緩解哮喘症狀。40年來筆者運用魚際穴治療支氣管哮喘效果較好，臨床治療哮喘患者時經常針刺數分鐘後喘息就開始緩解，大多數患者反映針刺魚際穴後胸部緊憋感當即減輕，通氣逐漸暢快，於5分鐘內哮喘明顯緩解，20分鐘內喘息和肺部哮鳴音基本平息。",,這是太極全息、易卦、針方對應及五行配合發揮組成的一組特效對針。筆者總結多年臨床經驗，發現“魚際、水通”這組穴位，可作為治療咳嗽與哮喘的特效對針。此兩穴都有土金水之性，合用能宣肺定喘，順氣止咳。臨床上遇到腎不納氣之虛咳，或肺經氣逆、脾虛痰盛、肺經有熱等所致的咳嗽，均可應用。筆者曾治療一位大專聯考前夜發作哮喘的考生，筆者針刺魚際後5分鐘哮喘即緩解，考生第2天順利參加考試，多年來哮喘未再發作。另外在一架越洋飛機上治療一位氣喘急性發作者，筆者針刺魚際與水通穴後不到10分鐘即緩解。魚際與水通合用，稱之為“氣喘二針”。此外魚際與內關合用，也是治療氣喘的特效對針。,氣喘,64
內科,肺系,15,氣喘二針,水通穴,水通穴位於嘴角直下約5分處。（附圖59）,針刺本穴時從水金穴進針，採取斜角約 $15^{\circ}$ 皮下針方式向顴骨方向進針，一般可針至0.5寸。據筆者觀察，患者在此二穴附近皮膚經常出現烏青，若在此時針刺烏青處，效果較好。,（1）水通位於下巴坎卦部位，屬水。水通即本穴通於水（腎）之義，皮下進針以皮應肺治肺。 （2）董氏奇穴水金穴及水通穴位於面部太極全息倒象之支氣管及肺所在之處，治療咳嗽、哮喘效果很好。本穴補腎納氣、肅降肺氣之功甚於十四經穴。 （3）從全息正象觀之，本穴為下焦腎氣所在，故針刺本穴能補氣益腎。水金和水通，有金水相通之意，透刺兩穴能補肺補腎，使肺降腎納，共同完成呼吸功能。本穴理氣、調節呼吸效果較好。 （4）本穴為手足陽明經所過之處，足陽明經多氣多血，能調理氣血。大腸經與肺經相表裡，足陽明經（屬土）能補土生金，本穴有土水金三性，理氣作用較好，所以針刺本穴可以治療肺之咳喘。,images/圖10-23_水通穴.jpg,這是太極全息、易卦、針方對應及五行配合發揮組成的一組特效對針。筆者總結多年臨床經驗，發現“魚際、水通”這組穴位，可作為治療咳嗽與哮喘的特效對針。此兩穴都有土金水之性，合用能宣肺定喘，順氣止咳。臨床上遇到腎不納氣之虛咳，或肺經氣逆、脾虛痰盛、肺經有熱等所致的咳嗽，均可應用。筆者曾治療一位大專聯考前夜發作哮喘的考生，筆者針刺魚際後5分鐘哮喘即緩解，考生第2天順利參加考試，多年來哮喘未再發作。另外在一架越洋飛機上治療一位氣喘急性發作者，筆者針刺魚際與水通穴後不到10分鐘即緩解。魚際與水通合用，稱之為“氣喘二針”。此外魚際與內關合用，也是治療氣喘的特效對針。,氣喘,64
內科,肺系,16,咯血二針,孔最,在前臂掌面橈側，尺澤與太淵連線上，腕橫紋上7寸。（附圖1）,取雙側孔最穴，針8分深，針尖指向病所，以捻轉瀉法為主，得氣後留針30分鐘，間歇運針2次。,孔最是手太陰肺經郄穴，郄穴善治急證、血證，咯血病位在肺，針肺經郄穴孔最穴有效。《針灸資生經》中亦說：“孔最療唾血。”孔最能治療支氣管擴張引起的咯血。,,這是滎穴配合郄穴組成的對針。單穴治療咯血選肺經孔最、魚際穴為多。孔最是肺經郄穴，能治療急性出血疾患，魚際是肺經滎穴，有宣肺清熱之功，針刺兩穴既能止血，又能激發經絡之氣、通經活絡。兩穴配合發揮協同作用，治療支氣管擴張引起的咯血甚效。孔最配魚際稱為“咯血二針”。,咯血,66
內科,肺系,16,咯血二針,魚際,第1掌指關節後凹陷處，約當第1掌骨中點橈側，赤白肉際處。（附圖1）,取雙側魚際穴，針刺深度0.8~1寸，得氣後留針30分鐘，每5分鐘運針1次。,魚際穴為肺經滎穴，“滎主身熱”，魚際穴能宣肺清肺經火熱。咯血多因肺熱，所以魚際能清熱止咯血。《針灸甲乙經》中說：“唾血，時寒時熱，瀉魚際，補尺澤。”,,這是滎穴配合郄穴組成的對針。單穴治療咯血選肺經孔最、魚際穴為多。孔最是肺經郄穴，能治療急性出血疾患，魚際是肺經滎穴，有宣肺清熱之功，針刺兩穴既能止血，又能激發經絡之氣、通經活絡。兩穴配合發揮協同作用，治療支氣管擴張引起的咯血甚效。孔最配魚際稱為“咯血二針”。,咯血,66
內科,心系,17,高血壓二針,曲池,屈肘（肘關節屈曲 $90^{\circ}$ ），在肘橫紋橈側頭稍外方凹陷處取穴，當尺澤穴與肱骨外上髁之間的中點處。（附圖4）,針刺時緊靠肘關節骨邊緣處進針，針頭朝向對側少海穴，透針可達1.5~2寸深。,（1）曲池為手陽明大腸經的合穴。血壓高多為肝陽上亢或風熱上擾，氣血逆亂所致。針刺手陽明大腸經的合穴，能祛風平肝潛陽。 （2）陽明經多氣多血，曲池有通經、調氣血、清火之功效，針刺曲池穴能清陽明熱、瀉火，還能調和氣血，平逆降壓。 （3）《素問·刺法論篇》中說：“木欲降……當刺手太陰之所出，刺手陽明之所入。”少商與曲池分別是手太陰井穴與手陽明合穴。臨床上常針刺少商與曲池平肝陽、瀉肝火，早在《黃帝內經》時期就已經針刺曲池治療肝陽上亢之病，即今之高血壓病。 （4）臨床上，針刺曲池可以改善心臟和大腦的血液供應，明顯降低舒張壓和收縮壓，是治療高血壓病的特效一針。通常治療重度高血壓病患者針刺曲池再用瀉法可降低 $20\mathrm{mmHg}$ 的血壓，因此針刺曲池可用於急救。 （5）從三才對應來看，上焦部診治頭部及心肺疾病，曲池正位於上焦頂點，對應頭部，故可以治療頭部病變如眩暈等，確實有效。,,這是臟腑別通、三才、體應、針方對應及五輸穴應用配合發揮作用的一組特效對針。治療高血壓需要平肝潛陽，針刺曲池透過大腸經與肝經相通故能平肝潛陽。行間為肝經滎穴，也是肝之子穴，針刺行間能瀉肝火、平肝陽。兩穴合用，一穴手陽明經，一穴足厥陰經，一上一下，形成交濟之勢，故能平肝降壓，筆者臨床應用時效果較好，稱為“高血壓二針”。 筆者按：治療高血壓除針刺“高血壓二針”外，配合耳尖刺血療效更佳。耳尖刺血參考本書相關章節。,高血壓,67
內科,心系,17,高血壓二針,行間,本穴位於第1蹠骨與第2蹠骨之間，趾蹼緣後方赤白肉際處。（附圖31）,用毫針直刺1寸左右，一般用瀉法，以出現酸、麻、脹感為度，每5~10分鐘行手法1分鐘，留針1小時。每日或隔日1次。,"(1) 本穴為足厥陰肝經滎穴, 是肝之子穴, 故能瀉肝火, 如同龍膽瀉肝湯, 針刺本穴有降壓作用, 治肝陽上亢型高血壓有釜底抽薪之效。 （2）本穴旁邊有太沖脈經過，故針刺本穴有“以脈治脈”的作用，這也是本穴能夠調整血壓的原因。",,這是臟腑別通、三才、體應、針方對應及五輸穴應用配合發揮作用的一組特效對針。治療高血壓需要平肝潛陽，針刺曲池透過大腸經與肝經相通故能平肝潛陽。行間為肝經滎穴，也是肝之子穴，針刺行間能瀉肝火、平肝陽。兩穴合用，一穴手陽明經，一穴足厥陰經，一上一下，形成交濟之勢，故能平肝降壓，筆者臨床應用時效果較好，稱為“高血壓二針”。 筆者按：治療高血壓除針刺“高血壓二針”外，配合耳尖刺血療效更佳。耳尖刺血參考本書相關章節。,高血壓,67
內科,心系,18,高脂血症二針,豐隆,在外踝尖上8寸，小腿前外側。仰臥或正坐垂足，在外膝眼（犢鼻穴）下8寸處，即外踝最高處與外膝眼連線之中點，距脛骨前緣二橫指處。（附圖8）,毫針針刺法：用毫針垂直進針，從外向內刺，進針1~1.5寸深。待針刺得氣後，可略施提插手法，每次留針45分鐘，隔日針刺1次。刺血針法：用三稜針對準豐隆穴附近突出的血管，以點刺法輕輕地刺入1~2分，見血即止，每週1次。,"（1）豐隆穴是足陽明胃經的絡穴，別走於足太陰脾經，故可治療脾胃二經疾患。由於“脾為生痰之源”，針刺本穴可通調脾胃氣機，使氣行津布，中土得運，溼痰自化。 (2) 豐隆為 “痰會”, 又為足陽明胃經絡穴, 有化痰濁、疏通脾胃二經氣血、促進水液代謝的作用, 還能化瘀血、洩熱通腑。 （3）歷代醫家都認為本穴為治痰要穴。元代王國瑞在《玉龍歌》中說：“痰多宜向豐隆尋。”明代樓英在《醫學綱目》中指出：“風痰頭痛，豐隆五分，灸亦得。 諸痰為病，頭風喘嗽，一切痰飲，取豐隆、中脘。”",,這是特定穴“痰會”豐隆與胃經合穴足三里組成的對穴。中醫學認為高血脂多因痰濁瘀阻經絡，而“百病皆由痰作祟”，豐隆為“痰會”，為治痰之要穴，臨床上凡與痰有關的病證都可取豐隆穴。痰溼的產生主要責之於脾，脾失健運，溼聚成痰。足三里穴為足陽明經之合穴，有健脾和胃、除溼消滯的功效，能治療一切胃腸消化系統疾病，亦可治療痰濁瘀阻經絡導致的高脂血症。兩穴合用，療效頗佳，稱為“降血脂二針”。,高脂血症,68
內科,心系,18,高脂血症二針,足三里,在小腿前外側，當犢鼻下3寸，距脛骨前緣一橫指處。在外膝眼下3寸，脛骨外側約一橫指處。（附圖8）,取雙側穴位，用毫針直刺1.5~2寸，得氣後施以提插捻轉手法，使之出現酸、麻、重、脹之感，留針30分鐘，每日或隔日1次，療效更佳。,"（1）足三里是足陽明胃經的合穴，合穴能治療腑病，針刺足三里穴可疏通足陽明胃經的經氣，調節脾胃功能，對血脂有很好的調節作用。 (2) 足陽明胃經為多氣多血之經, 針刺本穴可疏通氣血。 （3）《行針指要歌》中雲：“或針痰，先針中脘、三里間。”也說明了足三里是治痰之要穴。",,這是特定穴“痰會”豐隆與胃經合穴足三里組成的對穴。中醫學認為高血脂多因痰濁瘀阻經絡，而“百病皆由痰作祟”，豐隆為“痰會”，為治痰之要穴，臨床上凡與痰有關的病證都可取豐隆穴。痰溼的產生主要責之於脾，脾失健運，溼聚成痰。足三里穴為足陽明經之合穴，有健脾和胃、除溼消滯的功效，能治療一切胃腸消化系統疾病，亦可治療痰濁瘀阻經絡導致的高脂血症。兩穴合用，療效頗佳，稱為“降血脂二針”。,高脂血症,68
內科,心系,19,心律失常二針,心常穴,在中指掌面第1節之中線外開2分處。（附圖37）,直刺，針刺深度 1~2 分。留針 30 分鐘，每隔 5 分鐘捻針半分鐘。,"（1）本穴位於中指，為手厥陰心包經循行所過之處，位置靠近心包經之滎穴（手指除指尖為井穴外，皆屬滎穴範圍）。手厥陰（屬火）之滎穴（屬火）為火經上的火穴，即所謂真五行之真火穴。又位於掌上八卦的離卦位，治療心陽不足或心氣虛衰者，甚為有效。 (2) 本穴名為心常, 顧名思義有治療心悸及心律不齊之功, 還能治療心跳過 速、心跳過慢。且本穴在心包經上，治心臟病確實有效。",images/圖1-13_心常穴.jpg,這是經絡、易卦及五輸穴配合發揮組成的一組特效對針。筆者曾在上課時治療一學員，該學員每日中午至下午時心跳加快，必須午睡，至下午4點才能來上課。筆者針其心常穴後，該學員能不需午休就來上課，直至六點課程結束。搭配同樣位於手厥陰心包經上的內關穴，可加強效果，不論是心動過速、過緩患者，還是心律不齊患者，都可應用。 筆者按：此外，心門配間使，亦為治療心律失常之有效對針。這是太極全息及經絡配合組成的特效對針。心門配間使之功效可參考筆者《楊維傑常見病特效一針療法》一書。,心律不整,69
內科,心系,19,心律失常二針,內關,本穴位於前臂掌側，在曲澤與大陵的連線上，腕橫紋上2寸，掌長肌腱與橈側腕屈肌腱之間。（附圖22）,仰掌取穴，取一側內關（男取左，女取右），用1.5寸長毫針直刺1寸左右。得氣後施以捻轉提插手法，強刺激。留針30分鐘，每隔5分鐘捻針半分鐘。,（1）內關穴為手厥陰心包脈經的絡穴，直通心臟，又是八脈交會穴之一，通於陰維脈，有寧心、安神、鎮痛的作用，還能調節氣血、疏通經絡。 （2）內關介於大陵（屬土）、間使（屬金）之間，有土金之性，理氣寬胸之效極好。 （3）針刺內關穴可改善心臟功能，治療心律失常效果較好。針刺內關穴對心動過速患者有減慢心跳的作用，對心動過緩患者有加速心跳的作用。,,這是經絡、易卦及五輸穴配合發揮組成的一組特效對針。筆者曾在上課時治療一學員，該學員每日中午至下午時心跳加快，必須午睡，至下午4點才能來上課。筆者針其心常穴後，該學員能不需午休就來上課，直至六點課程結束。搭配同樣位於手厥陰心包經上的內關穴，可加強效果，不論是心動過速、過緩患者，還是心律不齊患者，都可應用。 筆者按：此外，心門配間使，亦為治療心律失常之有效對針。這是太極全息及經絡配合組成的特效對針。心門配間使之功效可參考筆者《楊維傑常見病特效一針療法》一書。,心律不整,69
內科,心系,20,冠心病二針,內關,位於前臂掌側，在腕橫紋正中直上2寸，兩筋（掌長肌腱與橈側腕屈肌腱）之間。在前臂掌面的下段，當曲澤與大陵的連線上，大陵（腕橫紋）上2寸，約與外關相對。（附圖22）,舒腕仰掌取穴，雙側穴位。用毫針直刺或斜向上方刺1寸，快速捻轉1~2分鐘，當出現酸、麻、重、脹感覺，一般即覺胸悶、心悸等症狀有所減輕。留針20~30分鐘，每5分鐘行針1次。,（1）內關穴為手厥陰心包經之絡穴，是臨床常用的要穴之一。內關穴與“心”密切相關，從內關穴上行“繫於心包，絡心繫”。《靈樞·經脈》中說：“實則心痛，虛則煩心。” （2）內關穴又屬八脈交會穴之一，通於陰維脈，而“陰維有病，苦心痛”，本穴與“心”有特殊的關係，是治療心病的要穴。 （3）《備急千金要方》中說：“凡心實者，則心中暴痛；虛則心煩，惕然不能動，失智，內關主之。” (4)《四總穴歌》中有“胸膺內關謀”一句，因為內關介於大陵(屬土)、間使(屬金)之間，有土金之性，故能益氣強心、寬胸理氣解鬱。 （5）內關穴對心臟功能有明顯的特異性，針刺內關可以緩解心絞痛，還能加強心的代償潛力，改善冠心病患者胸悶、胸痛等症狀。本穴亦常用於治療心動過速、心動過緩、風溼性心臟病以及心臟神經症等。,,這是經絡、體應及五輸穴配合發揮組成的一組特效對針。冠狀動脈痙攣與筋膜有關，由於肝主筋膜，筋膜構成筋脈，肝陽不足，肝氣鬱滯或情志傷肝皆會造成筋膜攣急、心脈攣急。內關位於心包經，針刺內關直接作用於心臟，且內關位於兩筋之間，也有以筋治筋的作用，故針刺內關能治療心脈攣急。兩穴合用，有上下交濟之功，效果甚佳。 筆者按：此外，內關配足三里也是治療冠心病的特效對針。這是經絡、臟腑別通及五輸穴配合發揮組成的一組特效對針。足三里發揮之效能可參考筆者《楊維傑常見病特效一針療法》一書。,心臟病,70
內科,心系,20,冠心病二針,火主穴,在火硬穴上1寸。在第1蹠骨與第2蹠骨連線部直前方陷中取之，即在太沖穴後5分貼骨。火主穴位於肝經太沖穴後之骨陷中。（附圖51）,針刺深度 0.5~1 寸。快速捻轉 1~2 分鐘，當出現酸、麻、重、脹感覺，一般即覺胸悶、心悸等症狀有所減輕。留針 20~30 分鐘，每 5 分鐘行針 1 次。,（1）本穴名火主，即心主，能主控心臟。本穴穴下有太沖脈，針此有“以脈治脈”及“以脈治心”的作用，因此針刺本穴治療心血管疾病作用甚強，還能治療心臟停搏，有強心復甦之效。 （2）本穴位於足厥陰肝經，足厥陰肝經與手厥陰心包經相通，心主穴與太沖穴功效相似，太沖穴是足厥陰肝經的輸穴兼原穴，這是心主穴能強心的原因。 （3）中醫學把血管統稱為筋膜。《素問·痿論篇》中說：“肝主筋膜。”由於肝主筋膜，筋膜構成筋脈，肝與心關係密切，肝陽升發不足，肝氣鬱滯或情志傷肝都會造成筋膜攣急、心脈攣急。研究證明，冠狀動脈痙攣不但會引起心絞痛，還會造成急性心肌梗死、猝死。因此針刺位於肝經之火主，有急救的作用。,images/圖6-3_火主穴.jpg,這是經絡、體應及五輸穴配合發揮組成的一組特效對針。冠狀動脈痙攣與筋膜有關，由於肝主筋膜，筋膜構成筋脈，肝陽不足，肝氣鬱滯或情志傷肝皆會造成筋膜攣急、心脈攣急。內關位於心包經，針刺內關直接作用於心臟，且內關位於兩筋之間，也有以筋治筋的作用，故針刺內關能治療心脈攣急。兩穴合用，有上下交濟之功，效果甚佳。 筆者按：此外，內關配足三里也是治療冠心病的特效對針。這是經絡、臟腑別通及五輸穴配合發揮組成的一組特效對針。足三里發揮之效能可參考筆者《楊維傑常見病特效一針療法》一書。,心臟病,70
內科,心系,21,昏厥二針,人中,在人中溝上 1/3 與下 2/3 交點處。(附圖 5),用毫針從下向上斜刺3分，開始可強刺激。待血壓上升後逐漸延長捻針的間隔時間，血壓穩定後可出針。,"（1）人中之位置在鼻口之間，天（陽）氣通於鼻，地（陰）氣通於口，人中溝處為面部元氣中樞，故能交通陰陽之氣。 (2) 本穴在督脈, 總督周身陽氣, 又在手足陽明經交匯處, 針刺本穴能溝通陰陽, 還能調理氣血、通腦醒神、回陽開竅, 故治療昏迷急證有殊效。 （3）本穴是急救常用要穴。《肘後備急方》中雲：“爪刺人中良久，又針人中至齒，立起……扁鵲法，即趙太子之患。” (4) 針刺人中能改善心臟功能, 對於低血壓者有升高血壓的作用。",,這是經絡、太極元氣及特定穴配合發揮組成的一組特效對針。人中能溝通陰陽、調理氣血、通腦醒神。內關能理氣寧心、化痰降逆、舒暢氣血、平降厥逆。兩穴合用為急救要穴。對於腦溢血昏迷者，則當另外論治。 筆者按：此外，太沖穴配人中穴亦為治療昏迷的特效對針。太沖穴之效能可參考筆者《楊維傑常見病特效一針療法》一書。,昏厥,72
內科,心系,21,昏厥二針,內關,位於前臂掌側，在腕橫紋正中直上2寸，兩筋（掌長肌腱與橈側腕屈肌腱）之間。在前臂掌面的下段，當曲澤與大陵的連線上，大陵（腕橫紋）上2寸，約與外關相對。（附圖22）,仰掌取穴，可先取一側內關（男取左側，女取右側），用1.5寸長毫針直刺1寸左右。強刺激，持續行針至患者甦醒為度。若針刺3分鐘還未甦醒，加刺另一側內關，不留針。出針後囑患者仍平臥休息片刻。,（1）內關穴為心包經絡穴，別走三焦經絡，具有醒腦開竅、寧心安神、強心通脈、鎮靜止痛、解鬱寬胸、疏暢氣機、和中降逆等作用，主治病證很多。治療心血管病、消化系統病變、精神病、五臟氣血失調療效頗佳。治療一時性、廣泛性供血不足造成的短暫意識喪失昏厥者，針刺內關能增加血流量和血氧的供給，還能快速恢復患者意識。 （2）心肝兩經上達於腦，昏迷多因痰迷心包或肝氣厥逆，氣血逆亂所致。內關穴為手厥陰心包經之絡穴，功能理氣寧心、化痰降逆，又手足厥陰經與肝相通，故本穴還能疏暢氣血、平降衝逆，有強心及調整腦血流迴圈的作用，針刺內關穴可促使昏厥者即刻甦醒，恢復正常。,,這是經絡、太極元氣及特定穴配合發揮組成的一組特效對針。人中能溝通陰陽、調理氣血、通腦醒神。內關能理氣寧心、化痰降逆、舒暢氣血、平降厥逆。兩穴合用為急救要穴。對於腦溢血昏迷者，則當另外論治。 筆者按：此外，太沖穴配人中穴亦為治療昏迷的特效對針。太沖穴之效能可參考筆者《楊維傑常見病特效一針療法》一書。,昏厥,72
內科,心系,22,卒中後遺症（半身不遂）二針,靈骨穴,在手背拇指與食指叉骨間，第1掌骨與第2掌骨接合處，與重仙穴相通。（附圖42）,取穴時拳手，在拇指、食指叉骨間，第1掌骨與第2掌骨接合處，距大白穴1.2寸，與重仙穴相通。用1.5~2寸針，針刺深度可透過重仙穴。視病情及患者體能情況決定留針時間。,"（1）靈骨穴在手部拇指與食指兩指合縫處，在合谷之後，針刺時貼骨進針，進針可透過心包經至三焦經，即深入縱三焦，是一個整體治療的要穴。 （2）靈骨在大腸經上，大腸經為陽明經，多氣多血，調理氣血作用甚強，針刺本穴調氣、補氣、溫陽作用極強。 （3）中風多因肝陽上亢，與心（火）肝（木）兩經關係密切。靈骨在合谷（屬木）、陽溪（屬火）之間，有木火之性，功同奇穴木火穴，有調理腦部氣血之功，故能治療中風。 （4）本穴溫陽作用極強，治療半身不遂功同補陽還五湯、真武湯。 (5) 靈骨在大腸經屬 “金”, 且靈骨應腎、應 “水”, 有金水相通之意, 功能 理氣順氣，肺腎雙調。 （6）本穴貼骨進針亦通腎，因“大腸與肝通”，故本穴又能治療肝筋疾病，可謂筋骨皆治。因此本穴為治療半身不遂之特效穴。",images/圖2-11_靈骨穴.jpg,這是經絡、三才、五行、體應配合發揮的一組特效對針。靈骨、大白均在大腸經上（屬金），陽明經多氣多血，故此二穴調理氣血作用較強。靈骨在合谷（屬木）、陽溪（屬火）之間，在五行中有木火之性。大白穴穴性同三間屬木，木火二穴同用溫陽作用更強，二穴合用功同補陽還五湯、真武湯。筆者臨床治療數十例半身不遂患者，皆以靈骨、大白為對穴（針健側），效果非十四經正穴所能比擬，此二穴稱為“偏癱二針”。若再配風市或腎關，間以背部五嶺穴點刺，療效更佳。 筆者按：風市穴之效能可參考筆者《楊維傑常見病特效一針療法》一書。,中風後遺症,73
內科,心系,22,卒中後遺症（半身不遂）二針,大白穴,大白穴即大腸經之三間穴。（附圖2）,立掌，虎口向上，針刺1~1.5寸，緊貼骨緣下針。可視病情及患者體能狀況決定留針時間。,（1）大白穴同三間穴一樣屬木，故能祛風，又透過大腸經與肝經相通，貼骨進針通腎，本穴可謂肝腎並治，筋骨皆治。因此是治療半身不遂之要穴。 （2）本穴立拳進針，可透過縱三焦，穿越心包經、三焦經，抵達小腸經，為整體治療的要穴。,images/圖2-10_大白穴.jpg,這是經絡、三才、五行、體應配合發揮的一組特效對針。靈骨、大白均在大腸經上（屬金），陽明經多氣多血，故此二穴調理氣血作用較強。靈骨在合谷（屬木）、陽溪（屬火）之間，在五行中有木火之性。大白穴穴性同三間屬木，木火二穴同用溫陽作用更強，二穴合用功同補陽還五湯、真武湯。筆者臨床治療數十例半身不遂患者，皆以靈骨、大白為對穴（針健側），效果非十四經正穴所能比擬，此二穴稱為“偏癱二針”。若再配風市或腎關，間以背部五嶺穴點刺，療效更佳。 筆者按：風市穴之效能可參考筆者《楊維傑常見病特效一針療法》一書。,中風後遺症,73
內科,心系,23,眩暈二針,曲池,屈肘，肘橫紋外側端，當尺澤與肱骨外上髁連線中點。（附圖4）,針刺時，直刺1.5寸。針刺後令患者輕微活動頭部，幾分鐘內即可見效，留針30分鐘，每10分鐘捻針1次，並輕微活動頭部。,"（1）頭暈在中醫學中謂之肝風，《黃帝內經》中有“諸風掉眩，皆屬於肝”。曲池為大腸經合穴，透過大腸經與肝經相通，治療頭暈甚效。 (2) 曲池在手陽明經, 陽明經多氣多血, 調理氣血作用極強。針刺曲池對肝 陽上亢、肝血不足導致的頭暈症狀，皆極有效。 （3）從太極全息來說，曲池穴恰好位於上臂三才的起點，即頭點，對應頭部，所以說曲池穴能治療頭部疾病。 (4) 本穴為十三鬼穴之一, 有鎮定作用, 還能治百邪, 如癲狂、高血壓等, 並有安眠作用。 (5) 由於本穴是手陽明經的穴位, 手足陽明經相通, 故能治療梅尼埃病。",,這是臟腑別通、同名經相通、五輸穴、三才綜合應用組成的特效對穴。頭暈，在中醫學中一般與“風”有關。《黃帝內經》中曰：“諸風掉眩，皆屬於肝。”大腸經之曲池、三間、靈骨等穴，治療頭暈皆有效。但筆者發現“內關配曲池”組成的這組對針，治療眩暈療效最佳，稱為“暈二針”。 曲池配內關，治療嚴重頭暈且伴有噁心嘔吐的病證，如梅尼埃病，頗為有效。梅尼埃病以頭暈為主症，暈得厲害時就天旋地轉，伴有噁心嘔吐。筆者數十年來以內關配曲池治療十餘例梅尼埃病患者，均能立刻見效。患者因眩暈嘔吐或欲嘔就診，就診時皆由旁人扶持而來，在筆者針刺治療後立刻輕鬆，能自行快樂回家。,眩暈,74
內科,心系,23,眩暈二針,內關,本穴在前臂掌側，曲澤與大陵的連線處，距腕橫紋2寸，掌長肌腱與橈側腕屈肌腱之間。與外關穴相對。（附圖22）,針刺時，仰掌取穴，用 1.5 寸毫針直刺 1 寸左右。得氣後施以捻轉提插手法，中等刺激，捻針時囑患者輕輕活動頭部。留針 30 分鐘，每隔 10 分鐘捻針 1 次。,（1）內關穴在手厥陰心包經，心包經與肝經相通，所以內關穴能治療肝經頭暈之病。 （2）內關穴為心包經絡穴，功能益氣化痰活血，治療痰瘀導致的頭暈療效較好。 （3）內關穴透過心包與胃臟腑別通，故內關穴還能治療胃經病變。筆者臨床用本穴治療嘔吐、眩暈甚效。,,這是臟腑別通、同名經相通、五輸穴、三才綜合應用組成的特效對穴。頭暈，在中醫學中一般與“風”有關。《黃帝內經》中曰：“諸風掉眩，皆屬於肝。”大腸經之曲池、三間、靈骨等穴，治療頭暈皆有效。但筆者發現“內關配曲池”組成的這組對針，治療眩暈療效最佳，稱為“暈二針”。 曲池配內關，治療嚴重頭暈且伴有噁心嘔吐的病證，如梅尼埃病，頗為有效。梅尼埃病以頭暈為主症，暈得厲害時就天旋地轉，伴有噁心嘔吐。筆者數十年來以內關配曲池治療十餘例梅尼埃病患者，均能立刻見效。患者因眩暈嘔吐或欲嘔就診，就診時皆由旁人扶持而來，在筆者針刺治療後立刻輕鬆，能自行快樂回家。,眩暈,74
內科,心系,24,失眠二針,間谷穴,間谷穴位於大白與合谷穴之間，也就是位於三間與合谷中間。（附圖2）,針刺深度 0.5~1 寸，得氣後留針 30 分鐘，每間隔 10 分鐘捻針 1 次。,失眠時常常會伴有心煩、胸悶、煩躁不安，根據太極全息對應來看，間谷穴（介於大白與合谷中間）對應心胸部位，針刺本穴治療心胸部位病證甚效。,,這是太極全息對應、臟腑別通（膽與心通）、肝經與膽經相表裡組成的一組特效對穴。失眠的時候，心胸間常常會很煩躁，間谷穴從太極全息對應來看和心胸部位對應。失眠與心火旺、痰熱、肝火旺有關，風市皆能治之。間谷穴與風市合用治療失眠甚效，稱為“失眠二針”，簡稱“眠二針”。 筆者按：此外在耳尖點刺瀉血治療失眠也甚效，甚至不用再複診，治療當晚就可以睡得很好，耳尖點刺瀉血有交通心腎、活血化瘀、清肝膽火、鎮定祛風等作用。中醫學認為重症失眠多因心腎不交，心腎皆開竅於耳，因此點刺耳尖瀉血能交通心腎。少陽經也繞耳入耳，在耳尖刺血等同於柴胡疏肝湯，耳尖刺血有活血化瘀、鎮定祛風（可取代風市之作用）、交通心腎的作用，心、腎、膽皆可治，所以說耳尖是治療失眠最特效的穴位。,失眠,75
內科,心系,24,失眠二針,風市,在大腿外側部的中線上，當膕橫紋上7寸。（附圖28）,針刺時，針刺深度1~2寸。得氣後留針30分鐘，每間隔10分鐘捻針1次。,"（1）風市，顧名思義為風聚集之所，為鎮定治風的要穴。治療神經系統病變皆有療效。 (2) 風市位於膽經, “心與膽通”, 故本穴能安神, 可治療心火旺及痰熱擾心病證。 （3）肝經、膽經相表裡，故風市可治療肝火旺盛導致的失眠，風市治療失眠甚效。 （4）風市鎮靜止痛的作用很強，神經衰弱且伴有不易入眠者適合選用風市治之。",,這是太極全息對應、臟腑別通（膽與心通）、肝經與膽經相表裡組成的一組特效對穴。失眠的時候，心胸間常常會很煩躁，間谷穴從太極全息對應來看和心胸部位對應。失眠與心火旺、痰熱、肝火旺有關，風市皆能治之。間谷穴與風市合用治療失眠甚效，稱為“失眠二針”，簡稱“眠二針”。 筆者按：此外在耳尖點刺瀉血治療失眠也甚效，甚至不用再複診，治療當晚就可以睡得很好，耳尖點刺瀉血有交通心腎、活血化瘀、清肝膽火、鎮定祛風等作用。中醫學認為重症失眠多因心腎不交，心腎皆開竅於耳，因此點刺耳尖瀉血能交通心腎。少陽經也繞耳入耳，在耳尖刺血等同於柴胡疏肝湯，耳尖刺血有活血化瘀、鎮定祛風（可取代風市之作用）、交通心腎的作用，心、腎、膽皆可治，所以說耳尖是治療失眠最特效的穴位。,失眠,75
內科,心系,25,疲倦嗜睡（發作性睡病）二針,鼻翼穴,在鼻翼上端之溝陷中。(附圖 60),從鼻翼中央上端之溝陷尾端刺入。採用提捏進針法，向鼻尖方向刺入 2~3分深，小幅度左右捻轉，出現針感後留針。留針30分鐘，每隔10分鐘小幅度左右捻針1次。,"（1）疲勞嗜睡者多為陽虛，鼻子在面部最為突出，為陽中之陽，有很強的溫陽作用，針刺本穴治療嗜睡甚效。 (2) 本穴位於督脈與手足陽明經之間, 督脈溫陽, 陽明經多氣多血, 所以說本穴溫陽及調理氣血的作用均較佳。 （3）從面部太極全息觀之，鼻對應脾胃處，故鼻翼穴可理氣、健脾，對於脾虛溼盛導致的睏乏也有效。",images/圖10-26_鼻翼穴.jpg,這是健脾穴與溫陽穴組成的一組對穴。疲乏嗜睡者大多為陽氣不足或脾虛溼盛所致。針刺三叉三穴可脾腎雙補，兼升提肺氣，再針刺鼻翼穴迅速振奮陽氣，兩穴合用，不僅有緩解疲勞的作用，還能迅速提神醒腦，稱為“嗜睡二針”，簡稱“倦二針”。,"疲倦嗜睡,發作性睡病",76
內科,心系,25,疲倦嗜睡（發作性睡病）二針,三叉三穴,握拳，在手背第4、第5指縫接合處偏於第4指骨下筋旁。（附圖61）,握拳取穴，避開可見淺靜脈，用毫針沿掌骨間隙貼皮下刺入1寸左右，捻轉數次。區域性可有酸、脹、麻、觸電感，並向指和臂肘放射。留針30分鐘，每5~10分鐘捻針1次。,（1）本穴位於手背第4、第5指縫間，但貼近第4指骨。從骨下筋旁進針，即貼筋、貼骨進針，能肝腎並治。 （2）本穴透過中白（中渚）、下白穴等穴位，功能健脾益氣。三叉三穴位於三焦經，透過腎與三焦相通，也能補腎。 （3）本穴在掌八卦中位於“坤卦”位置，坤主脾，所以能補脾益氣祛溼，可以治療脾虛有溼導致的疲勞、嗜睡。 （4）針刺本穴能脾、肝、腎皆治，又能增加免疫功能，治療眼皮下垂、眼皮沉重、重症肌無力等頗有效。,,這是健脾穴與溫陽穴組成的一組對穴。疲乏嗜睡者大多為陽氣不足或脾虛溼盛所致。針刺三叉三穴可脾腎雙補，兼升提肺氣，再針刺鼻翼穴迅速振奮陽氣，兩穴合用，不僅有緩解疲勞的作用，還能迅速提神醒腦，稱為“嗜睡二針”，簡稱“倦二針”。,"疲倦嗜睡,發作性睡病",76
內科,心系,26,癔症二針,後溪,在手掌尺側，微握拳，在第5掌指關節後的遠側掌橫紋頭赤白肉際處。（附圖12）,針刺時，用毫針刺入，針尖朝向掌心，捻轉進針5分深。得氣後施以大幅度提插捻轉，強刺激，留針20~30分鐘。每5~10分鐘提插捻轉1次。,（1）後溪穴是手太陽經之輸穴，又是八脈交會穴之一，通於督脈，督脈上行入腦，腦為元神之府，故針刺後溪穴有醒腦清神之功。可用來治療精神方面的疾病（《針灸大成·蘭江賦》），筆者在臨床上常針刺後溪治療癔症、癲癇、中風不語等疾患。 （2）後溪穴為小腸經穴，心經與小腸經相表裡，兩經都屬火，故本穴能清心瀉火安神志。 （3）督脈與肝經交會於顛頂，後溪穴通於督脈能聯絡肝經，屬於輸木穴，亦能疏肝氣，所以說治療癔症有特效。,,這是經絡配合特定鎮定要穴組成的一組對針。後溪穴為八脈交會穴通於督脈，督脈並於脊裡入於腦，針刺後溪穴可調節大腦的功能活動，後溪穴是輸木穴，能疏肝氣，故治癔症有效。間使為手厥陰心包經之經穴，為十三鬼穴之一，素為鎮定神志要穴，間使還是“經金穴”，屬金，理氣化痰作用較好，亦可治療痰迷心竅導致的神志病變。此兩穴合用，治療癔症甚效。,癔症,78
內科,心系,26,癔症二針,間使,在內關穴上1寸，兩筋之間。（附圖22）,針刺時，用毫針直刺1寸深，強刺激，提插行針30秒，行先瀉後補手法。留針20~30分鐘，每10分鐘提插捻轉1次。,(1) 間使為手厥陰心包經之經穴，為十三鬼穴之一，是鎮定神志的要穴。 （2）癔症是一種常見的神經官能症，多因精神因素等造成臟腑陰陽氣機逆亂，其症狀如同中鬼邪。《肘後歌》中說：“狂言盜汗如見鬼，惺惺間始便下針。”《靈光賦》中說：“水溝間使治邪癲。”《長桑君天星秘訣歌》中說：“如中鬼邪先刺間使。”這些古書中都指出間使能治療癔症。 （3）間使為心包經之“經金穴”，具有理氣化痰、寧心安神之功，臨床常用於治療心血瘀阻、心神不寧、痰迷心竅導致的神志病變。故治療癔症甚效。,,這是經絡配合特定鎮定要穴組成的一組對針。後溪穴為八脈交會穴通於督脈，督脈並於脊裡入於腦，針刺後溪穴可調節大腦的功能活動，後溪穴是輸木穴，能疏肝氣，故治癔症有效。間使為手厥陰心包經之經穴，為十三鬼穴之一，素為鎮定神志要穴，間使還是“經金穴”，屬金，理氣化痰作用較好，亦可治療痰迷心竅導致的神志病變。此兩穴合用，治療癔症甚效。,癔症,78
內科,心系,27,癲癇二針,後溪,在手掌尺側，微握拳，在第5掌指關節後的遠側掌橫紋頭赤白肉際處。（附圖12）,用毫針直刺，產生針感後，緊提慢按，加重針感，急速出針。每日針刺1次。,（1）督脈入於腦，後溪通於督脈，針刺後溪可治療多種神志病，常用於治療癲癇。 （2）後溪為八脈交會穴之一，與陽蹺脈、申脈穴交會，通於督脈。王叔和說“癲癇病證，不知所苦，兩蹺之下”。後溪為治療癇證的要穴。 （3）後溪自古以來就常用於治療癲癇。《蘭江賦》中說：“後溪專治督脈病，癲狂此穴治還輕。”《勝玉歌》中說：“後溪鳩尾及神門，治療五癇立便痊。”《通玄指要賦》中說：“癇發癲狂兮，憑後溪而療理。”《醫宗金鑑》中說：“後溪能治諸瘧疾，能令癲癇漸漸輕。”,,這是特定穴（八脈交會穴、十三鬼穴）配合應用組成的對穴。後溪通於督脈，督脈通於腦，故後溪能治療多種神志病變，間使穴為十三鬼穴之一，鎮定作用極強。兩穴自古以來就常用於治療癲癇，合用則效果加倍，稱為“癲癇二針”。 筆者按：①針刺間使配合人中穴治療癲癇效果較佳。人中穴之效能可參考筆者《楊維傑常見病特效一針療法》一書。②後溪穴配合申脈穴亦為治療癲癇的常用特效對穴。申脈穴之效能可參考筆者《楊維傑常見病特效一針療法》一書。,癲癇,79
內科,心系,27,癲癇二針,間使,在內關穴上1寸，掌上肌腱與橈側腕屈肌腱之間。在大陵穴上3寸，當前臂掌側面上3/4與下1/4交界處。（附圖22）,直刺，從掌側面向背側面刺入。針刺深度 5~8 分。,"(1) 本穴為手厥陰心包經之經穴, 為十三鬼穴之一, 鎮定作用極強, 具有通暢心絡、寧心安神的功效。臨床常用於治療心血瘀阻、心神不寧所致的病證, 如心悸、心痛、癲狂、癔症、痛證等。 （2）本穴自古以來就常用來治療癲癇。《靈光賦》中說：“水溝、間使治邪癲。”《肘後歌》中說：“狂言盜汗如見鬼，惺惺間使便下針。”《雜病穴法歌》中說：“人中、 間使去癲妖。”本穴常用於治療癲癇，應用時配合人中穴針刺效果尤佳。",,這是特定穴（八脈交會穴、十三鬼穴）配合應用組成的對穴。後溪通於督脈，督脈通於腦，故後溪能治療多種神志病變，間使穴為十三鬼穴之一，鎮定作用極強。兩穴自古以來就常用於治療癲癇，合用則效果加倍，稱為“癲癇二針”。 筆者按：①針刺間使配合人中穴治療癲癇效果較佳。人中穴之效能可參考筆者《楊維傑常見病特效一針療法》一書。②後溪穴配合申脈穴亦為治療癲癇的常用特效對穴。申脈穴之效能可參考筆者《楊維傑常見病特效一針療法》一書。,癲癇,79
內科,胃腸系,28,膈肌痙攣（頑固性呃逆）二針,間使,前臂掌側，腕橫紋上3寸，當掌長肌腱與橈側腕屈肌腱之間。（附圖22）,毫針針刺法，間使穴男取左側，女取右側，病情嚴重者取雙側，捻針得氣後留針30分鐘，每隔10分鐘捻針1次。,(1) 呃逆主要因胃氣上逆動膈所致。間使穴是手厥陰心包經穴，其循行“下膈，歷絡三焦”，故能疏導三焦之氣，還能行氣散滯，長於寬胸利膈。 （2）間使為手厥陰心包經之經穴，心包與胃臟腑別通，故針刺心包經經穴可以治療胃病。 （3）呃逆為有聲音之病，所謂“病變於音者取之經”，經穴屬金，金與發聲有密切關係。間使穴為心包經之經金穴，因此善於治療胃經病變如呃逆，效果較好。多數患者針1次即可止呃，少數患者需針2次。,,這是臟腑別通、太極全息對應組合而成的特效對穴。呃逆與胃氣相關，選穴多取胃經穴位。心包與胃臟腑別通，間使穴為心包經之經金穴，病變於音者取經穴，呃逆患者首選間使穴。從頭面部太極正象可知眉為上、中焦分界，等同於橫膈，因此攢竹穴能治療呃逆。兩穴合用，療效甚速，稱為“呃逆二針”。 筆者按：①人中穴配攢竹穴亦為治療膈肌痙攣之特效對針。人中穴之效能可參考筆者《楊維傑常見病特效一針療法》一書。②按壓翳風，翳風穴位於耳垂根後方陷中。在乳突前下方凹陷處，與耳垂平齊，張口取之。重按翳風穴，以痠痛為度，按壓時囑患者先大力吸氣，然後儘量憋氣，每次按1分鐘左右，若重按1次無效，可連續重按幾次。筆者臨床用此穴治療呃逆效果較好，對於呃逆初起者效果尤佳。治療時囑呃逆患者閉氣屏息，按壓翳風穴1~2分鐘即可見效，筆者30多年來用此穴已治癒多例呃逆患者。,"膈肌痙攣,頑固性呃逆",80
內科,胃腸系,28,膈肌痙攣（頑固性呃逆）二針,攢竹,在眉頭內側凹陷處。位於眉毛的內側端，當眉頭陷中，眉眶上切跡處。（附圖14）,患者取坐位或仰靠位，醫者兩手拇指重按患者面部攢竹穴，由輕到重，持續按壓 3~5 分鐘。在按壓時，囑患者先大力吸氣，然後儘量憋氣 1 分鐘，其呃自止。,（1）攢竹穴位於眉旁。從頭面部太極正象可知眉為上、中焦分界，等同於橫膈，因此針刺攢竹穴能治呃逆。 （2）攢竹穴為足太陽膀胱經穴，由於膀胱經與腎經相表裡，所以本穴對腎氣失於攝納，引動逆氣上乘，夾胃氣攻膈導致呃逆者有效。,,這是臟腑別通、太極全息對應組合而成的特效對穴。呃逆與胃氣相關，選穴多取胃經穴位。心包與胃臟腑別通，間使穴為心包經之經金穴，病變於音者取經穴，呃逆患者首選間使穴。從頭面部太極正象可知眉為上、中焦分界，等同於橫膈，因此攢竹穴能治療呃逆。兩穴合用，療效甚速，稱為“呃逆二針”。 筆者按：①人中穴配攢竹穴亦為治療膈肌痙攣之特效對針。人中穴之效能可參考筆者《楊維傑常見病特效一針療法》一書。②按壓翳風，翳風穴位於耳垂根後方陷中。在乳突前下方凹陷處，與耳垂平齊，張口取之。重按翳風穴，以痠痛為度，按壓時囑患者先大力吸氣，然後儘量憋氣，每次按1分鐘左右，若重按1次無效，可連續重按幾次。筆者臨床用此穴治療呃逆效果較好，對於呃逆初起者效果尤佳。治療時囑呃逆患者閉氣屏息，按壓翳風穴1~2分鐘即可見效，筆者30多年來用此穴已治癒多例呃逆患者。,"膈肌痙攣,頑固性呃逆",80
內科,胃腸系,29,嘔吐二針,內關,在前臂內側，腕橫紋正中直上2寸，兩筋之間。（附圖22）,囑患者於飯後，未出現嘔吐症狀前，立即舒腕仰掌取穴，取雙側穴位。用毫針快速刺入，直刺約1寸，得氣後施以提插捻轉手法，強刺激。在提插過程中，囑患者深呼吸2~3次。留針30分鐘，每5~10分鐘重複上述手法1次。嘔吐嚴重者可每日早、晚飯後各針1次。,（1）內關穴是手厥陰心包經之絡穴，別走手少陽三焦經，有活血通絡、安神鎮痛、寬胸理氣、清肝解鬱、和胃寧心、降逆止嘔的作用，能治療三焦胸腹諸疾， 還有調整腸胃功能的作用。 （2）內關穴透過手足同名經與肝經相通，有同氣相求的作用，具有調和脾胃、疏肝理氣、和中降逆止嘔等功效。臨床上常用本穴治療急慢性胃炎、嘔吐、呃逆、胃痙攣、膽絞痛、急腹痛等疾患。內關穴有良好的雙向調節作用，既能止吐，又能催吐。 （3）心包與胃臟腑別通，因此內關穴能和胃益中，刺之能使中焦氣機升降正常，施針後一般見效很快。針刺本穴治療各種原因導致的嘔吐效果顯著，可即刻緩解症狀。,,此為臟腑別通及前後對應組成的特效對針。內關穴屬於手厥陰心包經之絡穴，心包與胃臟腑別通，因此內關穴有和胃益中的作用，治嘔吐甚效。總樞基於前後對應原則，能治療口喉病證。兩穴合用治療嘔吐甚效，稱為“嘔吐二針”。 筆者按：治療嘔吐還有兩組對穴，療效亦甚佳：①內關配中魁。②內關配中脘。中魁及中脘之效能可參考筆者《楊維傑常見病特效一針療法》一書。,嘔吐,81
內科,胃腸系,29,嘔吐二針,總樞穴,在頭部入髮際8分，在枕骨和第1頸椎之間。（附圖60）,針刺深度 3~5 分，用三稜針較毫針安全且有效。針刺時用手將本穴處肌肉捏起，然後刺之。筆者臨床治療嘔吐患者多用採血針刺之，既簡單，又安全，而且有效。,"（1）本穴入髮際8分，介於督脈風府穴與啞門之間。基於前後對應原則，所以本穴能治療嘔吐、發言無聲等口喉病。 (2) 治療嘔吐用三稜針點刺確有特效, 本穴治療梅尼埃病之嘔吐尤為特效。",images/圖10-11_總樞穴.jpg,此為臟腑別通及前後對應組成的特效對針。內關穴屬於手厥陰心包經之絡穴，心包與胃臟腑別通，因此內關穴有和胃益中的作用，治嘔吐甚效。總樞基於前後對應原則，能治療口喉病證。兩穴合用治療嘔吐甚效，稱為“嘔吐二針”。 筆者按：治療嘔吐還有兩組對穴，療效亦甚佳：①內關配中魁。②內關配中脘。中魁及中脘之效能可參考筆者《楊維傑常見病特效一針療法》一書。,嘔吐,81
內科,胃腸系,30,便秘二針,支溝,位於手背腕橫紋上3寸，尺骨與橈骨之間。（附圖24）,用毫針直刺1寸，或略向上斜刺1.5寸，得氣後有酸、麻、脹感，適當運用提插捻轉手法，中刺激。一般留針30分鐘，每隔10分鐘運針1次。,"（1）支溝穴屬於手少陽三焦經之經穴，有宣通氣機的作用，針刺支溝穴，可使三焦氣機暢通，津液自下，胃氣和而腸腑自調，針之猶如小柴胡湯，故能治療便秘。 (2) 支溝穴在中太極全息對應肛門處, 這亦是本穴治療便秘有效的原因。 （3）本穴素為治腹痛、便秘之要穴，《醫宗金鑑》《雜病穴法歌》《玉龍賦》《勝玉歌》中均記載了支溝穴能通大便。支溝穴治療急性便秘有效，還可用於治療習慣性便秘。針刺時可配合照海、足三里、天樞等穴，效果更佳。",,此為太極全息、針方對應、藏象功能組成的特效對針。針刺支溝可使三焦氣機得通，津液自下；照海能滋陰，且屬於腎經，腎主二陰。支溝與照海組成對針一起使用，治療便秘效果很好。支溝位於手少陽三焦經，照海是足少陰腎經，此二穴組合，一陰一陽，一手一足，一上一下，且少陰經、少陽經皆屬於開闔樞的“樞”，與樞機升降及陰陽開闔之調節密切相關。 筆者按：對於老年體弱、脾胃陰虛的便秘患者，在針刺上述對穴後，可在天樞穴上施以艾灸，或是溫針加灸，療效尤佳。天樞穴之效能可參考筆者《楊維傑常見病特效一針療法》一書。,便秘,82
內科,胃腸系,30,便秘二針,照海,足內踝下4分，前後有筋，上有踝骨，下有軟骨，穴居其中。在內踝正下端與距骨關節之間。（附圖19）,用毫針直刺，或略向上斜刺0.5寸，針刺得氣後有酸、麻、脹感，適當運用提插捻轉手法，中刺激。一般留針30分鐘，每隔10分鐘運針1次。,"(1) 照海穴為足少陰腎經穴位, 又是八脈交會穴之一, 為陰蹺脈所生之處, 有滋陰的作用。慢性便秘多因陰虛或血虛造成, 照海有滋陰生津利氣的作用, 因而是治療慢性便秘的有效穴位。 （2）本穴自古以來就常用於治療便秘。《玉龍歌》中說：“大便秘結不能通，照海分明在足中，更把支溝來瀉動，方知妙穴有神功。”《玉龍賦》中說：“照海、支溝通大便之秘。”本穴宜配支溝應用。",,此為太極全息、針方對應、藏象功能組成的特效對針。針刺支溝可使三焦氣機得通，津液自下；照海能滋陰，且屬於腎經，腎主二陰。支溝與照海組成對針一起使用，治療便秘效果很好。支溝位於手少陽三焦經，照海是足少陰腎經，此二穴組合，一陰一陽，一手一足，一上一下，且少陰經、少陽經皆屬於開闔樞的“樞”，與樞機升降及陰陽開闔之調節密切相關。 筆者按：對於老年體弱、脾胃陰虛的便秘患者，在針刺上述對穴後，可在天樞穴上施以艾灸，或是溫針加灸，療效尤佳。天樞穴之效能可參考筆者《楊維傑常見病特效一針療法》一書。,便秘,82
內科,胃腸系,31,腹瀉二針,門金穴,門金穴在第2蹠骨與第3蹠骨連線部之直前凹陷中，在陷谷穴後方之骨緣，貼骨取穴。陷谷穴在門金穴前5分（然據《針灸大成》指出，陷谷穴在內庭後2寸，並且有些書中指出陷谷在第2、第3蹠骨結合處）。（附圖51）,直刺 0.5~1 寸。針入後令患者輕微按摩下腹部 1~2 分鐘，留針 30 分鐘，每隔 10 分鐘捻針 1 次，捻針時仍囑患者輕微按摩下腹部 1~2 分鐘。,（1）本穴在胃經上，且在陷谷穴後，亦有陷谷之穴性，為胃（土）之木穴，能疏肝（木）理脾胃（土），善治木土不和之病，是治療腸胃炎（與腸胃有關）的特效穴。董師認為本穴可治療腸炎、胃炎、腹部發脹及腹痛。不論何種腹瀉，針之皆有特效。 （2）慢性洩瀉者多兼腎虛，本穴貼骨進針應腎，治久洩腎虛之病亦甚效。,images/圖6-4_門金穴.jpg,此為全息、藏象功能、五行應用發揮組成的特效對針。急性腹瀉者多伴有疼痛，門金穴能疏肝（木）理脾胃（土），治之甚效。而慢性腹瀉者多兼腎虛，於門金穴下針時若貼骨則應腎，加之門金穴又能補金生水，故而治之甚效。腸門穴在小腸經上，小腸為分水之官，在中太極全息對應中對應大腸肛門部位，兩穴合用，治療腹瀉有特效。根據筆者多年臨床經驗與陰陽對應理論，治療腹瀉針刺右側腸門較左側為佳。 筆者按：治療腹瀉亦可取曲池配門金，或曲池配腸門，這也是治療腹瀉效果很好的對針組合。曲池之效能可參考筆者《楊維傑常見病特效一針療法》一書。,腹瀉,84
內科,胃腸系,31,腹瀉二針,腸門穴,在尺骨之內側，距腕橫紋後3寸。（附圖48）,手撫胸取穴，在尺骨內側與筋腱之間，距豌豆骨3寸處是穴。針刺時貼骨取之，針刺深度0.5~1寸，留針30分鐘，每隔5~10分鐘捻針1次，捻針時按摩腹部。,（1）董氏奇穴之腸門穴在小腸經上。小腸為分水之官，利溼作用甚佳，因此本穴能治療腹瀉。 （2）腸門穴在以腕部為中心的太極全息對應中，對應大腸肛門部位，故本穴治療急性腹瀉效果尤佳。 （3）筆者在腹痛裡急後重或急欲如廁腹瀉之際，用手指按壓此穴，即能舒緩肛門括約肌及大腸之緊張狀態，從而緩解腹痛症狀。,images/圖3-13_腸門穴.jpg,此為全息、藏象功能、五行應用發揮組成的特效對針。急性腹瀉者多伴有疼痛，門金穴能疏肝（木）理脾胃（土），治之甚效。而慢性腹瀉者多兼腎虛，於門金穴下針時若貼骨則應腎，加之門金穴又能補金生水，故而治之甚效。腸門穴在小腸經上，小腸為分水之官，在中太極全息對應中對應大腸肛門部位，兩穴合用，治療腹瀉有特效。根據筆者多年臨床經驗與陰陽對應理論，治療腹瀉針刺右側腸門較左側為佳。 筆者按：治療腹瀉亦可取曲池配門金，或曲池配腸門，這也是治療腹瀉效果很好的對針組合。曲池之效能可參考筆者《楊維傑常見病特效一針療法》一書。,腹瀉,84
內科,腎系,32,尿瀦留（癃閉）二針,陰陵泉,脛骨內側髁後下方凹陷中，平齊脛骨粗隆下緣。（附圖11）,正坐位垂足取穴或平臥取穴，直刺，從小腿內向外刺入，針入0.5~1寸。留針30分，每10分鐘捻針1次。,（1）陰陵泉為脾經合水穴，脾（土）主水液輸布，水穴應腎，故針刺本穴可調節水液代謝。 （2）陰陵泉自古以來就是治療小便不暢的要穴。《通玄指要賦》中說：“陰陵能開通水道。”《雜病穴法歌》中說：“小便不通陰陵泉，三里瀉下溺如注。”單刺有效，若配足三里可開水道，能加速尿流，治療尿瀦留等病甚效。,,本對穴為同氣相求、藏象功能、太極全息對應、五輸穴應用組成的特效對針。陰陵泉為脾（土）經合水穴，有調整水液的功能，大太極全息對應水分穴，利水作用甚強，自古以來就是治療小便不暢之要穴。足三里為胃經（土經）合穴（土穴），為土中真土，強脾健胃、理氣治水功能甚強，有利水消腫之功。兩穴自古以來就是治療小便不暢及癃閉效穴，合用效果極為突出，稱為“癃閉二針”。 筆者按：人中配中極亦為治療癃閉之特效對針。人中能開上竅啟下竅，提壺揭蓋，治療尿瀦留甚效。中極為膀胱經募穴，能調節膀胱氣化功能，對於泌尿生殖系統疾病皆有療效，按壓中極治療幼兒尿閉尤效。人中與中極之效能可參考筆者《楊維傑常見病特效一針療法》一書。,"尿瀦留,癃閉",85
內科,腎系,32,尿瀦留（癃閉）二針,足三里,在小腿前外側面上部，犢鼻穴下3寸，脛骨前緣外開約1橫指（中指）。（附圖8）,用毫針刺足三里，徐徐進針，直刺約2寸深，得氣後施以提插捻轉手法，強刺激。留針20~30分鐘。每5分鐘捻針1次。,（1）足三里是胃經合穴，有舒暢經絡、調和氣血、調脾健胃的作用，為全身強壯要穴之一。本穴為土經土穴，稱為真土穴。真土穴治療脾胃作用最強，亦能調節水液代謝，減輕水瀦留和水腫症狀。 (2) 足三里自古以來就是治療尿瀦留、尿不暢的常用穴。《席弘賦》中說：“膀 胱氣滯足三里。”即指其利尿功能。《醫宗金鑑》中說：“足三里治風溼中，諸虛耳聾上牙疼，噎膈鼓脹水腫喘，寒溼腳氣及痺風。”也指足三里能利尿消腫。本穴配陰陵泉利尿甚效。《雜病穴法歌》：“小便不通陰陵泉，三里瀉下溲如注。”配三陰交亦可利尿消腫。《玉龍歌》：“水病之疾最難熬，腹滿虛脹不肯消，先灸水分並水道，後針三里及陰交。”,,本對穴為同氣相求、藏象功能、太極全息對應、五輸穴應用組成的特效對針。陰陵泉為脾（土）經合水穴，有調整水液的功能，大太極全息對應水分穴，利水作用甚強，自古以來就是治療小便不暢之要穴。足三里為胃經（土經）合穴（土穴），為土中真土，強脾健胃、理氣治水功能甚強，有利水消腫之功。兩穴自古以來就是治療小便不暢及癃閉效穴，合用效果極為突出，稱為“癃閉二針”。 筆者按：人中配中極亦為治療癃閉之特效對針。人中能開上竅啟下竅，提壺揭蓋，治療尿瀦留甚效。中極為膀胱經募穴，能調節膀胱氣化功能，對於泌尿生殖系統疾病皆有療效，按壓中極治療幼兒尿閉尤效。人中與中極之效能可參考筆者《楊維傑常見病特效一針療法》一書。,"尿瀦留,癃閉",85
內科,腎系,33,遺尿二針,腎關穴,在陰陵泉穴直下1.5寸，脛骨內側。（附圖55）,直刺，針刺深度 1.5~2 寸。針刺得氣後，留針 30 分鐘。每隔 10 分鐘捻針 1 次。,（1）腎關為補腎要穴，此穴在天皇穴（陰陵泉）下方，故有補益作用，能治療脾腎疾病（陰陵泉為土經水穴，能脾腎雙補）。 （2）本穴穴名為腎關，功同腎俞和關元，為補腎最常用之穴，能治療腎虛引起的各種疾病，治療夜尿頻者效果極佳。,,本對穴為全息、藏象功能、五行應用發揮組成的特效對針。治療遺尿患者宜溫陽固攝，腎經與膀胱經關係密切，腎關穴有脾腎雙補作用。還巢穴善治少腹部病證。還巢穴在三焦經，能理三焦、補腎，善治小便過多。兩穴合用，一上一下，有上下交濟的作用，治療多尿、夜尿甚效。 筆者按：腎關配州圓穴透州昆穴亦為治療遺尿的有效對穴。州圓、州昆均位於足太陽膀胱經，且在頭部最高點，溫陽作用甚強，針之有升舉收攝之功。腎關穴有脾腎雙補作用，治多尿、夜尿甚效。州圓、州昆之效能可參考筆者《楊維傑常見病特效一針療法》一書。,遺尿,86
內科,腎系,33,遺尿二針,還巢穴,在無名指中節外側（靠近小指之側）正中央。（附圖37）,針刺時用5分針，針刺深度1~3分。針刺得氣後，留針30分鐘。每隔10分鐘輕輕捻針1次。,"(1) 此穴在指縫至指尖間, 善治下腹部病變。 （2）本穴在三焦經，三焦與腎通，因而本穴能補益肝腎、理三焦、疏肝理氣，善治尿頻尿多。",images/圖1-17_還巢穴.jpg,本對穴為全息、藏象功能、五行應用發揮組成的特效對針。治療遺尿患者宜溫陽固攝，腎經與膀胱經關係密切，腎關穴有脾腎雙補作用。還巢穴善治少腹部病證。還巢穴在三焦經，能理三焦、補腎，善治小便過多。兩穴合用，一上一下，有上下交濟的作用，治療多尿、夜尿甚效。 筆者按：腎關配州圓穴透州昆穴亦為治療遺尿的有效對穴。州圓、州昆均位於足太陽膀胱經，且在頭部最高點，溫陽作用甚強，針之有升舉收攝之功。腎關穴有脾腎雙補作用，治多尿、夜尿甚效。州圓、州昆之效能可參考筆者《楊維傑常見病特效一針療法》一書。,遺尿,86
內科,腎系,34,水腫二針,通腎穴,當膝蓋內側上緣陷中處是穴。(附圖 54),直刺，針刺深度 0.5~1 寸。針刺得氣後，留針 30 分鐘。每隔 10 分鐘捻針 1 次。,"（1）通腎位於膝蓋上緣，大腿內側，在脾經上，能健脾、補土製水，利水之效甚強。 (2) 根據太極全息來看, 膝蓋對應肚臍, 膝蓋上緣的通腎對應肚臍上的水分, 所以本穴治療水腫有效。",images/圖8-11_通腎穴.jpg,此為全息（對應上下水分）、藏象功能、五輸穴應用組成的特效對針。水分穴自古以來就是治療水病的特效穴，治療水腫（包括四肢及面皆浮腫）甚效，但宜灸不宜針。膝蓋太極全息對應肚臍，通腎穴（董氏奇穴）對應水分穴。陰陵泉亦為治療水腫要穴，從太極全息來看，膝蓋對應肚臍，倒象對應肚臍上，為下水分穴。兩個利水作用較強的穴位合用，治療水腫病特效。,水腫,87
內科,腎系,34,水腫二針,陰陵泉,位於膝下內側輔骨下陷中，伸足或屈膝取之，在膝橫紋頭下與陽陵泉相對，稍高1寸。（附圖11）,直刺，從小腿內側向外側刺入，深0.5~1寸。針刺得氣後，留針30分鐘，每隔10分鐘捻針1次。,"（1）陰陵泉為脾經合水穴，脾土主水液輸布，水穴應腎，故針刺此穴可增強機體水液代謝能力。 （2）陰陵泉自古以來就是治療水腫的要穴。《通玄指要賦》中說：“陰陵能開通於水道。”《千金翼方》曰：“水腫不得臥，灸陰陵泉百壯。”《百症賦》中說：“陰陵水分，去水腫之臍盈。” (3) 根據太極全息倒象, 膝上的陰陵泉對應肚臍上的水分, 故治療水腫甚效。",,此為全息（對應上下水分）、藏象功能、五輸穴應用組成的特效對針。水分穴自古以來就是治療水病的特效穴，治療水腫（包括四肢及面皆浮腫）甚效，但宜灸不宜針。膝蓋太極全息對應肚臍，通腎穴（董氏奇穴）對應水分穴。陰陵泉亦為治療水腫要穴，從太極全息來看，膝蓋對應肚臍，倒象對應肚臍上，為下水分穴。兩個利水作用較強的穴位合用，治療水腫病特效。,水腫,87
內科,腎系,35,腎結石二針,下白穴,在手背小指掌骨與無名指掌骨之間，即手背第4、第5掌骨骨間隙後緣，腕背橫紋與掌骨小頭連線之中點凹陷處。（附圖42）,拳手取穴，當小指掌骨與無名指掌骨之間，距指骨與掌骨1.5寸（即中白穴後1寸）。針入下白3~5分，得氣後行中強刺激。留針30分鐘，每5分鐘捻1次針加強刺激。,（1）下白在中渚穴（屬三焦經）直後方，透過三焦與腎通，故有治療腎虛和下腰疼痛的作用。 （2）根據掌太極，本穴對應腎和下腰部位，針刺本穴貼骨應腎可以治療腎結石，治療痛證多能立除。,images/圖2-15_下白穴.jpg,本對穴為太極全息對應、卦象、臟腑別通組成的特效對針。下白穴在掌太極水平與腰、腎對應，貼骨進針與腎（腎主骨）相應，治療腎結石療效極佳。馬金水穴與卦位有關，此處為太極全息中腎之所在。兩穴皆對應腎，所以二穴合用能治療腎絞痛、腎結石，稱為“腎石二針”。,腎結石,88
內科,腎系,35,腎結石二針,馬金水穴,在外眼角直下至顴骨下緣陷凹處。(附圖 59),毫針直刺，針刺深度2~4分。得氣後行中強刺激。留針30分鐘，每5分鐘捻針加強刺激。,（1）本穴在面部先天卦位為坎卦（屬水），後天卦位為乾卦（屬金），本穴之所以命名為金水與卦位有關。顧名思義，本穴含金水兩性，而含有金水兩性的穴位多能治療閃腰岔氣，蓋閃腰岔氣為水（腎）之氣（金）病。 （2）根據太極對應，馬金水對應下腰腎之部位，針本穴能治療腰痛和小便不利，本穴也是治療腎結石疼痛的要穴。 （3）筆者臨床應用馬金水配下白，治療多例腎結石及腎絞痛患者甚效。,images/圖10-17_馬金水穴.jpg,本對穴為太極全息對應、卦象、臟腑別通組成的特效對針。下白穴在掌太極水平與腰、腎對應，貼骨進針與腎（腎主骨）相應，治療腎結石療效極佳。馬金水穴與卦位有關，此處為太極全息中腎之所在。兩穴皆對應腎，所以二穴合用能治療腎絞痛、腎結石，稱為“腎石二針”。,腎結石,88
內科,腎系,36,蛋白尿二針,水愈穴,在上臂後側，即背面穴後開稍斜下2寸。（附圖4）,針刺深度 3~5 分。用三稜針扎出黃水即可。,"（1）“水愈”顧名思義就是“治癒腎水之疾病”，此穴可治療腎炎、背痛、蛋白尿。 （2）水愈在小腸經上，小腸能分清泌濁，脾與小腸相通，故本穴能治療痰溼夾雜所致的病證。 (3) 根據太極對應, 此穴對應臍部水分穴, 故能分清祛濁, 治療蛋白尿。",images/圖4-18_水愈穴.jpg,此為經絡、藏象功能及全息配合應用組成的對針。水愈配合陰陵泉穴，祛溼健脾之功甚強，是治療蛋白尿的特效對穴。 筆者按：陰陵泉配太溪亦為治療蛋白尿之特效對針。,蛋白尿,89
內科,腎系,36,蛋白尿二針,陰陵泉,脛骨內側髁後下方凹陷中，在脛骨後緣與腓腸肌之間，平齊脛骨粗隆下緣，縫匠肌之附著部，與陽陵泉穴相對。（附圖11）,正坐垂足取穴，直刺，從小腿內側向外側刺入。針刺深度0.5~1寸。得氣後施一般刺激，留針45分鐘，每5~10分鐘捻針1次。,陰陵泉為脾土經合水穴，能土水雙治，補益脾腎，治療土水（脾腎）兩虛的疾病，如蛋白尿、腎炎、腎衰竭等甚效。,,此為經絡、藏象功能及全息配合應用組成的對針。水愈配合陰陵泉穴，祛溼健脾之功甚強，是治療蛋白尿的特效對穴。 筆者按：陰陵泉配太溪亦為治療蛋白尿之特效對針。,蛋白尿,89
內科,肝膽系,37,黃疸二針,腕骨,在手背尺側，當第5掌骨與鉤骨之間的凹陷處，赤白肉際。握拳時從後溪穴沿手尺側向上移，摸至豌豆骨下為止，本穴在豌豆骨前赤白肉際凹陷處。（附圖12）,直刺，從尺側刺向第5掌骨基底。針刺深度5~8分。得氣後施平補平瀉手法即可。留針45分鐘，每5~10分鐘捻針1次。,（1）腕骨乃小腸經原穴，小腸能分清泌濁，針刺腕骨可除溼。又因為小腸經有一條支脈從面頰部位分出，向上靠鼻旁到內眼角（睛明），連通足太陽膀胱經，故腕骨穴也有輸布水液的作用。 （2）中醫學認為黃疸多由脾胃溼熱所致（亦有寒溼所致者），又因“脾與小腸通”，故腕骨可祛溼治療多種脾經疾病，不論是熱溼還是寒溼皆極有效。 (3) 腕骨自古以來就是治黃疸要穴。《通玄指要賦》中說：“固知腕骨祛黃。”《玉龍賦》中說：“脾虛黃疸，腕骨中脘何疑。”《得效應穴針法賦》中說：“固知腕骨祛黃，應在至陽。”治療黃疸時，可配合中脘或至陽，均有特效。本穴治療急慢性肝炎患者之黃疸效果較好。,,本對穴為臟腑別通、藏象功能組成的特效對針。治溼當從脾治，小腸與脾通，腕骨為小腸經原穴，祛溼作用極強，自古以來都是治療黃疸之要穴。肝門為董氏奇穴，在小腸經上，從全息對應來看，本穴在小臂中點，治中焦病有效。兩穴合用，治療黃疸、急性肝炎甚效。 筆者按：肝門穴或腕骨穴配董氏奇穴三黃穴（天黃穴、明黃穴、其黃穴）治療慢性肝炎亦有特效。,黃疸,90
內科,肝膽系,37,黃疸二針,肝門穴,在尺骨內側，距豌豆骨6寸。（附圖48）,手撫胸取穴，當尺骨內側中部，距豌豆骨6寸處取之。針刺深度3~5分，針刺後立止肝痛，若將針向右旋轉，胸悶即解，若將針向左旋轉，腸痛亦除。得氣後施一般刺激，留針 45 分鐘，每 5~10 分鐘捻針 1 次。,（1）健脾可利溼，肝門在小腸經上，小腸與脾通，本穴可除溼，亦可分清泌濁，故能治黃疸、肝炎等病。 （2）從全息對應來看，肝門在小臂中點，對應中焦，故可治療中焦疾病，治肝病確實有效。如果合併腸炎症狀，可配腸門穴，療效甚佳。 （3）肝門治療急性肝炎非常有效。因為肝在右邊，故取左側肝門為主穴。肝門配三黃穴（天黃穴、明黃穴、其黃穴）治療慢性肝炎效果較好。,images/圖3-14_肝門穴.jpg,本對穴為臟腑別通、藏象功能組成的特效對針。治溼當從脾治，小腸與脾通，腕骨為小腸經原穴，祛溼作用極強，自古以來都是治療黃疸之要穴。肝門為董氏奇穴，在小腸經上，從全息對應來看，本穴在小臂中點，治中焦病有效。兩穴合用，治療黃疸、急性肝炎甚效。 筆者按：肝門穴或腕骨穴配董氏奇穴三黃穴（天黃穴、明黃穴、其黃穴）治療慢性肝炎亦有特效。,黃疸,90
內科,肝膽系,38,膽囊炎（膽絞痛）二針,木枝穴,馬金水穴外上方斜開1寸處。（附圖60）,針刺時，針刺深度 1~3 分。得氣後施強刺激捻針 1 分鐘，留針 45 分鐘，每 5~10 分鐘捻針 1 次。,"（1）木枝穴位置接近下關穴，功同下關。下關為胃經與膽經交會穴，可以治療膽經疾病，故本穴善於治療膽胃並病之膽囊炎和結石。 (2) 木枝的 “木” 即肝, 木枝者, 膽也。本穴可治療多種膽病。",images/圖10-22_木枝穴.jpg,此為臟腑別通、藏象功能組成的特效對針。治療膽囊炎，可取膽經或與膽相關的穴位，其次取肝經穴，再其次取手少陽三焦經穴。木枝穴與下關穴相鄰，下關為胃經和膽經之交會穴，治膽胃並病之膽囊炎及結石效果甚好。取木枝穴有提壺揭蓋提之意。下白位於手少陽三焦經，太極對應約當腰肋部位，手少陽與足少陽同名經相通，故針刺本穴治療膽絞痛、膽囊炎甚效。筆者常用木枝穴配下白穴治療膽囊炎。,"膽囊炎,膽絞痛",91
內科,肝膽系,38,膽囊炎（膽絞痛）二針,下白穴,在手背第4、第5掌骨骨間隙後緣，腕背橫紋與掌骨小頭連線之中點凹陷處。（附圖42）,拳手取穴，當小指掌骨與無名指掌骨之間，距指骨與掌骨2寸（即中白穴後1寸）是穴。針刺深度5分，得氣後行中強刺激。留針45分鐘，每5~10分鐘運針 1 次。可間歇多次捻針並加強刺激。,（1）下白穴位於手少陽三焦經，在中渚穴的直後方，透過手少陽與足少陽同名經相通與膽通，故能治膽病。 （2）從太極對應來看，下白對應腰肋部位。筆者臨床用下白治療膽絞痛特效，針刺後疼痛多於10分鐘內減緩。此穴亦可用來治療膽囊炎。,images/圖2-15_下白穴.jpg,此為臟腑別通、藏象功能組成的特效對針。治療膽囊炎，可取膽經或與膽相關的穴位，其次取肝經穴，再其次取手少陽三焦經穴。木枝穴與下關穴相鄰，下關為胃經和膽經之交會穴，治膽胃並病之膽囊炎及結石效果甚好。取木枝穴有提壺揭蓋提之意。下白位於手少陽三焦經，太極對應約當腰肋部位，手少陽與足少陽同名經相通，故針刺本穴治療膽絞痛、膽囊炎甚效。筆者常用木枝穴配下白穴治療膽囊炎。,"膽囊炎,膽絞痛",91
內科,內分泌,39,糖尿病二針,太溪,足內踝後5分，跟骨上動脈陷中。平齊內踝隆起點，在內踝後緣與跟腱內側緣中間。（附圖20）,當針刺內踝後側，與跟骨筋腱連線中點之陷中處，斜刺，針刺深度3~5分。得氣後施一般刺激，留針45分鐘，每5~10分鐘捻針1次。,（1）太溪是腎經原穴，有調節臟腑的功能。腎為陰髒，腎陰為一身陰液之本。腎陽充足與否關乎著身體各個方面的功能，太溪可治療腎陰虛和腎陽虛引起的病證。 （2）太溪為腎經輸土穴，有土水兩性，能治脾腎兩虛之病。糖尿病（《醫宗金鑑》中雲太溪可治消渴）、腎炎、腎衰竭等皆屬脾腎兩虛之證，都能以太溪治之。,,本對穴為五行、三焦發揮組成的特效對針。筆者常用太溪、陰陵泉治療糖尿病，再加配腎關或陽池等穴，效果尤佳。 筆者按：古人治療糖尿病：①糖尿病（消渴）與三焦相火有關，故治療常取與三焦相關的穴位。陽池為三焦經原穴，調氣作用極強，為治療糖尿病要穴。三焦俞治療糖尿病亦有卓效。②消渴主要表現為口渴，任脈有益氣養陰之功能，且循行抵達口部，因此可治療口渴，古人常取任脈穴治療消渴。承漿穴有手陽明大腸經（屬金）和足陽明胃經（屬土）經過，穴當八卦坎部，含土、金、水三氣，通肺、脾、腎，則上、中、下消皆治。關元穴是足三陰經（脾、肝、腎經）與任脈之交會穴，又是三焦之氣所生之處，是培腎固本、補益元氣之要穴。 筆者治療糖尿病：①首取含土、金、水(三焦)三性之穴，這些穴位有魚際(卦象土水，在肺經)、承漿（位在坎卦，含土、金二氣）、腎關（位置在陰陵泉與商丘之間，含土、金、水三氣）等。②其次取含土水二性之穴，土水二性之穴能脾腎雙補。如陰陵泉（為脾經合穴，含土、水二氣）、太溪等穴。曲池為大腸經（屬金）之合穴（屬土），可肺脾兩治，其位置對應下焦，亦視為含土、金、水三氣，則上、中、下三消皆治。,糖尿病,92
內科,內分泌,39,糖尿病二針,陰陵泉,脛骨內側髁後下方凹陷中，在脛骨後緣與腓腸肌之間，平齊脛骨粗隆下緣，縫匠肌之附著部，與陽陵泉穴相對。（附圖11）,正坐垂足取穴，直刺，從小腿內側向外側刺入。針刺深度0.5~1寸。得氣後施一般刺激，留針45分鐘，每5~10分鐘捻針1次。,（1）陰陵泉為脾經合水穴，有土水兩性，能補土治水，脾腎雙治。所治之病多屬脾腎兩虛之病，如腎炎、糖尿病、腎衰竭等，配太溪，療效尤佳。 (2)《靈樞·九針十二原》中說：“疾高而內者，取之陰之陵泉。”指病位在上部又屬於五臟（心、肺）之病，針刺陰陵泉。陰陵泉本為脾經合水穴，脾主中焦，腎水主下焦，如此說來，陰陵泉三焦皆可治。董氏奇穴稱此穴為天皇穴。糖尿病屬於三焦之病，用陰陵泉配太溪治療，療效尤佳。,,本對穴為五行、三焦發揮組成的特效對針。筆者常用太溪、陰陵泉治療糖尿病，再加配腎關或陽池等穴，效果尤佳。 筆者按：古人治療糖尿病：①糖尿病（消渴）與三焦相火有關，故治療常取與三焦相關的穴位。陽池為三焦經原穴，調氣作用極強，為治療糖尿病要穴。三焦俞治療糖尿病亦有卓效。②消渴主要表現為口渴，任脈有益氣養陰之功能，且循行抵達口部，因此可治療口渴，古人常取任脈穴治療消渴。承漿穴有手陽明大腸經（屬金）和足陽明胃經（屬土）經過，穴當八卦坎部，含土、金、水三氣，通肺、脾、腎，則上、中、下消皆治。關元穴是足三陰經（脾、肝、腎經）與任脈之交會穴，又是三焦之氣所生之處，是培腎固本、補益元氣之要穴。 筆者治療糖尿病：①首取含土、金、水(三焦)三性之穴，這些穴位有魚際(卦象土水，在肺經)、承漿（位在坎卦，含土、金二氣）、腎關（位置在陰陵泉與商丘之間，含土、金、水三氣）等。②其次取含土水二性之穴，土水二性之穴能脾腎雙補。如陰陵泉（為脾經合穴，含土、水二氣）、太溪等穴。曲池為大腸經（屬金）之合穴（屬土），可肺脾兩治，其位置對應下焦，亦視為含土、金、水三氣，則上、中、下三消皆治。,糖尿病,92
婦男科,,40,痛經二針,門金穴,位於足外側部，當外踝前緣直下，在足第2、第3蹠骨結合部前凹陷中。（附圖51）,針刺深度 0.5~1 寸。得氣後行提插捻轉手法，運針時囑患者按摩小腹或提肛，一般可立止疼痛，留針 30 分鐘，留針期間每 5 分鐘行針 1 次，運針時仍囑患者按摩小腹或提肛。治療時間為月經來前 3 日或痛經發作前 2 日，至月經來潮不痛為止。,"（1）門金位於胃經，在陷谷後面，是土經的木穴，故能疏肝理氣、調和脾胃。 （2）脾主肉，當肝木克脾時，會引起肌肉抽搐及疼痛，針刺門金可以緩解子宮平滑肌痙攣，緩解痛經。 (3) 門金貼骨進針應腎。本穴脾、肝、腎皆治, 對於寒性久病之痛經亦有效。 （4）門金為筆者臨床治療痛經要穴，治病時經常下針即痛止。門金太極對應下腹部，可以疏肝、調和肝脾、溫腎。",images/圖6-4_門金穴.jpg,此為五輸穴、五行、體應、全息對應配合組成的特效對針。治療月經疼痛，有立竿見影之效。筆者在學校教課時常遇到學生適逢月經來潮，極為疼痛，每針刺門金穴，疼痛立止。門金配婦科穴為治療痛經的特效對針。 筆者按：對於慢性且固定時間發作的痛經，可以針刺上述對針。若正逢痛經急性發作，子宮痙攣疼痛明顯，除上述對針外，還可以針刺承山與三陰交穴。三陰交為調血之要穴，有行氣活血、通經化瘀的作用，痛經不論虛實皆可治，對於有瘀血且痛而拒按者，或經色紫紅夾有血塊者療效尤佳。承山穴有舒筋活絡，調理臟腑的功能，古代文獻中多處提及承山穴可以治療轉筋，此穴在腿肚下分肉間，以筋治筋，有緩解痙攣和止痛的功效，故針刺承山穴有助於緩解子宮痙攣。,經痛,94
婦男科,,40,痛經二針,婦科穴,在大指第1節外側（尺側）。當大指背第1節之中央線外開3分，距前橫紋1/3處有一穴，距該橫紋2/3處有一穴，共2穴。（附圖39）,針刺時，貼骨進針，針刺深度2~3分，兩穴齊刺，得氣後輕微捻轉，運針時囑患者按摩小腹或提肛，一般即可止痛。留針30分鐘，留針期間每5分鐘行針1次，運針時囑患者按摩小腹或提肛。治療時間為月經來前3日或痛經發作前2日，至月經來潮不痛為止。,"（1）婦科穴顧名思義就是治療婦科諸疾的常用穴。 (2) 婦科穴位於肺經區域, 肺與膀胱相通, 通於子宮, 故本穴為治療子宮疾 病的常用穴，各證型之痛經均可用之。",images/圖1-29_婦科穴.jpg,此為五輸穴、五行、體應、全息對應配合組成的特效對針。治療月經疼痛，有立竿見影之效。筆者在學校教課時常遇到學生適逢月經來潮，極為疼痛，每針刺門金穴，疼痛立止。門金配婦科穴為治療痛經的特效對針。 筆者按：對於慢性且固定時間發作的痛經，可以針刺上述對針。若正逢痛經急性發作，子宮痙攣疼痛明顯，除上述對針外，還可以針刺承山與三陰交穴。三陰交為調血之要穴，有行氣活血、通經化瘀的作用，痛經不論虛實皆可治，對於有瘀血且痛而拒按者，或經色紫紅夾有血塊者療效尤佳。承山穴有舒筋活絡，調理臟腑的功能，古代文獻中多處提及承山穴可以治療轉筋，此穴在腿肚下分肉間，以筋治筋，有緩解痙攣和止痛的功效，故針刺承山穴有助於緩解子宮痙攣。,經痛,94
婦男科,,41,崩漏二針,大敦,在足大趾外側，距趾甲角1分處。（附圖31）,用毫針直刺1~2分，留針20分鐘。同時配合溫和灸或雀啄灸。重症患者可加用艾條溫灸，取艾條1根，點燃後置於足大趾外側1寸處，每次燻灸15~20分鐘，直至大敦穴周圍皮色發紅並自覺烘熱為度。每日可燻灸3~5次。血崩止後繼續燻灸1~2天，鞏固治療效果。,（1）大敦乃肝經井穴，井穴可開竅，且肝經繞陰部1周，故本穴能治療陰竅疾病。 （2）肝藏血，能調節血量，而大敦為木經木穴，屬真木穴，故能疏肝調血。崩漏灸大敦，多可迅速止血。,,此為五輸穴、五行、全息對應配合組成的特效對針。大敦、隱白兩穴皆為井穴，肝藏血，肝經井穴“大敦”治“崩”，脾統血，脾經井穴“隱白”治“漏”，二者合用確為治療崩漏的最佳對針（捻針時囑患者提肛收小腹。起針後加灸效果更佳）。 筆者按：除上述兩穴外，也可取董氏奇穴中的三叉一穴針之。三叉一穴與奇穴斷紅穴之位置基本相符，位於手背第2、第3指縫接合處，與手陽明經、手厥陰經有關，有補益肺氣、昇陽舉陷、固脫止血之功，是治療崩漏的經驗穴，有顯著的止血效果。,崩漏,95
婦男科,,41,崩漏二針,隱白,在足大趾內側，距趾甲角1分處。（附圖10）,用毫針直刺 1~2 分，留針 20 分鐘。同時配合溫和灸或雀啄灸。重症患者可加用艾條溫灸，取艾條 1 根，點燃後置於足大趾內側隱白穴上方約 1 寸處，每次燻灸 15~20 分鐘，直至隱白穴周圍皮色發紅並自覺烘熱為度。每日可燻灸 3~5 次。崩漏止後繼續燻灸 1~2 天，以資鞏固。,"(1) 脾為土經, 土能生金, “白” 代表肺與氣, 故隱白可健脾益氣、補虛攝血。 (2) 隱白乃井穴, 井穴能治療陰竅疾病。 （3）脾統血，崩漏乃脾不統血，血不歸經所致。艾灸隱白有益氣統血攝血之功，治療崩漏甚效。",,此為五輸穴、五行、全息對應配合組成的特效對針。大敦、隱白兩穴皆為井穴，肝藏血，肝經井穴“大敦”治“崩”，脾統血，脾經井穴“隱白”治“漏”，二者合用確為治療崩漏的最佳對針（捻針時囑患者提肛收小腹。起針後加灸效果更佳）。 筆者按：除上述兩穴外，也可取董氏奇穴中的三叉一穴針之。三叉一穴與奇穴斷紅穴之位置基本相符，位於手背第2、第3指縫接合處，與手陽明經、手厥陰經有關，有補益肺氣、昇陽舉陷、固脫止血之功，是治療崩漏的經驗穴，有顯著的止血效果。,崩漏,95
婦男科,,42,閉經二針,承漿,在面部，當頦唇溝的正中凹陷處。（附圖33）,斜刺，針尖從前下向後上方刺入，深度3~5分，待患者有針感後，快速提插捻轉30秒，留針30分鐘，每隔5~10分鐘行針1次，每日或隔日針刺1次。一般針至月經來潮為止。,"(1) 閉經病機關乎任脈與衝脈。《素問·上古天真論篇》中說: “任脈通, 太沖脈盛, 月事以時下。” 任脈統領諸陰經, 任脈從胞宮 (子宮) 沿腹部正中線向上經過關元等穴, 止於承漿, 被稱為陰脈之海。針刺承漿能調和衝任、補益陰血。 （2）承漿可以被視為任脈的井穴，井穴有開竅祛寒的作用，而任脈通陰部，故承漿穴可溫陽開陰道之竅。此外，承漿還是手、足陽明經之交叉點，手足陽明經多氣多血，針刺承漿能調理氣血。閉經多因氣血失調，氣凝血固，或下焦虛寒所致，故針刺承漿可治療閉經。",,"此為經絡、特定穴位配合組成的特效對針。承漿穴開陰竅，起到通經作用，天樞穴接近腎經、衝脈。兩穴合用通經效果較好。 筆者按:《百症賦》中說:“月潮違限,天樞水泉細詳。”天樞配水泉穴治療閉經效果亦較好。蓋水泉為腎經穴位,滋陰作用甚好,承漿穴為滋陰要穴,水泉穴與承漿穴相配有異曲同工之妙。",閉經,96
婦男科,,42,閉經二針,天樞,位於腹部，橫平臍中，前正中線旁開2寸。（附圖32）,仰臥取穴，從前側向背側刺入。針刺深度1寸。待患者有針感後，快速提插捻轉30秒，留針30分鐘，每隔5~10分鐘行針1次，隔日針刺1次。一般針至月經來潮為止。,（1）天樞在胃經上，是大腸經的募穴，有調和脾胃、理氣健脾的作用，是治療腹部疾病的要穴。 （2）本穴可治療月經後期，天樞穴臨近腎經、衝脈，故能治療陰部及生殖系統疾病。根據筆者臨床經驗，針天樞能促進血液迴圈。 （3）閉經患者忌灸，若閉經患者使用艾灸，則會有凝血止血的作用，因此對於閉經患者只能針刺，不宜艾灸。,,"此為經絡、特定穴位配合組成的特效對針。承漿穴開陰竅，起到通經作用，天樞穴接近腎經、衝脈。兩穴合用通經效果較好。 筆者按:《百症賦》中說:“月潮違限,天樞水泉細詳。”天樞配水泉穴治療閉經效果亦較好。蓋水泉為腎經穴位,滋陰作用甚好,承漿穴為滋陰要穴,水泉穴與承漿穴相配有異曲同工之妙。",閉經,96
婦男科,,43,月經不調二針,婦科穴,在大指第1節外側（尺側）。當大指背第1節之中央線外開3分，距前橫紋1/3處有一穴，距該橫紋2/3處有一穴，共2穴。（附圖39）,針刺時，貼骨進針，針刺深度2~3分，兩穴齊刺，待有針感後，輕微捻轉30秒，留針30分鐘，每隔5~10分鐘行針1次，隔日針刺1次。一般針至月經週期正常為止。,(1) 婦科穴顧名思義就是治療婦科病的效穴。 （2）婦科穴位於肺經區域，肺與膀胱通，通於子宮，本穴可治療子宮疾病，調經作用甚強。,images/圖1-29_婦科穴.jpg,此穴為太極對應、經絡及特定穴配合組成的特效對針。婦科穴在井穴、滎穴之間，太極全息對應小腹子宮，善治婦科諸疾，還是治療子宮病的要穴。還巢穴有補肝腎、理三焦、疏肝理氣的作用，調理卵巢功能甚好，善治卵巢病。兩穴合用，治療月經不調效果甚佳。 筆者按：地皇穴（董氏奇穴）配血海穴調理月經甚效。地皇穴在漏谷（脾經絡穴）與地機（脾經郄穴）之間，如此則氣血皆調，地皇穴正當脾經向前、肝經向後的交集所在，如此則脾、肝皆能治，脾統血，肝藏血，故地皇穴調經作用甚佳。血海位於脾經，為治療各種血疾之要穴，有活血調經之功，為調經要穴，《百症賦》中說：“婦人經事改常，自有地機血海。”血海治療月經不調效果顯著，配地機（地皇穴亦同）效果更佳，尤其適用於月經推遲、經色淡暗、畏寒喜暖者。,月經不調,97
婦男科,,43,月經不調二針,還巢穴,在無名指中節外側（靠近小指側）正中央。（附圖37）,針刺時，取無名指第2節靠近小指側黑白肉際中點。取5分針，針2~3分。得氣後，輕微捻轉30秒，留針30分鐘，每隔5~10分鐘行針1次，隔日針刺1次。一般針至月經週期正常為止。,"(1) 還巢位於三焦經, 三焦與腎通, 故本穴能調節三焦、補腎。 （2）董師認為本穴作用於肝，有補肝腎、理三焦、疏肝理氣的作用，故治療婦科疾病甚效。 (3) 還巢穴調理卵巢功能甚好, 故能治療月經不調。",images/圖1-17_還巢穴.jpg,此穴為太極對應、經絡及特定穴配合組成的特效對針。婦科穴在井穴、滎穴之間，太極全息對應小腹子宮，善治婦科諸疾，還是治療子宮病的要穴。還巢穴有補肝腎、理三焦、疏肝理氣的作用，調理卵巢功能甚好，善治卵巢病。兩穴合用，治療月經不調效果甚佳。 筆者按：地皇穴（董氏奇穴）配血海穴調理月經甚效。地皇穴在漏谷（脾經絡穴）與地機（脾經郄穴）之間，如此則氣血皆調，地皇穴正當脾經向前、肝經向後的交集所在，如此則脾、肝皆能治，脾統血，肝藏血，故地皇穴調經作用甚佳。血海位於脾經，為治療各種血疾之要穴，有活血調經之功，為調經要穴，《百症賦》中說：“婦人經事改常，自有地機血海。”血海治療月經不調效果顯著，配地機（地皇穴亦同）效果更佳，尤其適用於月經推遲、經色淡暗、畏寒喜暖者。,月經不調,97
婦男科,,44,赤白帶下二針,雲白穴,在肩尖前約2寸，即背面穴向胸方向斜下方2寸。依筆者經驗本穴位置在肩中穴前1寸再向上1寸。（附圖49）,垂手取穴。針刺深度 1.5 寸，待有針感後，用平補平瀉手法捻轉 30 秒，留針 30 分鐘，每隔 5~10 分鐘行針 1 次。隔日針刺 1 次。,(1) 根據太極對應之 “手軀逆對”，雲白在肩對應陰部。 （2）雲白在肌肉多的地方，肌肉應脾，故本穴能補氣健脾、益氣除溼，治療帶下病甚效。 （3）赤白帶多因脾虛溼重或氣不固攝所致，與肺氣虛有關，而云白在大腸經上，屬金，所以雲白有健脾、益氣、補肺的作用，治療赤白帶下有效。,images/圖4-12_雲白穴.jpg,這是一組全息對應、體應組成的特效對針。雲白穴在肩部肌肉豐厚處，“肉脾相應”，針之有健脾補氣之效，從體應“手軀逆對”來看，該處對應陰部。通腎穴與脾經位置相近，健脾補腎之作用甚強，常用來治療脾腎兩虛、脾虛不攝、腎陽虧虛引起的白帶病，效果較好。 筆者按：還巢穴配木婦穴治療帶下病亦有特效。還巢穴在無名指三焦經上，能理三焦、補腎，治療赤白帶特效。木婦穴在胃經上，屬土，能健脾祛溼，治婦科病，尤其是赤白帶特效。,赤白帶下,98
婦男科,,44,赤白帶下二針,通腎穴,位於腿部髕骨內側上緣，左右各一穴，膝蓋上緣凹陷處。（附圖 54）,針刺時，深度1寸。進針得氣後，用平補平瀉手法捻轉30秒，留針30分鐘，每隔5~10分鐘行針1次，隔日針刺1次。,"(1) 根據太極對應, 通腎穴對應水分穴, 故有除溼的效果。 （2）針刺通腎時，針達脾經，補土以制水，故本穴有健脾補腎的功效，常用於治療腎虛或脾虛無法固攝引起的白帶病。",images/圖8-11_通腎穴.jpg,這是一組全息對應、體應組成的特效對針。雲白穴在肩部肌肉豐厚處，“肉脾相應”，針之有健脾補氣之效，從體應“手軀逆對”來看，該處對應陰部。通腎穴與脾經位置相近，健脾補腎之作用甚強，常用來治療脾腎兩虛、脾虛不攝、腎陽虧虛引起的白帶病，效果較好。 筆者按：還巢穴配木婦穴治療帶下病亦有特效。還巢穴在無名指三焦經上，能理三焦、補腎，治療赤白帶特效。木婦穴在胃經上，屬土，能健脾祛溼，治婦科病，尤其是赤白帶特效。,赤白帶下,98
婦男科,,45,不孕症二針,婦科穴,在大指第1節外側（尺側）。當大指背第1節之中央線外開3分，距前橫紋1/3處有一穴，距該橫紋2/3處有一穴，共2穴。（附圖39）,針刺時，貼骨進針，針刺深度2~3分，兩穴齊刺，隔日針刺1次。,（1）婦科穴處在肺經區域，肺與膀胱通，通於子宮，故婦科穴為治療子宮疾 病的常用穴。 （2）婦科穴位於井穴與滎穴之間，根據太極對應，其位置與下腹及子宮對應，故婦科穴能治療子宮病。 （3）婦科穴為治療所有婦科病的效穴，尤其善於調理月經。筆者使用本穴幫助無數婦女調整月經正常而懷孕。,images/圖1-29_婦科穴.jpg,此為太極全息對應、經絡及特定治療穴組成的特效對針。婦科穴善於調治子宮病，還巢穴善於調理卵巢功能，兩穴合用，能增強治療婦科疾病的效果。而且此兩穴一穴在陽面，一穴在陰面，合用有調和陰陽之功。應用時不必兩手兩穴皆針，可以一手針婦科穴，一手針還巢穴，簡單而有效。筆者用婦科穴配還巢穴治療不孕症特效，稱為“不孕二針”，簡稱“孕二針”。 筆者按：關元穴配中極穴亦為治療不孕症之常用對穴。治療不孕症：①多取任脈穴：常用穴為中極、關元。②常取關係足三陰經之穴：中極、關元、三陰交等。③多取小腹部穴：中極、關元穴。關元是小腸經之募穴，也是足三陰經與任脈之交會穴，有培腎固本、補益元氣、回陽固脫的作用，自古以來就常用於治療不孕症，針刺有效，但多以灸法為主。中極穴是任脈和足三陰經（脾經、肝經、腎經）之交會穴，自古以來也是治療不孕症之要穴。兩穴針刺有效，但多用灸法。,不孕症,99
婦男科,,45,不孕症二針,還巢穴,在無名指中節外側（靠近小指之側）正中央。（附圖37）,針刺時，取無名指第2節靠近小指側黑白肉際中點。取5分針，針2~3分。得氣後，輕微捻轉30秒，留針30分鐘，每10分鐘行針1次。,"(1) 還巢位於三焦經, 三焦與腎通, 故針刺本穴能調理三焦、補腎。 (2) 董師認為針刺本穴還能作用於肝, 有補肝、調理三焦、疏肝理氣的作用, 故治療婦科疾病甚效。本穴調理卵巢功能甚好, 治不孕症特效。",images/圖1-17_還巢穴.jpg,此為太極全息對應、經絡及特定治療穴組成的特效對針。婦科穴善於調治子宮病，還巢穴善於調理卵巢功能，兩穴合用，能增強治療婦科疾病的效果。而且此兩穴一穴在陽面，一穴在陰面，合用有調和陰陽之功。應用時不必兩手兩穴皆針，可以一手針婦科穴，一手針還巢穴，簡單而有效。筆者用婦科穴配還巢穴治療不孕症特效，稱為“不孕二針”，簡稱“孕二針”。 筆者按：關元穴配中極穴亦為治療不孕症之常用對穴。治療不孕症：①多取任脈穴：常用穴為中極、關元。②常取關係足三陰經之穴：中極、關元、三陰交等。③多取小腹部穴：中極、關元穴。關元是小腸經之募穴，也是足三陰經與任脈之交會穴，有培腎固本、補益元氣、回陽固脫的作用，自古以來就常用於治療不孕症，針刺有效，但多以灸法為主。中極穴是任脈和足三陰經（脾經、肝經、腎經）之交會穴，自古以來也是治療不孕症之要穴。兩穴針刺有效，但多用灸法。,不孕症,99
婦男科,,46,催乳（乳汁不行）二針,膻中,在身體前正中線，兩乳之間。（附圖66）,仰臥取穴，用1寸毫針直刺，刺入5分深，也可向兩側乳房方向橫刺。 留針 30 分鐘，起針後用艾條灸膻中穴 20 分鐘。溫和灸或雀啄灸均可。,（1）膻中穴自古以來就是催乳要穴。《針灸大成》與《銅人腧穴針灸圖經》中皆有膻中穴治“無乳”“乳汁少”的記載，本穴是治療乳汁不行的經驗穴。產後氣血凝滯所致之“無乳”“少乳”，也可針刺本穴。 （2）膻中為氣會，可治療所有與氣有關的疾病。針刺膻中可以理氣，氣行則血行，還可以通調氣機，氣行則血流通暢，乳液自出。 （3）膻中位於兩乳之間，接近乳房，是少數近處取穴的催乳穴位。,,本組對穴為經驗取穴，兼顧經絡功能（小腸為分水之官）、特定穴（膻中為氣會，少澤為井穴）組成的特效對針。,"催乳,乳汁不行",100
婦男科,,46,催乳（乳汁不行）二針,少澤,手小指末節尺側，距指甲角0.1寸處。（附圖12）,用毫針直刺 1 分左右，採取瀉法，留針 10 分鐘。,"（1）少澤為小腸經井穴，針刺井穴有開竅作用，乳頭也是竅的一種。《玉龍歌》《玉龍賦》《醫宗金鑑》中稱本穴為催乳穴。 (2) 小腸為分水之官, 主水液, 故本穴善於催乳。治療時施以瀉法 (較強刺激), 適用於乳汁不行的實證, 有通乳的功效, 也是治療乳房部病變的要穴。",,本組對穴為經驗取穴，兼顧經絡功能（小腸為分水之官）、特定穴（膻中為氣會，少澤為井穴）組成的特效對針。,"催乳,乳汁不行",100
婦男科,,47,回乳（乳汁過多）二針,足臨泣,在第4、第5蹠骨結合部前方凹陷處。（附圖30）,用毫針直刺5分左右，施用瀉法，留針30分鐘，每10分鐘捻針1次，囑患者輕輕揉按乳房部半分鐘。,足臨泣是膽經輸穴，也是八脈交會穴之一，通於帶脈，可以調理十二正經的氣血，還可疏通經絡，使乳汁減少。,,本組穴位是兼顧經絡功能、特定穴組成的特效對針。兩穴皆位於膽經，皆能疏肝，一穴為八脈交會穴，通於帶脈，可治療婦科疾病，一穴為絡穴，因肝膽相表裡，亦能疏肝。兩穴配合回乳，實為經驗取穴。,"回乳,乳汁過多",101
婦男科,,47,回乳（乳汁過多）二針,光明,在外踝尖直上 5 寸，腓骨後緣處。（附圖 29）,用毫針直刺1.5寸，得氣後提插捻轉使針感加強，留針30分鐘，每10 分鐘捻針 1 次，囑患者輕輕揉按乳部半分鐘。,光明穴是膽經絡穴，有疏通經氣、解鬱的作用，可治療乳汁過多。,,本組穴位是兼顧經絡功能、特定穴組成的特效對針。兩穴皆位於膽經，皆能疏肝，一穴為八脈交會穴，通於帶脈，可治療婦科疾病，一穴為絡穴，因肝膽相表裡，亦能疏肝。兩穴配合回乳，實為經驗取穴。,"回乳,乳汁過多",101
婦男科,,48,滑胎二針,還巢穴,在無名指中節外側（靠近小指之側）正中央。（附圖 37）,針刺時，取無名指第2節靠近小指側黑白肉際中點。取5分針，針2~3分，得氣後輕微捻針。每週針2~3次，對於習慣性滑胎者，針刺時應超過上次流產時間1周後停針。,"(1) 還巢位於三焦經, 三焦與腎通, 故本穴能調理三焦, 還能補腎。 （2）還巢能補肝腎、調理三焦、疏肝理氣，是治療婦科疾病的要穴，還能調理卵巢功能防止滑胎。",images/圖1-17_還巢穴.jpg,此為兩個特效穴組成的對穴。還巢穴和通腎穴皆能補脾腎，還能治療生殖系統疾患，且有安胎作用，兩穴合用，療效甚佳。對於滑胎患者，連續治療半個月即無流產之虞。,滑胎,102
婦男科,,48,滑胎二針,通腎穴,位於腿部髕骨內側上緣，左右各一，膝蓋上緣凹陷處。（附圖 54）,針刺深度3~5分。得氣後輕微捻針。每週針2~3次，對於習慣性滑胎者，針刺時應超過上次流產時間1周後停針。,"（1）脾經穴位能治療生殖系統疾患，如隱白、三陰交、衝門等對生殖系統疾患均有效。董氏奇穴的三通穴（通腎穴、通胃穴、通背穴）亦皆在脾經上。 (2) 婦科疾病多因脾腎虧虛, 三通穴組近血海穴, 故功效與血海穴相似。血海為血脈之海, 凡與血脈相關的疾病均可針刺血海穴, 故血海穴可治療子宮痛、赤白帶下等, 並能安胎。 （3）任取三通穴組（通腎穴、通胃穴、通背穴）一穴用來補腎治滑胎。對於滑胎患者，連續治療半個月即無流產之虞，筆者一般用通腎穴治療滑胎。",images/圖8-11_通腎穴.jpg,此為兩個特效穴組成的對穴。還巢穴和通腎穴皆能補脾腎，還能治療生殖系統疾患，且有安胎作用，兩穴合用，療效甚佳。對於滑胎患者，連續治療半個月即無流產之虞。,滑胎,102
婦男科,,49,妊娠嘔吐二針,內關,在前臂內側，腕橫紋上2寸，當曲澤與大陵連線上。（附圖22）,針刺時患者取仰臥位或舒適坐位。舒腕仰掌取穴，取雙側穴位。用毫針快速刺入，直刺0.5~0.8寸，得氣後施以捻轉手法，並囑患者深呼吸2~3次。留針30分鐘，每5~10分鐘重複上述手法1次。隔日針刺1次，嚴重者可每日針刺1次。,"（1）內關為心包經絡穴，心包經有一支脈連線手少陽三焦經，故本穴有行血、開絡、安神、緩痛、寬胸理氣、調胃和心的作用，能調控逆氣，治療嘔吐甚效。 (2) 手足厥陰經相通, 心包與肝相通, 故針刺內關可疏肝解鬱、平肝調氣。 （3）心包絡與胃臟腑別通，故針刺本穴能治療胃經疾病。內關有調和中焦脾胃、調節氣機升降的作用，針刺本穴可緩解早孕嘔吐症狀。",,此為兩個功用相近的穴位組成的特效對針。兩穴皆能強心、調理脾胃，因此兩穴合用治療妊娠嘔吐甚效。,妊娠嘔吐,103
婦男科,,49,妊娠嘔吐二針,通關穴,位於大腿正中線上，距膝蓋橫紋上5寸。（附圖56）,針刺深度 0.5~1 寸。,（1）通關穴臨近胃經，故有胃經的功效，可以治療胃病。也因為胃與心包絡臟腑別通，所以通關亦能治療心疾。對於嚴重的胃病患者可在針刺內關穴出血後再針通關，療效更佳。針刺本穴對早孕嘔吐有效。 （2）通關穴夾著伏兔穴，伏兔為脈絡之會（《針灸大成》），故通關穴亦能調理血液迴圈，效果較好。 （3）通關穴行血強心、調理脾胃，功同內關。通關、內關穴名皆有“關”字，亦說明通關有調節血液之作用。,images/圖8-3_通關穴.jpg,此為兩個功用相近的穴位組成的特效對針。兩穴皆能強心、調理脾胃，因此兩穴合用治療妊娠嘔吐甚效。,妊娠嘔吐,103
婦男科,,50,乳癰二針,內關,在前臂掌側，當曲澤與大陵的連線上，腕橫紋上2寸。（附圖22）,用 1.5 寸毫針快速刺入穴內 5 分，得氣後先捻轉 2~3 次，再提插 2~3 次，反覆行針 3 次，在行針過程中，邊行針邊囑患者深呼吸幾次，並做挺胸動作。,（1）內關自古以來就是治療胸和乳房部疾病的要穴。《六總穴歌》中說：“胸膺內關謀。” （2）內關穴為手厥陰心包經絡穴，心包經從胸走手，針刺心包經穴位可以治療經絡循行部位的疾病，如胸和乳房部疾病。針刺內關穴能調三焦、清心包、祛邪散瘀、寬胸和中、疏肝理氣、通乳散結，治療乳癰效果較好。 （3）乳房屬於足陽明胃經，乳頭屬於足厥陰肝經。內關透過臟腑別通通於胃經，且所屬經脈與足厥陰肝經同名經相通，故本穴能治療肝胃不和導致的病證。,,此為兩組臟腑別通及同名經相通互用組成的特效對針。內關穴透過心包經臟腑別通通於胃經，可以治療乳房部疾病。此外，內關穴透過手足厥陰“同名經相通”通於肝經，也能治療乳房部疾病。曲池透過大腸經“臟腑別通”通於肝，可以治療乳房部疾病，透過手足陽明“同名經相通”通於胃，治療乳房部疾病。兩穴合用效力強大。 筆者按：梁丘、太沖也是一組特效對針。梁丘為足陽明胃經郄穴，郄穴善於調理氣血，善治本經之急病，乳房屬於足陽明胃經，乳頭屬於足厥陰肝經，針刺梁丘治療急性乳腺炎效果較好。太沖為肝經輸穴及原穴，有疏肝理氣、通絡散瘀之功效，中醫學認為此兩穴合用治療乳癰（急性乳腺炎），療效較佳。,乳癰,104
婦男科,,50,乳癰二針,曲池,肘橫紋外側端，屈肘，當尺澤穴與肱骨外上髁連線中點，肘橫紋橈側頭稍外方。（附圖4）,患者坐位，屈肘，用2寸毫針刺入穴中，進針1.5寸深，施快速捻轉、提插交替的強刺激手法1分鐘，使針感放射至患側肩部。留針30分鐘，每隔10分鐘行捻轉提插強刺激手法1分鐘。在行針的過程中，邊行針邊囑患者深呼吸幾次，並做挺胸動作。,"（1）足陽明胃經經過乳房，曲池為手陽明大腸經的合穴，手足陽明經相通，所以針刺曲池穴能疏通陽明經經氣，清瀉陽明經實熱，治療陽明經病變。針刺曲池還可以疏解陽明經，治療乳腺炎。 (2) 乳頭屬於足厥陰肝經, 大腸與肝臟腑別通, 故針刺曲池可以疏肝解鬱、理氣疏洩。筆者治療急性乳腺炎患者經 1~3 次針刺即可痊癒。",,此為兩組臟腑別通及同名經相通互用組成的特效對針。內關穴透過心包經臟腑別通通於胃經，可以治療乳房部疾病。此外，內關穴透過手足厥陰“同名經相通”通於肝經，也能治療乳房部疾病。曲池透過大腸經“臟腑別通”通於肝，可以治療乳房部疾病，透過手足陽明“同名經相通”通於胃，治療乳房部疾病。兩穴合用效力強大。 筆者按：梁丘、太沖也是一組特效對針。梁丘為足陽明胃經郄穴，郄穴善於調理氣血，善治本經之急病，乳房屬於足陽明胃經，乳頭屬於足厥陰肝經，針刺梁丘治療急性乳腺炎效果較好。太沖為肝經輸穴及原穴，有疏肝理氣、通絡散瘀之功效，中醫學認為此兩穴合用治療乳癰（急性乳腺炎），療效較佳。,乳癰,104
婦男科,,51,疝氣二針,大敦,在足大趾末節外側，距趾甲角旁0.1寸。（附圖31）,正坐垂足，從足踇趾爪甲根外側1分許爪甲之凹陷處取穴，約當外側趾甲角與趾腹外側緣連線之中點處。直刺，深2~3分。捻轉進針，平補平瀉，捻針時同時囑患者提肛收小腹，留針30分鐘，每間隔10分鐘捻針1次，得氣後留針，可加用艾條灸。,（1）肝主筋，又“前陰者，宗筋之所聚”，肝經繞陰部1周至下腹部，故本穴可治療各類疝氣。大敦為肝經井穴，功能疏經調肝祛邪。常用於治療女性腹部腫塊、子宮下垂、子宮腫痛，還可以治療男性腹股溝疝氣。 (2)《玉龍歌》《玉龍賦》《百症賦》《通玄指要賦》《長桑君天星秘訣歌》《勝玉歌》《雜病穴法歌》《醫宗金鑑》《靈光賦》等書中記載了本穴為治療疝氣之特效穴。,,此為臟腑別通、太極全息對應、古法經驗配合應用組成的對穴。治療疝氣，首選肝經穴位，蓋肝主筋，前陰為宗筋所聚之處，而足厥陰肝經經脈繞陰器抵小腹，根據“經脈所過，主治所及”，所以治療各種疝氣有效。古代文獻中多認為大敦穴是治療疝氣之特效穴。大間（董氏奇穴）穴在井穴、滎穴之間，基於太極手軀順對，治小腸氣、疝氣、睪丸墜痛甚效。兩穴配合治療疝氣效果更佳。 筆者按：大敦配太沖亦為治療疝氣之特效對針。太沖之效能參見筆者《楊維傑常見病特效一針療法》一書。,疝氣,105
婦男科,,51,疝氣二針,大間穴,食指第1節正中央偏向大指外開3分。本穴位於食指陰掌第1節B線。（附圖36）,平臥或正坐，手心向上，取食指第1節中央偏向大指3分是穴。針2~3分，用平補平瀉法。針刺時囑患者提肛收小腹，留針30分鐘，留針期間每5分鐘行針1次，運針時仍囑患者提肛收小腹。,"（1）食指屬於大腸經，透過大腸與肝臟腑別通，故本穴能治療肝病。大間位於井穴和滎穴之間，根據太極手軀順對，治療疝氣、睪丸墜痛甚效。 (2) 董師說: “治疝氣成方——外間、大間、小間、中間四穴同時用針為主治疝氣之特效針。” 然而, 他只在大間後面特別強調 “治疝氣 (尤具特效)”, 所以若臨床只能單選一穴, 則大間穴為首選。",images/圖1-8_大間穴.jpg,此為臟腑別通、太極全息對應、古法經驗配合應用組成的對穴。治療疝氣，首選肝經穴位，蓋肝主筋，前陰為宗筋所聚之處，而足厥陰肝經經脈繞陰器抵小腹，根據“經脈所過，主治所及”，所以治療各種疝氣有效。古代文獻中多認為大敦穴是治療疝氣之特效穴。大間（董氏奇穴）穴在井穴、滎穴之間，基於太極手軀順對，治小腸氣、疝氣、睪丸墜痛甚效。兩穴配合治療疝氣效果更佳。 筆者按：大敦配太沖亦為治療疝氣之特效對針。太沖之效能參見筆者《楊維傑常見病特效一針療法》一書。,疝氣,105
婦男科,,52,陽痿二針,大敦,在足大趾端末節外側，距趾甲角旁0.1寸。（附圖31）,正坐垂足，從足踇趾爪甲根外側1分許爪甲凹陷處取穴，約當外側趾甲角與趾腹外側緣連線之中點處。直刺，深2~3分。捻轉進針，平補平瀉，捻針時同時囑患者提肛收小腹，留針30分鐘，每間隔10分鐘捻針1次，得氣後留針，可加用艾條灸。,"（1）肝主筋，又“前陰者，宗筋之所聚”，肝經繞陰部1周至下腹部，故大敦是治療陽痿的首選穴。而緊張焦慮也會導致陽痿，治療陽痿要注重疏肝，大敦也可疏肝治療陽痿。 (2) 陽痿常為寒證, 大敦為肝之井穴, 能開竅祛寒。 (3) 陽痿系陰莖充血不足, 肝血虛引發, 肝主藏血, 針刺肝經穴位能治之。 （4）陰莖能屈能伸，陽痿時陰莖不能伸，屬於筋病。大敦為木經之木穴，是真五行，故能疏肝、祛寒、治筋病，是治療陽痿的特效穴。",,此為經絡、臟腑功能、五行、特定要穴組成的特效對針。大敦為肝經井穴，又為木經之木穴，系真五行，最擅疏肝祛寒，善治筋病，大敦為治療陽痿的特效穴。關元為培腎固本、補益元氣、回陽固脫之常用強壯穴，灸關元穴治療陽痿確有較好的療效，兩穴合用效果更佳。 筆者按：三陰交配大敦治療陽痿，效果亦較佳。三陰交為脾、肝、腎三陰經之交會穴，其功效與關元相似。三陰交之效能參見筆者《楊維傑常見病特效一針療法》一書。,陽痿,106
婦男科,,52,陽痿二針,關元,在下腹部，身體前正中線上，當臍下3寸，曲骨穴上2寸。（附圖32）,用陳艾艾炷，每次隔姜施灸30壯，每週3次，每3次為1個療程，各療程間停灸1周。或用艾條灸，保持適當距離在穴位上灸10分鐘，每週3次，每3次為1個療程。,（1）關元別名為丹田，為三陰經（脾經、肝經、腎經）與任脈的交會穴，也是三焦之氣的發源地，為補腎固本、補益元氣、回陽固脫之要穴。此處乃男性藏精之所在，女子蓄血之處。 （2）關元穴主治病證很多，尤其常用於治療與腎虛有關的病證，灸之能增強免疫功能，還能補益腎氣。在關元隔姜灸或者拔罐可治療陽痿、遺精等疾病。,,此為經絡、臟腑功能、五行、特定要穴組成的特效對針。大敦為肝經井穴，又為木經之木穴，系真五行，最擅疏肝祛寒，善治筋病，大敦為治療陽痿的特效穴。關元為培腎固本、補益元氣、回陽固脫之常用強壯穴，灸關元穴治療陽痿確有較好的療效，兩穴合用效果更佳。 筆者按：三陰交配大敦治療陽痿，效果亦較佳。三陰交為脾、肝、腎三陰經之交會穴，其功效與關元相似。三陰交之效能參見筆者《楊維傑常見病特效一針療法》一書。,陽痿,106
婦男科,,53,遺精二針,關元,在下腹部，身體前正中線上，當臍下3寸，曲骨穴上2寸。（附圖32）,仰臥位取穴，直刺約1寸。得氣後施以提插捻轉手法，中刺激。留針30分鐘，留針期間加用溫針灸。,（1）遺精多為腎氣虧虛，藏精不足所致，故治療當以補腎扶陽為主。關元為足三陰經（脾經、肝經、腎經）與任脈的交會穴，也是三焦之氣的發源地，是培腎固本、補益元氣、回陽固脫之要穴。在關元隔姜灸治療遺精有效。 (2) 關元自古以來就是治療遺精的要穴。《醫學入門》中說: “關元主……遺精 白濁。”《類經圖翼》中說：“遺精不禁者，五壯，立效。”《百症賦》中說“針三陰於氣海，專司白濁久遺精。”,,此為經絡、臟腑功能、太極全息對應、特定要穴組合的特效對針。遺精患者多由陰虛火旺或腎虛不固所致，少數患者因溼熱下注所致。灸關元可固本扶元，溫補腎陽，固約精關，有補虛固精止遺的作用，自古以來就常用關元治療遺精。腎關在膝太極中（以膝為臍）約對應關元穴，所以說腎關有補脾腎、益氣收斂祛溼的作用，治療遺精甚效。 筆者按：三陰交配腎關或關元治療遺精亦甚效，三陰交是治療生殖、泌尿系統疾病的要穴。以膝太極及區域性全息來看，三陰交處於小腿下焦區，對應小腹，以踝太極來看，三陰交位置與關元穴對應，這也是三陰交治療遺精有效的原因。,遺精,107
婦男科,,53,遺精二針,腎關穴,在陰陵泉穴直下 1.5 寸，脛骨內側。（附圖 55）,直刺，針刺深度1.5~2寸。針刺得氣後，囑患者提肛收小腹，留針30分鐘。每隔10分鐘捻針1次。運針時仍囑患者提肛收小腹。,"（1）腎關為補腎要穴，位於陰陵泉（天皇穴）下，陰陵泉為土經水穴，有脾腎雙補的作用。 (2) 本穴穴名為腎關, 作用類似於腎俞和關元, 為補腎常用穴位。 （3）根據膝太極對應，膝上的腎關對應臍上的關元，故腎關有補脾腎、益氣收斂的作用，對腎虛引起的各種病證皆有效果，所以能治療遺精。本穴單用即可，配三陰交效果更佳。",,此為經絡、臟腑功能、太極全息對應、特定要穴組合的特效對針。遺精患者多由陰虛火旺或腎虛不固所致，少數患者因溼熱下注所致。灸關元可固本扶元，溫補腎陽，固約精關，有補虛固精止遺的作用，自古以來就常用關元治療遺精。腎關在膝太極中（以膝為臍）約對應關元穴，所以說腎關有補脾腎、益氣收斂祛溼的作用，治療遺精甚效。 筆者按：三陰交配腎關或關元治療遺精亦甚效，三陰交是治療生殖、泌尿系統疾病的要穴。以膝太極及區域性全息來看，三陰交處於小腿下焦區，對應小腹，以踝太極來看，三陰交位置與關元穴對應，這也是三陰交治療遺精有效的原因。,遺精,107
五官科,顏面,54,面神經麻痺二針,上巨虛,小腿前外側，當犢鼻下6寸，足三里下3寸，距脛骨前緣一橫指。（附圖8）,右臉麻痺者針右側，左臉麻痺者針左側，均針入1.5~2寸（視患者體型胖瘦而定），針尖向上45°斜針，留針時間宜長，以60~90分鐘最佳，每隔10分鐘捻針1次，捻針時囑患者張口、閉口活動嘴巴。,"(1) 手陽明大腸經 “貫頰, 入下齒中, 還出夾口, 交人中, 左之右, 右之左, 上夾鼻孔”。足陽明胃經 “下循鼻外, 入上齒中, 還出夾口環唇, 下交承漿”。由此可知, 手足陽明經圍繞嘴唇和口腔。 (2) 上巨虛一穴便涵蓋了手足兩條陽明經的功能。 （3）大腸與肝臟腑別通，肝經環繞口腔內1周，所以針刺上巨虛可同時治療口腔內部及外部。",,此為經絡、臟腑別通發揮組成的特效對針。《標幽賦》中說：“頭有病而腳上針。”頭部病證用遠端取穴針刺法，以下治上，上巨虛配足三里，治療口歪眼斜療效迅速。蓋手足陽明經包圍口唇，且大腸與肝臟腑別通，肝經繞唇內1周，胃經下合穴足三里與大腸經下合穴上巨虛並用，可治療口之內外病證，兩穴合用治療口歪眼斜效果更為迅速。治療口歪眼斜早期患者療效甚佳，針刺幾天即可恢復。治療慢性口歪眼斜者（超過3個月）需要針刺10次或更長時間才能取得良好的效果。此二穴稱此為“口歪二針”。 筆者按：內頰車在面頰部口腔內，正對頰車穴或在口腔咬合處。用三稜針在患側內頰車穴點刺8~10下，深度約1分，使其自然出血，然後迅速用溫開水漱口。每2~3日1次。此為治口歪第一要法，不論新病還是久病皆有療效。面癱多由風寒之邪侵襲，經絡氣血阻塞所致，肝經環繞口唇1周，口腔刺血可疏肝祛風活絡，還能調陽明經氣（陽明經繞唇口），濡養經筋，扶正祛邪，則面肌弛緩得以恢復。新病患者在早期積極治療的話，往往治療2~3次即可痊癒。久病患者用此法治療也頗有療效。治療面癱在患側內頰車穴用三稜針快速刺血，但根據筆者經驗在健側內頰車穴點刺亦有療效。內頰車刺血配合“口歪二針”治療面癱，療效更快。,面神經麻痺,109
五官科,顏面,54,面神經麻痺二針,足三里,在小腿前外側，犢鼻穴下3寸，距脛骨前緣1橫指（中指）。（附圖8）,徐徐進針，直刺約2寸深，得氣後施以提插捻轉手法，強刺激。留針20~30分鐘，每5分鐘捻針1次。,"（1）足三里為足陽明胃經合穴，合穴主治臟腑病證。胃經與脾經相表裡，針刺足三里可疏通胃經，調節脾胃功能。足陽明胃經氣血充盈（多氣多血），針刺本穴可行氣活血。 (2) 足三里是增強人體免疫功能的重要穴位, 為全身強壯要穴之一。足陽明 胃經與手陽明大腸經共同包圍著口唇，針刺本穴治療面神經麻痺、口歪眼斜，確有良效。",,此為經絡、臟腑別通發揮組成的特效對針。《標幽賦》中說：“頭有病而腳上針。”頭部病證用遠端取穴針刺法，以下治上，上巨虛配足三里，治療口歪眼斜療效迅速。蓋手足陽明經包圍口唇，且大腸與肝臟腑別通，肝經繞唇內1周，胃經下合穴足三里與大腸經下合穴上巨虛並用，可治療口之內外病證，兩穴合用治療口歪眼斜效果更為迅速。治療口歪眼斜早期患者療效甚佳，針刺幾天即可恢復。治療慢性口歪眼斜者（超過3個月）需要針刺10次或更長時間才能取得良好的效果。此二穴稱此為“口歪二針”。 筆者按：內頰車在面頰部口腔內，正對頰車穴或在口腔咬合處。用三稜針在患側內頰車穴點刺8~10下，深度約1分，使其自然出血，然後迅速用溫開水漱口。每2~3日1次。此為治口歪第一要法，不論新病還是久病皆有療效。面癱多由風寒之邪侵襲，經絡氣血阻塞所致，肝經環繞口唇1周，口腔刺血可疏肝祛風活絡，還能調陽明經氣（陽明經繞唇口），濡養經筋，扶正祛邪，則面肌弛緩得以恢復。新病患者在早期積極治療的話，往往治療2~3次即可痊癒。久病患者用此法治療也頗有療效。治療面癱在患側內頰車穴用三稜針快速刺血，但根據筆者經驗在健側內頰車穴點刺亦有療效。內頰車刺血配合“口歪二針”治療面癱，療效更快。,面神經麻痺,109
五官科,顏面,55,面肌痙攣二針,後溪,小指本節（第5掌指關節）後的遠側掌橫紋頭赤白肉際處。（附圖12）,取患側後溪穴，輕握拳，用毫針快速向勞宮穴方向直刺約1.5寸，行捻轉提插手法得氣後，再大幅度捻轉2~3次，然後囑患者做閉眼、睜眼動作，動引其氣，或用手按摩面部0.5~1分鐘，每5~10分鐘捻針1次，留針30分鐘。如進針10分鐘後症狀未減輕，取對側後溪穴，用同樣手法操作。,（1）小腸經“其支者，從缺盆循頸，上頰，至目銳眥，卻入耳中。其支者，別頰上頤，抵鼻，至目內眥，斜絡於顴”。小腸經途經目內眥、目外眥及顴骨，“經脈所過，主治所及”，故本穴可以治療面部痙攣。 （2）面肌痙攣是一種風系病證。後溪為手太陽經上的木穴，對本經風證甚效，故可治療面肌抽搐。 （3）後溪為八脈交會穴之一，通於督脈，督脈行陽定風，所以說後溪是治療面部肌肉抽搐常用的有效穴位。 （4）針刺後溪時透到勞宮穴效果更好。勞宮穴是手厥陰經的滎水穴，能清虛熱，養陰血，與足厥陰肝經手足同名經相通，亦能清肝火，息肝風，是治療面部肌肉抽搐或痙攣的有效穴位。後溪透勞宮，一針透兩個穴位，療效更快、更好。,,此為兩個經絡屬木的輸穴組成的對針，功能祛風止痛。後溪是手太陽經之輸木穴，針刺後溪對本經之風病甚效，透勞宮則療效更強，勞宮為手厥陰經滎水穴，與足厥陰經相通，所以後溪能清肝火、息肝風。三間為大腸經之輸穴屬木應風，又大腸與肝臟腑別通，亦應風。後溪配大白稱為“面顫二針”。,面肌痙攣,110
五官科,顏面,55,面肌痙攣二針,三間,在食指本節(第2掌指關節)後，橈側凹陷處。本穴向前貼骨即為大白。(附圖2),握拳取穴，直刺1寸，針刺得氣後，囑患者做閉眼、睜眼動作，動引其氣，或用手按摩痙攣之面肌。一般留針30分鐘，每隔10分鐘捻針1次，捻針時囑患者做閉眼、睜眼動作，或用手按摩痙攣面肌0.5~1分鐘。,"（1）三間是手陽明大腸經的輸穴。手足陽明經相通，兩條陽明經循行皆到達面部，故治療面部疾病可針刺三間。 (2) 三間是大腸經的輸穴, 五行屬木且與風相應。面部肌肉痙攣和抽搐與風相關, 而大腸與肝臟腑別通, 也與風相應, 故可用三間治療面部疾病。 （3）本穴再向前貼骨，即董氏奇穴的大白穴。根據全息點之頭點，大白所在的第2掌指關節與頭部對應，針刺大白不僅對頭痛有效，而且對面部疾病也有效。對於久病疼痛患者，中醫學認為久病多兼腎虛，大白穴貼骨，刺之治療痛證效果尤佳。",,此為兩個經絡屬木的輸穴組成的對針，功能祛風止痛。後溪是手太陽經之輸木穴，針刺後溪對本經之風病甚效，透勞宮則療效更強，勞宮為手厥陰經滎水穴，與足厥陰經相通，所以後溪能清肝火、息肝風。三間為大腸經之輸穴屬木應風，又大腸與肝臟腑別通，亦應風。後溪配大白稱為“面顫二針”。,面肌痙攣,110
五官科,顏面,56,上瞼下垂二針,門金穴,在第2蹠骨與第3蹠骨連線部之直前陷中。即胃經陷谷穴後骨前陷中。（附圖51）,貼骨進針，直刺約2寸深，行提插捻轉手法，囑患者揉摩眼部，並嘗試睜眼，留針30分鐘，每5分鐘運針1次，仍行提插捻轉手法，並輕揉眼部，囑患者練習睜眼。,（1）上瞼下垂屬於脾虛氣虛者，宜針刺與土金有關之穴位。門金，穴名中的“金”是指“肺、大腸”和“氣”的功能。此穴在胃經上，兼具土金兩性，故有脾肺並補之效。 （2）門金是輸穴，輸穴主治身體沉重及關節痛，故可治療疼痛及沉重無力之病證。 （3）門金穴治療顳側頭痛也有效果，太極全息亦對應上眼瞼部位。,images/圖6-4_門金穴.jpg,這是五行補脾與太極全息對應組成的特效對針。上瞼下垂、眼皮無力睜不開，與脾氣虛有關，針刺與土金有關的穴位治療效果最佳。門金穴能健脾，三叉三也能健脾，且兩穴在太極全息對應中都對應眼部，兩穴合用治療眼皮無力抬舉者甚 效，稱為“瞼二針”。,上瞼下垂,112
五官科,顏面,56,上瞼下垂二針,三叉三穴,在手背第4、第5指指縫（歧骨）間陷中為液門穴，旁邊筋下骨旁為三叉三穴。（附圖61）,握拳取穴，避開淺靜脈，沿筋下貼骨間隙進針1~1.5寸，區域性可有酸、麻、重、脹感，有針感後囑患者揉摩眼部，並嘗試睜眼，再留針30分鐘，每5分鐘運針1次，反覆行提插捻轉手法，並輕揉眼部，仍囑患者練習睜眼。,（1）三叉三是治療五官疾病的常用穴位，董師認為此穴還有健脾的作用。針刺三叉三穴1寸至中渚，亦與脾相應，可治療脾虛引起的眼瞼沉重。 （2）滎穴可治療面部五官疾病，三叉三穴位於滎穴位置，且對應眼面部，因此可以治療眼睛和麵部疾病。,,這是五行補脾與太極全息對應組成的特效對針。上瞼下垂、眼皮無力睜不開，與脾氣虛有關，針刺與土金有關的穴位治療效果最佳。門金穴能健脾，三叉三也能健脾，且兩穴在太極全息對應中都對應眼部，兩穴合用治療眼皮無力抬舉者甚 效，稱為“瞼二針”。,上瞼下垂,112
五官科,眼,57,麥粒腫二針,耳尖,折耳向前，耳郭上方的尖端處。（附圖58）,先按摩患側耳尖，使之充血。然後消毒，用三稜針點刺出血，或用醫用採血片，在耳輪外緣最高點輕輕點刺出血。擠出血3~5滴或待血擠不出為止，隔日1次。,"(1) 在耳尖刺血能活血化瘀、散熱消腫、鎮靜退熱。 (2) 耳尖是治療眼部疾病的常用穴位。採用刺血法可治療麥粒腫、瞼板腺囊腫和急性結膜炎。刺血後邪氣隨之釋放，邪有出路，當經絡通暢時，疼痛也會減輕。 (3) 太陽經起於目內眥, 循行至耳尖。少陽經繞耳而達目外眥。耳部為太陽經、少陽經循行所過之處, 故在耳尖點刺出血, 可治療太陽經、少陽經疾病。",,此為兩個刺血特效穴組成的對針，兩穴配合治療麥粒腫效果加倍。耳尖及太陽穴皆與眼部經絡有關，且任一穴位刺血治療皆特效。,麥粒腫,113
五官科,眼,57,麥粒腫二針,太陽,位於顳窩中，外眼角後上方，當眉梢與目外眥之間，向後約1橫指凹陷處，左右側各一穴。（附圖13）,針刺患側，向內斜刺0.5~1寸，用捻轉瀉法，得氣後留針15~20分鐘，每隔5分鐘捻轉1次，出針後擠出血液數滴，或以三稜針點刺出血，效果更好。,太陽穴是經外奇穴，也是足少陽經和足陽明經兩經的交會之處，手太陽經和手少陽經循行皆經過眼周，所以在太陽穴刺血可祛風散熱明目，治療麥粒腫效果較好。,,此為兩個刺血特效穴組成的對針，兩穴配合治療麥粒腫效果加倍。耳尖及太陽穴皆與眼部經絡有關，且任一穴位刺血治療皆特效。,麥粒腫,113
五官科,眼,58,結膜炎二針,太陽,位於顳窩中，外眼角後上方，當眉梢與目外眥之間，向後約1橫指凹陷處，左右側各一穴。（附圖13）,針刺患側，向內斜刺 0.5~1 寸，用捻轉瀉法，得氣後留針 15~20 分鐘，每隔 5 分鐘捻轉 1 次，出針後擠出血液數滴，或以三稜針點刺出血，效果更好。,太陽穴為經外奇穴，還是足少陽經和足陽明經的交會之處，又因為手太陽經和手少陽經脈皆經過眼周，在太陽穴刺血，可祛風散熱、清頭明目，治療結膜炎效果很好。,,此為兩個刺血特效穴組成的對針。耳尖穴處有太陽經及少陽經經過，因此在耳尖點刺能治療眼部疾病。太陽穴是經外奇穴，為足少陽經及足陽明經交會之處，又因為手太陽經及手少陽經脈分佈在眼睛周圍，所以針刺太陽穴有疏風散熱、清火明目的作用，刺血效果尤佳。,結膜炎,114
五官科,眼,58,結膜炎二針,耳尖,折耳向前，耳郭上方的尖端處。（附圖58）,先按摩患側耳尖，使之充血。然後消毒，用三稜針點刺出血，或用醫用採血片，在耳輪外緣最高點輕輕點刺出血。擠出血3~5滴或待血擠不出為止，隔日1次。,在耳尖刺血，可治療眼睛周圍以及太陽經、少陽經兩條經脈循行所過部位的疾病，在耳點刺血有清熱祛邪、活血通絡的功效。,,此為兩個刺血特效穴組成的對針。耳尖穴處有太陽經及少陽經經過，因此在耳尖點刺能治療眼部疾病。太陽穴是經外奇穴，為足少陽經及足陽明經交會之處，又因為手太陽經及手少陽經脈分佈在眼睛周圍，所以針刺太陽穴有疏風散熱、清火明目的作用，刺血效果尤佳。,結膜炎,114
五官科,眼,59,溢淚二針,木穴,在掌麵食指內側，靠近食指及中指縫一側，位於陰掌食指第1節D線上，共有2處。（附圖37）,直刺，針刺深度2~3分。,（1）木穴是手掌上的常用穴位。對於乾眼症、流淚過多、手心出汗、感冒、手掌皮膚硬化均有效。 （2）木穴主治原理為“大腸主津”，大腸與肝臟腑別通，肝開竅於目，故本穴治療流淚過多有效。,images/noref_木穴.jpg,這是遠近特效穴合用組成的對穴。肝開竅於眼，木穴透過大腸和肝臟腑別通，故能治眼病，另“大腸主津”，因此本穴治療流淚過多有效。睛明穴是治療眼病的有效穴位，可以調節眼周氣血迴圈，亦可疏通淚管。木穴及睛明穴單獨應用皆有特效，合用效果更快、更好。,溢淚,114
五官科,眼,59,溢淚二針,睛明,在面部，目內眥角稍上方凹陷處。（附圖 14）,取仰臥或端坐位，讓患者頭後仰，醫生用手指將眼球稍推向外側，使眼眶內緣有一凹陷，毫針針尖沿眼眶內緣凹陷處緩慢刺入0.5~1.5寸深，不提插、不捻轉，迅速出針，出針後壓迫區域性2~3分鐘，防止出血。每週可針刺2次。進針時如針下有阻礙或有痛感時，要立即退針，稍改變方向（否則可能刺傷血管）。由於眼內緣瞼內側韌帶中有內眥動脈、內眥靜脈，深層上方有眼動脈、眼靜脈，因此要選擇針身挺直，針尖鋒利（無鉤刺）的毫針。,"(1) 睛明穴是治療眼病的有效穴位, 可調節眼周氣血迴圈, 亦可疏通淚管。 （2）睛明穴也是膀胱經起始的第1個穴位，功能祛風通絡，治療眼部疾病非常有效。 (3) 針刺睛明穴時手法應儘量輕柔, 避免出現血腫。",,這是遠近特效穴合用組成的對穴。肝開竅於眼，木穴透過大腸和肝臟腑別通，故能治眼病，另“大腸主津”，因此本穴治療流淚過多有效。睛明穴是治療眼病的有效穴位，可以調節眼周氣血迴圈，亦可疏通淚管。木穴及睛明穴單獨應用皆有特效，合用效果更快、更好。,溢淚,114
五官科,耳,60,耳鳴二針,風市,在大腿外側部的中線上，當膕橫紋上7寸，或直立垂手時，中指尖處。約在中瀆穴上2寸處。（附圖28）,從股外側向後內刺入，針尖朝上，針刺深度0.8~1寸，針刺時若針感沿膽經上傳則效果更佳。留針30分鐘。,（1）從風市穴的穴名可以看出，此穴有鎮靜安神的作用，對各種型別的疼痛、抽搐、蕁麻疹都有效果。 （2）少陽經繞耳1周，併入耳，故本穴治療耳鳴有特效，對於耳聾也有一些效果。,,此為“手足同名經”效穴組成的特效對穴。手足少陽經相通，中渚穴是治療五官疾病的要穴，風市是治療耳鳴的特效驗穴，兩穴合用，效果較好。筆者用此對穴治療很多耳鳴、重聽患者，效果較好，稱為“耳鳴二針”。 筆者按：針刺時加耳旁之聽會穴做牽引效果更佳，這是治療耳鳴的最佳組合。,耳鳴,116
五官科,耳,60,耳鳴二針,中渚,在手背部，當環指本節（掌指關節）的後方，第4、第5掌骨間凹陷處。液門上約1寸處。（附圖23）,握拳取穴，直刺，從背側面向掌側面刺入。針刺深度3~5分。,（1）中渚穴是手少陽三焦經上的輸穴，五行屬木，根據“滎輸治外經”理論，中渚穴可用於治療少陽經循行部位的疾病。少陽經繞耳入耳，中渚穴可治療目、耳、喉、頭等部位的鬱熱。 （2）臨床上，中渚穴可用於治療耳鳴、聽力下降、中耳炎（中耳感染）、頭暈、眼紅、咽喉腫痛、偏頭痛等疾病。 （3）由於三焦與腎臟腑別通，故本穴能補腎虛，對於老年性耳鳴，一般針刺後即刻見效。,,此為“手足同名經”效穴組成的特效對穴。手足少陽經相通，中渚穴是治療五官疾病的要穴，風市是治療耳鳴的特效驗穴，兩穴合用，效果較好。筆者用此對穴治療很多耳鳴、重聽患者，效果較好，稱為“耳鳴二針”。 筆者按：針刺時加耳旁之聽會穴做牽引效果更佳，這是治療耳鳴的最佳組合。,耳鳴,116
五官科,耳,61,中耳炎二針,制汙穴,董氏奇穴：制汙穴位於大指背中央線上，共計三穴，取穴採用四分點法。（附圖39）,本穴處容易充血出血，用醫用採血片刺出黑血，一穴足以，效果更好。,"(1) 制汙穴位於肺經, 可治療皮膚病。其所在位置與井穴相近, 適合用刺血之法, 是治療中耳炎、帶狀皰疹、內部膿腫的有效穴位。 （2）維傑新制汙穴僅刺血一針（制汙穴原由三個穴位組成），療效更好，蓋第1指節皆屬於井穴範圍，第2指節以下屬於滎穴範圍，在此處刺血則井滎並治，肺屬金主皮膚，井能開竅，滎穴屬火應心，“諸痛癢瘡，皆屬於心”，所以制汙穴治療膿性炎症有效。 (3) 制汙穴能調營衛氣血。根據筆者經驗, 一般治療潰瘍如果不便刺血時, 可用麥冬養榮湯, 此方是清代名醫唐宗海創制, 能治氣血, 調和營衛, 治療難以癒合的傷口, 確有良效。制汙穴針方對應麥冬養榮湯。",images/圖1-30_制汙穴.jpg,這是特效穴配合區域性牽引組成的特效對針。制汙穴位於井穴、滎穴之間，井穴能開竅，滎穴屬火應心，“諸痛癢瘡，皆屬於心”，針刺制汙穴能調和營衛，配合耳旁之聽宮穴作為牽引針，治療中耳炎效果很好。制汙穴配聽宮穴稱為“聤耳二針”。,中耳炎,117
五官科,耳,61,中耳炎二針,聽宮,在面部，耳屏前，下頜骨髁狀突的後方，張口時呈凹陷處。（附圖 13）,直刺，從前外側向後內側，針刺3~5分。,"(1) 聽宮穴位於手太陽經, 也是手足少陽經的交會之處, 功能開竅清熱。 (2) 根據經絡循行, 針刺聽宮穴可治療聽力下降、耳鳴、中耳炎等。",,這是特效穴配合區域性牽引組成的特效對針。制汙穴位於井穴、滎穴之間，井穴能開竅，滎穴屬火應心，“諸痛癢瘡，皆屬於心”，針刺制汙穴能調和營衛，配合耳旁之聽宮穴作為牽引針，治療中耳炎效果很好。制汙穴配聽宮穴稱為“聤耳二針”。,中耳炎,117
五官科,鼻,62,鼻塞二針,門金穴,門金穴在第 2 蹠骨與第 3 蹠骨連線部之直前陷中，即胃經陷谷穴後骨前陷中。（附圖 51）,針刺深度 0.5~1 寸。針入得氣後，囑患者深呼吸幾次。留針 30 分鐘，每 10 分鐘捻針 1 次，捻針時囑患者深呼吸幾次。,(1)門金的位置與胃經輸穴相鄰。穴名中的“金”指“肺、大腸”和“氣”的功能。金者肺也，所以針刺本穴可升調氣機。 （2）胃經循行經過鼻，故針刺本穴治療鼻塞有效，本穴還可以治療鼻痛、鼻炎等病。,images/圖6-4_門金穴.jpg,這是手足陽明經特效穴遠近合用組成的對針。手足陽明經皆通於鼻，門金在輸穴位置，太極全息對應五官，是治療五官病的要穴，又能補氣理氣。迎香在鼻旁，為治療鼻病要穴，可作為門金之牽引針，兩穴合用治療鼻塞不通確有特效。門金穴配迎香穴稱為“鼻塞二針”。 筆者按：木穴為治療鼻塞之特效穴，以門金或迎香配木穴治療鼻塞亦為特效對針。木穴當掌麵食指內側，距中央線2分之直線上，取穴採用三分點法，上穴距第二節橫紋三分三，下穴距第二節橫紋六分六，共2穴，筆者一般只取下木穴。針刺時，針刺深度2~3分。針入得氣後，囑患者深呼吸幾次。留針30分鐘，每10分鐘捻針1次，捻針時仍囑患者深呼吸幾次。,鼻塞,118
五官科,鼻,62,鼻塞二針,迎香,在面部，鼻翼外緣中點旁，當鼻唇溝中。（附圖5）,取雙側穴位。先直刺迎香穴皮下，再沿鼻唇溝向內上橫刺，進針約1寸，得氣後施以捻轉手法，中刺激，留針30分鐘。本法刺激性較強，一般針刺後即可緩解症狀，改善鼻部通氣功能。,歷代諸醫家皆認為本穴是治療鼻病之要穴，對於各種鼻炎皆有效果。《銅人腧穴針灸圖經》中說：“迎香：治鼻有息肉，不聞香臭，衄血……”《針灸大成》中說：“迎香：主鼻塞不聞香臭……”迎香治鼻病、嗅覺不敏、鼻塞不聞香臭極效。,,這是手足陽明經特效穴遠近合用組成的對針。手足陽明經皆通於鼻，門金在輸穴位置，太極全息對應五官，是治療五官病的要穴，又能補氣理氣。迎香在鼻旁，為治療鼻病要穴，可作為門金之牽引針，兩穴合用治療鼻塞不通確有特效。門金穴配迎香穴稱為“鼻塞二針”。 筆者按：木穴為治療鼻塞之特效穴，以門金或迎香配木穴治療鼻塞亦為特效對針。木穴當掌麵食指內側，距中央線2分之直線上，取穴採用三分點法，上穴距第二節橫紋三分三，下穴距第二節橫紋六分六，共2穴，筆者一般只取下木穴。針刺時，針刺深度2~3分。針入得氣後，囑患者深呼吸幾次。留針30分鐘，每10分鐘捻針1次，捻針時仍囑患者深呼吸幾次。,鼻塞,118
五官科,鼻,63,鼻炎二針,合谷,在手背，第1、第2掌骨間，當第2掌骨橈側的中點處。（附圖2）,直刺，針尖偏向第2掌骨上方。針刺0.5~1寸。針刺得氣後，囑患者深呼吸幾次。留針30分鐘，每10分鐘捻針1次，捻針時囑患者深呼吸幾次。,（1）合谷穴是大腸經原穴，大腸經之支脈從缺盆上入頸，透過頸部入下齒齦，迴繞上唇，在人中交會，左至右，右至左，上夾鼻孔，再與足陽明胃經交會，透過這個經絡關係，整個頭面皆為其治療所及，因此合谷是治療牙齒、眼睛、鼻子、喉嚨等部位疾病的有效穴位。所以說“面口合谷收”。 （2）從經絡關係來看，大腸經與肺經相表裡，合谷是治療鼻竇炎、鼻炎的常用穴位。 （3）合谷與太沖同用稱為“四關穴”，兩者分別為陰陽經上的“原穴”，可通陰陽。筆者在臨床中，經常將兩穴合用治療鼻息肉、鼻塞、鼻水倒流等。,,此為循經內外合治組成的對針。合谷為大腸經原穴，理氣作用甚好，且大腸經循行至鼻旁。太沖為肝經原穴，肝經循行鼻咽內部。兩穴結合，內外並治，治療鼻炎甚效。合谷穴配太沖穴稱為“鼻炎二針”。,鼻炎,119
五官科,鼻,63,鼻炎二針,太沖,在足背側，當第1蹠骨間隙的後方凹陷處，距行間穴後1寸處。（附圖31）,針刺深度 0.5~1 寸。針刺得氣後，囑患者深呼吸幾次。留針 30 分鐘，每 10 分鐘捻針 1 次，捻針時仍囑患者深呼吸幾次。,太沖是肝經輸穴和原穴。肝經循行至鼻咽部，經過咽喉及鼻內道，故針刺本穴可治療鼻炎、鼻衄等鼻病。,,此為循經內外合治組成的對針。合谷為大腸經原穴，理氣作用甚好，且大腸經循行至鼻旁。太沖為肝經原穴，肝經循行鼻咽內部。兩穴結合，內外並治，治療鼻炎甚效。合谷穴配太沖穴稱為“鼻炎二針”。,鼻炎,119
五官科,鼻,64,鼻衄二針 A,行間,在足背側，當第1、第2趾間，趾蹼緣的後方赤白肉際處。（附圖31）,用毫針斜刺1寸許，強刺激1分鐘。右鼻出血者針左足，左鼻出血者針右足。兩鼻孔出血者針刺兩足。留針5~15分鐘。,（1）流鼻血通常是因肺胃有熱或木火刑金引起。行間是肝經上的滎火穴，有清虛熱、滋陰血之功效。 （2）行間屬火，火為木之子，根據“實則瀉其子”原則，凡肝之實熱證，皆可針刺行間穴治療。以瀉法行針，可平降肝氣，引火下行而止鼻血，結合《黃帝內經》中“病在上者取之下，病在下者取之上，病在左者取之右，病在右者取之左，盛則瀉之”的治療原則。一般在行針操作1~3分鐘後，鼻血可止。,,此為循經內外上下合治組成的特效對針。行間為肝經穴位，肝經循行鼻咽內部，且肝藏血，故能治鼻病。虎口臨近大腸經，可治療鼻外部疾病，虎口透過大腸與肝通，亦能治療鼻內部疾病。兩穴合用，治療鼻衄甚效。,鼻衄,120
五官科,鼻,64,鼻衄二針 A,虎口,位於第1、第2掌骨之間，於指蹼中點上方赤白肉際處（合谷前1寸）。（附圖2）,毫針刺法。“左病刺右，右病刺左”，雙鼻孔出血可取雙側虎口穴。針刺時斜向合谷方向刺0.5~0.8寸深，施平補平瀉手法以得氣為度，留針15分鐘，每5分鐘行針1次。每日1次，3次為1個療程。,"（1）虎口穴為經外奇穴。本穴是手太陰肺經與手陽明大腸經交會之處。針刺本穴可清洩太陰經、陽明經之熱邪。 (2) 虎口也是董氏奇穴肝叉穴所在的地方。肝藏血, 故本穴治療鼻衄有效。",,此為循經內外上下合治組成的特效對針。行間為肝經穴位，肝經循行鼻咽內部，且肝藏血，故能治鼻病。虎口臨近大腸經，可治療鼻外部疾病，虎口透過大腸與肝通，亦能治療鼻內部疾病。兩穴合用，治療鼻衄甚效。,鼻衄,120
五官科,鼻,65,鼻衄二針 B,合谷,在手背，第1、第2掌骨間，當第2掌骨橈側的中點處。手平伸，使患者五指併攏，在歧骨間肌肉隆起之最高點處取穴。（附圖2）,直刺，針尖偏向第2掌骨上方。針刺深度5~8分。待有強烈麻、脹、酸針感且向手指、肘、肩部放射為佳。留針30分鐘，每5~10分鐘運針1次。,(1) 合谷是手陽明經的原穴，有調控大腸經氣的功能。 （2）此外，大腸經之支脈從缺盆上入頸，透過頸部入下齒齦，迴繞上唇，在人中交會，左至右，右至左，上挾鼻孔。故用瀉法針刺合谷可治療肺、胃經有熱導致的鼻衄。,,此為循經遠近合治組成的特效對針。合谷是手陽明經的原穴，有調控大腸經氣的功能，下有合谷脈，故又可調和營衛。大腸經循行至鼻旁，根據“經絡所至，主治所及”，所以迎香能治療鼻衄。兩穴合用治療鼻衄甚效。,鼻衄,120
五官科,鼻,65,鼻衄二針 B,迎香,在面部，鼻翼外緣中點旁開5分，當鼻唇溝中。（附圖5）,先刺患側，針刺時毫針針尖向內上方斜刺3~5分。療效欠佳時，可加刺健側迎香穴。得氣後施以捻轉手法，中刺激。留針15分鐘（大量出血者可留針30分鐘）。留針期間應每隔3~5分鐘行針1次。對於慢性反覆出血者每日針1次，急性大出血者可每隔1~2小時針1次，直至痊癒。,（1）迎香穴位於大腸經，大腸經與肺經表裡相通。針刺迎香可治療肺經與大腸經之疾患。 （2）迎香穴緊鄰鼻旁，可治療鼻部疾病。針刺迎香可治療肺火、胃火旺盛引起的鼻衄。《銅人腧穴針灸圖經》中說：“迎香，治鼻有息肉，不聞香臭，衄血……”筆者在臨床上也針刺迎香穴治療鼻息肉、失去嗅覺、鼻衄等，一般來說多取患側穴位。,,此為循經遠近合治組成的特效對針。合谷是手陽明經的原穴，有調控大腸經氣的功能，下有合谷脈，故又可調和營衛。大腸經循行至鼻旁，根據“經絡所至，主治所及”，所以迎香能治療鼻衄。兩穴合用治療鼻衄甚效。,鼻衄,120
五官科,口,66,咀嚼肌痙攣二針,陷谷,在足第2趾外方直上，足第2、第3蹠骨結合部前凹陷中。（附圖9）,向足心刺或直刺亦可，針刺深度1寸。若一側痛，則針對側（即健側），雙側痛，則雙側陷谷均針，針入後，令患者練習張口，儘量張大，留針30分鐘，每5~10分鐘捻針1次。並囑患者每隔幾分鐘即練習張口。,"（1）陷谷是胃經的輸穴。胃經循行“循頤後下廉，出大迎，循頰車，上耳前，過客主人，循髮際，至額顱”，從此經絡循行途徑可看出“頤”“頰”皆為胃經循行所過之處。 （2）陷谷是胃經的輸穴，五行屬木。輸穴主治“體重節痛”，故陷谷可治療身體沉重和疼痛。陷谷又是土經的木穴，因此可治療胃經循行沿線上的痙攣症，治療面部咀嚼肌痙攣甚效。 (3) 陷谷穴向後之骨前陷中即為門金穴, 門金穴兼有土木之性, 貼骨進針可治療肌肉、筋骨疾病。",,這是五行及全息對應組成的特效對針。門金穴兼土木水三性，火主亦兼土木水三性，兩穴合用，筋、骨、肉皆治。門金穴及火主穴經絡及太極全息對應五官，合用治療咀嚼肌痙攣、口難張開甚效，稱為“口緊二針”或“顳頜二針”。筆者用此對針治療數十例咀嚼肌痙攣患者，皆很快見效。,咀嚼肌痙攣,122
五官科,口,66,咀嚼肌痙攣二針,火主穴,在肝經太沖穴後之骨陷中，當第1蹠骨與第2蹠骨骨間腔中，即在太沖穴後5分貼骨處。（附圖51）,自上向下直刺，針刺深度 0.5~1 寸。針入後，令患者練習張口，儘量張大口，留針 30 分鐘，每 5~10 分鐘捻針 1 次。並囑患者每隔幾分鐘即練習張口動作。,"(1) 火主穴位於肝經, 肝主筋, 貼骨下針應腎, 本穴可治療肌肉、筋骨疾病。 (2) 顳頜關節紊亂, 張口困難, 與筋肌和骨骼有關。肝經繞口腔 1 周, 故本穴可治療咀嚼肌痙攣。",images/圖6-3_火主穴.jpg,這是五行及全息對應組成的特效對針。門金穴兼土木水三性，火主亦兼土木水三性，兩穴合用，筋、骨、肉皆治。門金穴及火主穴經絡及太極全息對應五官，合用治療咀嚼肌痙攣、口難張開甚效，稱為“口緊二針”或“顳頜二針”。筆者用此對針治療數十例咀嚼肌痙攣患者，皆很快見效。,咀嚼肌痙攣,122
五官科,口,67,口腔潰瘍二針,液門,在手背部，當第4、第5指間，指蹼緣後方赤白肉際處。（附圖23）,握拳，從手背第4、第5指縫尖上方處取穴，避開可見淺靜脈，用毫針順掌骨間隙刺入0.5~1寸，捻轉數次，以得氣為度。留針30分鐘，每10分鐘運針1次。,液門穴是手少陽三焦經的滎穴，滎主身熱，針刺液門可治療三焦經之熱證。根據筆者經驗，該穴可治療中、上焦壅熱引起的五官咽喉之疾（《醫宗金鑑》《百症賦》），如口腔炎、舌炎、口腔黏膜潰瘍等。,,此為經絡（三焦、心包、脾胃）及五行穴位組成的特效對針。液門穴是手少陽三焦經的滎穴，滎主身熱，該穴可治療中、上焦壅熱引起的五官咽喉之疾。大陵是心包經上的子穴，根據“實則瀉其子”的原則，大陵可以清熱瀉火，大陵又透過心包與胃臟腑別通，可以清胃火。兩穴合用，可治療胃火及心火引起的口腔潰瘍。若以三叉三穴代液門效果更佳，當針至少府（心經滎穴）時清火效果更好。大陵配液門穴稱為“口瘡二針”。,口腔潰瘍,123
五官科,口,67,口腔潰瘍二針,大陵,在腕掌橫紋的中點處，當掌長肌腱與橈側腕屈肌腱之間。（附圖22）,直刺，從掌側面向背側面刺入，深度3~5分。留針30分鐘，每10分鐘運針1次。,（1）大陵是心包經的子穴，根據“實則瀉其子”的原則，大陵可治療心包經的實證。瀉此穴可清熱瀉火、安神定志。心火熾盛可導致胃火上炎，輕者造成口腔潰瘍、口臭，重者出現口瘡、舌瘡。針刺大陵可以降心包之火，進而瀉心火、胃火。 （2）大陵穴為火經土穴，可心脾兩治，口瘡多因思慮過度或心脾兩虛所致，針刺本穴能治療口瘡。 （3）在《玉龍歌》《玉龍賦》《勝玉歌》中都提及大陵可治療口臭。臨床上大陵與人中穴並用，效果更佳。,,此為經絡（三焦、心包、脾胃）及五行穴位組成的特效對針。液門穴是手少陽三焦經的滎穴，滎主身熱，該穴可治療中、上焦壅熱引起的五官咽喉之疾。大陵是心包經上的子穴，根據“實則瀉其子”的原則，大陵可以清熱瀉火，大陵又透過心包與胃臟腑別通，可以清胃火。兩穴合用，可治療胃火及心火引起的口腔潰瘍。若以三叉三穴代液門效果更佳，當針至少府（心經滎穴）時清火效果更好。大陵配液門穴稱為“口瘡二針”。,口腔潰瘍,123
五官科,咽,68,咽炎二針,液門,在手背部，當第4、第5指間，指蹼緣後方赤白肉際處。（附圖23）,用毫針順掌骨間隙刺入0.5~1寸，進針時避開可見淺靜脈，待得氣後用平補平瀉法，留針45分鐘，每15分鐘運針1次。,"（1）液門為滎穴，全息對應頭面、眼、鼻、喉等，是治療咽喉疾病的有效穴位。 (2) 液門善於清火, 善治五官之炎症, 是治療五官病的常用穴位。",,此為經絡、全息、五行組成的特效對針。液門全息對應頭面、眼、鼻、喉等，又為三焦經滎穴，善於清火，對五官炎症疾病有效。魚際是肺經的滎穴，能清熱瀉火，素為治療喉病的經驗穴。兩穴合用治療喉痛甚效。據筆者經驗，治療喉部疾病時不必雙手四穴皆針，針左手魚際可配右手液門，針右手魚際配左手液門。兩邊各針一穴即可，捻針時，雙手齊捻，並令患者吞嚥唾液，動引其氣，兩穴之氣，在喉部交應，針刺可立止喉痛。液門配魚際稱為“喉痛二針”或“咽炎二針”。,咽炎,124
五官科,咽,68,咽炎二針,魚際,在手拇指本節（第1掌指關節）後凹陷處，約當第1掌骨中點橈側，赤白肉際處。（附圖1）,仰掌取穴。針刺時，針尖微斜向掌內刺入。針刺深度5分。捻針時，令患者吞嚥唾液，動引其氣，與液門之氣在喉部交應，即可止喉痛。留針45分鐘，中間每15分鐘運針1次。,（1）魚際是肺經的滎穴，五行屬火。“滎主身熱”，針魚際穴能清熱瀉火，可治療咽喉腫痛、急性扁桃體炎等實熱鬱肺所致的疾病。 （2）魚際自古以來就是治療喉病的經驗效穴，如喉嚨灼熱疼痛、口乾口渴等，皆可用魚際治之。《針灸甲乙經》中雲：“喉中焦乾渴，魚際主之。”《百症賦》中曰：“喉痛兮，液門魚際去療。”,,此為經絡、全息、五行組成的特效對針。液門全息對應頭面、眼、鼻、喉等，又為三焦經滎穴，善於清火，對五官炎症疾病有效。魚際是肺經的滎穴，能清熱瀉火，素為治療喉病的經驗穴。兩穴合用治療喉痛甚效。據筆者經驗，治療喉部疾病時不必雙手四穴皆針，針左手魚際可配右手液門，針右手魚際配左手液門。兩邊各針一穴即可，捻針時，雙手齊捻，並令患者吞嚥唾液，動引其氣，兩穴之氣，在喉部交應，針刺可立止喉痛。液門配魚際稱為“喉痛二針”或“咽炎二針”。,咽炎,124
五官科,咽,69,扁桃體炎二針,少商,在手拇指末節橈側，距指甲角0.1寸（指寸）。（附圖1）,消毒穴位後，捏緊拇指，先使其充血，另一手持三稜針（或採血片）對準穴位快速刺入，就會自然出血。待出血3~5滴，血由暗紅變淡為宜。,（1）急性扁桃體炎是由於熱毒壅肺所致。在少商用三稜針刺血治療咽喉腫痛非常有效。 (2) 少商是治療急性扁桃體炎的有效穴位。《玉龍歌》中雲：“乳蛾之證少人醫，必用金針疾始除，如若少商出血後，即時安穩免災危。”《針灸大成》中說：“主頜腫喉閉……小兒乳蛾。”《醫宗金鑑》中說：“少商惟針雙蛾痺，血出喉開功最奇。”,,此為相關經絡井穴組成的特效對針。急性扁桃體炎是由於熱毒壅肺所致。少商治療咽喉腫痛非常有效。大腸經與肺經相表裡，商陽穴具有清熱利咽的作用，在少商及商陽用三稜針刺血，有特殊功效。商陽穴配少商稱為“扁桃體二針”。,扁桃體炎,125
五官科,咽,69,扁桃體炎二針,商陽,在手食指末節橈側，距指甲角0.1寸（指寸）。（附圖2）,斜刺，針尖略向上方刺入。針深度約1分，刺血法同少商。,手陽明大腸經經別上行喉嚨，且大腸經與肺經相表裡，故針刺商陽能宣肺解表、清熱利咽。在商陽穴處點刺出血，治療咽喉腫痛有特效。,,此為相關經絡井穴組成的特效對針。急性扁桃體炎是由於熱毒壅肺所致。少商治療咽喉腫痛非常有效。大腸經與肺經相表裡，商陽穴具有清熱利咽的作用，在少商及商陽用三稜針刺血，有特殊功效。商陽穴配少商稱為“扁桃體二針”。,扁桃體炎,125
五官科,咽,70,梅核氣二針,間使,在前臂掌側，當曲澤與大陵的連線上，腕橫紋上3寸，掌長肌腱與橈側腕屈肌腱之間。（附圖22）,仰掌取穴。直刺，從掌側面向背側面刺入。針刺深度 5~8 分。進針後囑患者吞嚥口水動引其氣 1 分鐘。留針 30 分鐘，每 10 分鐘捻針 1 次，並囑患者繼續吞嚥口水動引其氣 1 分鐘。,"（1）間使為經穴，位於心包經，五行屬金。所謂“病變於音者取之經”，經穴可用於治療與聲音變化有關的疾病，如舌、咽喉等病變。 （2）間使也是十三鬼穴之一，臨床上可用於治療心血瘀阻、心神不寧所致的病證，包括梅核氣等與情緒有關的病證。 (3) 根據筆者臨床經驗, 梅核氣可用行氣化痰的藥方如半夏厚朴湯治療, 心包經亦主痰, 針刺心包經穴位可以治療痰氣交阻的情志疾病。 （4）臨床上常用間使治療咽喉哽塞、發不出聲、咽喉卡滯等病變。《備急千金要方》雲：“間使主嗌中如扼。”《外臺秘要》中亦說：“間使主喑不解語，咽中哽。”",,此為經絡、五行（五輸穴）組成的特效對針。間使為心包經經金穴，善治與聲音變化有關的疾病，亦善治精神方面疾病。太沖是肝經的輸穴，五行屬土，且肝經循行經過喉嚨內部。兩穴合用治療梅核氣甚效。,梅核氣,126
五官科,咽,70,梅核氣二針,太沖,在足背側，當第1、第2蹠骨間隙的後方凹陷處。（附圖31）,取雙側太沖穴，針刺深度0.5~1寸。進針後囑患者吞嚥口水動引其氣1分鐘。留針30分鐘，每10分鐘捻針1次，並囑患者繼續吞嚥口水動引其氣1分鐘。,（1）太沖是治療喉嚨疾病的有效穴位。梅核氣多因肝鬱克脾，脾虛生痰溼，痰氣鬱結所致，本穴可治療痰氣阻隔胸膈喉部的疾病。 （2）太沖是肝經的輸穴，五行屬土，能治療肝脾不和、情志不舒所致之病，故治療梅核氣甚效。,,此為經絡、五行（五輸穴）組成的特效對針。間使為心包經經金穴，善治與聲音變化有關的疾病，亦善治精神方面疾病。太沖是肝經的輸穴，五行屬土，且肝經循行經過喉嚨內部。兩穴合用治療梅核氣甚效。,梅核氣,126
皮膚及外科,,71,皮膚瘙癢症二針 A,耳尖,折耳向前，耳郭上方的尖端處。（附圖58）,先按摩患側耳尖，使之充血，然後消毒，用三稜針或醫用採血片，在耳輪之外緣最高點輕輕點刺出血，擠出血3~5滴，或待血擠不出為止，隔日1次。,由於太陽經循行入耳，少陽經循行繞耳1周，且太陽主表，少陽主風，所以刺血耳尖穴能治療表證和風病，如感冒、發熱、扁桃體炎及扁桃體肥大、皮膚瘙癢等均非常有效。,,此為經絡及五行（五輸穴）組成的特效對穴。太陽經循行入耳，少陽經循行繞耳1周，太陽主表，少陽主風，所以針刺耳尖穴能治療表證和風病。心經之少府（火）穴，為滎火穴，為火中之火，也就是真火穴，清火散熱作用極強，又“諸痛癢瘡，皆屬於心”，因此少府善治皮膚瘙癢症。兩穴合用治療皮膚瘙癢症甚效。,皮膚瘙癢症,128
皮膚及外科,,71,皮膚瘙癢症二針 A,少府,在手掌面，第4、第5掌骨之間，握拳時，當小指尖處。（附圖22）,手心向上。針刺深度 3~5 分。用平補平瀉法，留針 30 分鐘，每 10 分鐘運針 1 次。,（1）心經之少府（火）穴是滎穴（火），為火中之火，也就是真火穴，故本穴清火散熱的作用非常強。 （2）此外，《黃帝內經》中說：“病變於色者，取之滎。”當皮膚出現問題時，大多時候皮膚顏色會發生變化。針刺少府穴具有鎮靜和止癢的功效，一則《黃帝內經》中說“諸痛癢瘡，皆屬於心”，二則因本穴是滎穴又屬火，故可以清解火熱（許多皮膚瘙癢症都是由血熱引起）。,,此為經絡及五行（五輸穴）組成的特效對穴。太陽經循行入耳，少陽經循行繞耳1周，太陽主表，少陽主風，所以針刺耳尖穴能治療表證和風病。心經之少府（火）穴，為滎火穴，為火中之火，也就是真火穴，清火散熱作用極強，又“諸痛癢瘡，皆屬於心”，因此少府善治皮膚瘙癢症。兩穴合用治療皮膚瘙癢症甚效。,皮膚瘙癢症,128
皮膚及外科,,72,皮膚瘙癢症二針 B,血海,屈膝，在大腿內側，髕底內側端上2寸，當股四頭肌內側頭的隆起處。（附圖7）,直刺，從前向後刺入。針刺深度 5 分。,本穴又稱血郄，是治療各種血虛證的重要穴位，功能理血祛風清熱，擅長治療各種瘡瘍病，治療各種因血熱引起的皮膚病及老年性皮膚瘙癢症效果很好。,,此為五輸穴（滎穴清熱）配理血清血效穴組成的特效對針。血海為總治各種血疾之要穴，可治療各類因血熱引起的皮膚病及老年性皮膚瘙癢症。少府為火（心經屬火）中之火，為真火穴，清火散熱之功很強，治療皮膚瘙癢症甚效。兩穴合用為治療皮膚瘙癢症的特效對針。,皮膚瘙癢症,128
皮膚及外科,,72,皮膚瘙癢症二針 B,少府,在手掌面，第4、第5掌骨之間，握拳時，當小指尖處。（附圖22）,手心向上，針刺深度3~5分。用平補平瀉法，留針30分鐘，中間每10分鐘運針1次。,（1）心經之少府（火）穴是滎穴（火），為火中之火，也就是真火穴，故本穴清火散熱之作用非常強。 （2）此外，《黃帝內經》中說：“病變於色者，取之滎。”當皮膚出現問題時，大多時候皮膚顏色會發生變化。少府穴具有鎮靜和止癢的功效，一則《黃帝內經》中說“諸痛癢瘡，皆屬於心”，二則因本穴是滎穴又屬火，故可以清解火熱（許多皮膚瘙癢症都是由血熱引起）。,,此為五輸穴（滎穴清熱）配理血清血效穴組成的特效對針。血海為總治各種血疾之要穴，可治療各類因血熱引起的皮膚病及老年性皮膚瘙癢症。少府為火（心經屬火）中之火，為真火穴，清火散熱之功很強，治療皮膚瘙癢症甚效。兩穴合用為治療皮膚瘙癢症的特效對針。,皮膚瘙癢症,128
皮膚及外科,,73,蕁麻疹二針 A,曲池,在肘橫紋外側端，屈肘，當尺澤與肱骨外上髁連線中點。（附圖4）,直刺，從上向下。針刺深度0.5~1寸。捻轉進針，中度刺激，得氣後（有針感後）留針30分鐘，每10分鐘捻針1分鐘。,此穴為手陽明大腸經之合穴，陽明經多氣多血，基於“肺與大腸相表裡”和“合治腑病”的理論，本穴有疏風清熱、疏通經絡、調和氣血的作用，是治療全身皮膚病的要穴，治療蕁麻疹甚效。,,此為兩個理血祛風止癢之效穴組成的對穴。曲池透過“肺與大腸表裡”及“合治腑病”的理論，有疏風清熱、疏通經絡、調和氣血的作用。曲池和血海皆為治療各類瘡瘍的要穴。兩穴合用止癢效果非常迅速，為治療蕁麻疹之特效對針。曲池配血海稱為“風疹二針”。,蕁麻疹,129
皮膚及外科,,73,蕁麻疹二針 A,血海,屈膝，在大腿內側，髕底內側端上2寸，當股四頭肌內側頭的隆起處。（附圖7）,用毫針略向上斜刺，進針1~1.5寸。得氣後施以捻轉手法，強刺激，留針30分鐘，每10分鐘捻針1次，隔日針1次。,本穴是氣血交會之處，為治療血病之要穴，且善於理血祛風、清除血熱，可治療各類瘡瘍，如溼瘡、老年皮膚瘙癢症等疾病。針刺本穴止癢效果非常迅速。,,此為兩個理血祛風止癢之效穴組成的對穴。曲池透過“肺與大腸表裡”及“合治腑病”的理論，有疏風清熱、疏通經絡、調和氣血的作用。曲池和血海皆為治療各類瘡瘍的要穴。兩穴合用止癢效果非常迅速，為治療蕁麻疹之特效對針。曲池配血海稱為“風疹二針”。,蕁麻疹,129
皮膚及外科,,74,蕁麻疹二針 B,血海,屈膝，在大腿內側，髕底內側端上2寸，當股四頭肌內側頭的隆起處。（附圖7）,用毫針略向上斜刺，進針1~1.5寸。得氣後施以捻轉手法，強刺激。留針30分鐘，每10分鐘捻針1次，隔日針1次。,本穴是氣血交會之處，為血病要穴，善於理血祛風、清除血熱，可治療各類瘡瘍，如溼瘡、老年皮膚瘙癢症等。本穴止癢效果非常迅速。,,此為治療皮膚瘙癢之有效穴位組成的特效對針，兩穴合用能發揮更好的療效，也是治療蕁麻疹的特效對針。 筆者按：神闕穴能補任脈之虛，在神闕穴處拔火罐能增強機體免疫功能，促進氣血流暢，促使營衛執行，使新陳代謝旺盛。蕁麻疹患者平日可在神闕穴處自行拔火罐，加強治療效果。,蕁麻疹,129
皮膚及外科,,74,蕁麻疹二針 B,百蟲窩,在血海穴上1寸處。（附圖7）,直刺，從前向後刺入。針刺深度5分。得氣後施以捻轉手法，強刺激。留針30分鐘，每10分鐘捻針1次，隔日針1次。,本穴屬於經外奇穴，善治各類瘡瘍及皮膚瘙癢病，止癢效果較好。,,此為治療皮膚瘙癢之有效穴位組成的特效對針，兩穴合用能發揮更好的療效，也是治療蕁麻疹的特效對針。 筆者按：神闕穴能補任脈之虛，在神闕穴處拔火罐能增強機體免疫功能，促進氣血流暢，促使營衛執行，使新陳代謝旺盛。蕁麻疹患者平日可在神闕穴處自行拔火罐，加強治療效果。,蕁麻疹,129
皮膚及外科,,75,面部痤瘡二針,耳尖,折耳向前，耳郭上方的尖端處。（附圖58）,雙側取穴，在耳尖處揉搓數分鐘使其充血，用三稜針或醫用採血片劃破耳尖皮膚，使血流出10滴左右，1次不愈者，間隔三四天後，再刺血復治。,(1) 耳尖穴是筆者最常用的穴位之一。耳尖穴點刺出血，能治療多種病變。 （2）由於手足太陽經皆上循至耳，太陽主表，足太陽經與肺經相表裡，肺主皮毛，故針刺耳尖穴對皮膚病有很好的治療作用。 （3）一般來說，與耳尖相比，在耳背處刺血出血量更多些。不過，如果醫者在耳背找不到明顯的青紫靜脈，可以針刺耳尖，在耳尖刺血不需要找到青紫靜脈即可刺血。,,此為經絡及全息對應組成的特效對穴。耳尖是手足太陽經循行所過之處，又耳尖部位偏上，全息對應頭面，因此耳尖穴治療面部痤瘡甚效，但治療時以刺血為主。曲池穴在大腸經，大腸經循行至頭面，且曲池全息正象為頭點，曲池擅於治療頭面部疾病。兩穴合用治療面部痤瘡特效。耳尖穴配曲池穴稱為“痤瘡二針”。 筆者按：耳背穴位於耳背部血管處，在耳尖下。針刺時選雙側耳背近耳尖處明顯的靜脈血管1條，揉搓1~2分鐘使其充血，用三稜針或醫用採血片劃破選好的靜脈血管，使血流出10滴左右，1次不愈者，間隔三四天後可再刺血治療。耳背穴是刺血的重要穴位。耳背部位偏上，與肺對應，因此善於治療皮膚疾病。膀胱經向上循行至耳尖和耳背，膀胱與肺相通，這也是耳背穴治療皮膚病的原因之一。筆者臨證時發現若耳背有明顯血管，刺血時出血量較耳尖多，效果也更好。耳背穴治療面部皮膚病如痤瘡、黃褐斑甚效。,面部痤瘡,131
皮膚及外科,,75,面部痤瘡二針,曲池,在肘橫紋外側端，屈肘，當尺澤與肱骨外上髁連線中點。（附圖4）,直刺，從上向下，針刺深度0.5~1寸。捻轉進針，中度刺激，得氣後留針30分鐘，每10分鐘捻針1分鐘。,"(1) 針刺曲池穴可治療頭面部疾病，並有疏散風熱、清陽明經熱之功效。 (2) 曲池穴與合谷穴配伍, 能治療頭、面、耳、眼、口、鼻部各種疾病。",,此為經絡及全息對應組成的特效對穴。耳尖是手足太陽經循行所過之處，又耳尖部位偏上，全息對應頭面，因此耳尖穴治療面部痤瘡甚效，但治療時以刺血為主。曲池穴在大腸經，大腸經循行至頭面，且曲池全息正象為頭點，曲池擅於治療頭面部疾病。兩穴合用治療面部痤瘡特效。耳尖穴配曲池穴稱為“痤瘡二針”。 筆者按：耳背穴位於耳背部血管處，在耳尖下。針刺時選雙側耳背近耳尖處明顯的靜脈血管1條，揉搓1~2分鐘使其充血，用三稜針或醫用採血片劃破選好的靜脈血管，使血流出10滴左右，1次不愈者，間隔三四天後可再刺血治療。耳背穴是刺血的重要穴位。耳背部位偏上，與肺對應，因此善於治療皮膚疾病。膀胱經向上循行至耳尖和耳背，膀胱與肺相通，這也是耳背穴治療皮膚病的原因之一。筆者臨證時發現若耳背有明顯血管，刺血時出血量較耳尖多，效果也更好。耳背穴治療面部皮膚病如痤瘡、黃褐斑甚效。,面部痤瘡,131
皮膚及外科,,76,神經性皮炎二針,耳尖,折耳向前，耳郭上方的尖端處。（附圖58）,先按摩患側耳尖，使之充血。然後用三稜針或醫用採血片，在耳輪外緣最高點輕輕點刺出血。待血擠不出為止，隔日1次。,因為太陽經循行至耳上，少陽經循行繞耳周，太陽主表，少陽主風，故針刺耳尖能治療表證及風證。耳尖也是治療感冒、發熱、扁桃體炎及扁桃體肥大、皮膚瘙癢症的有效穴位。,,此為經絡及藏象主治結合組成的特效對針。由於太陽經循行至耳上，又少陽經循行繞耳，太陽主表，少陽主風，因此耳尖善治皮膚癢疹。通裡穴為手少陰心經之絡穴。耳尖穴配通裡穴稱為“神經性皮炎二針”。 筆者按：耳背穴刺血治療痤瘡、黃褐斑等面部皮膚病甚效。,神經性皮炎,132
皮膚及外科,,76,神經性皮炎二針,通裡,在前臂掌側，當尺側腕屈肌腱的橈側緣，腕橫紋上1寸。（附圖22）,用毫針刺入0.5~1寸，瀉法，不留針。隔日針1次。,通裡穴為手少陰心經之絡穴，別走手太陽。《素問·至真要大論篇》中雲：“諸痛癢瘡，皆屬於心。”心主血脈，心火熾盛、血分有熱多與心有關，故瀉通裡，可清心、安神、止癢。,,此為經絡及藏象主治結合組成的特效對針。由於太陽經循行至耳上，又少陽經循行繞耳，太陽主表，少陽主風，因此耳尖善治皮膚癢疹。通裡穴為手少陰心經之絡穴。耳尖穴配通裡穴稱為“神經性皮炎二針”。 筆者按：耳背穴刺血治療痤瘡、黃褐斑等面部皮膚病甚效。,神經性皮炎,132
皮膚及外科,,77,帶狀皰疹二針,耳尖,折耳向前，耳郭上方的尖端處。（附圖58）,先按摩患側耳尖，使之充血。然後用三稜針或醫用採血片，在耳輪外緣最高點輕輕點刺出血，擠出血3~5滴，隔3日再刺1次。,因太陽經循行至耳上，少陽經環繞耳周，又太陽主表，少陽主風。帶狀皰疹皮損部位多出現在少陽經循行之處，故耳尖是治療帶狀皰疹的有效穴位。,,此為經絡與特效穴組成的特效對針。耳尖與經絡病變有關，太陽主表，少陽主風，制汙穴在肺經上，可治療皮膚病。兩穴皆以刺血為主，治療帶狀皰疹甚效。耳尖穴配製汙穴稱為“帶狀皰疹二針”。,帶狀皰疹,133
皮膚及外科,,77,帶狀皰疹二針,制汙穴,董氏奇穴：制汙穴位於大指背中央線上，共計3穴，取穴採用四分點法。維傑新制汙穴：制汙穴位於大指背第1節與第2節之連線處。（附圖39）,本穴處容易充血出血，用採血片刺出黑血，一穴即可，效果較好。,本穴接近少商穴，點刺出血可治療中耳炎、帶狀皰疹等，效果較好。本穴位在肺經上，可以有效地治療皮膚病，善治膿瘍。,images/圖1-30_制汙穴.jpg,此為經絡與特效穴組成的特效對針。耳尖與經絡病變有關，太陽主表，少陽主風，制汙穴在肺經上，可治療皮膚病。兩穴皆以刺血為主，治療帶狀皰疹甚效。耳尖穴配製汙穴稱為“帶狀皰疹二針”。,帶狀皰疹,133
皮膚及外科,,78,痔瘡二針,委中,膕中央橫紋動脈陷中，令人伏臥取之。（附圖21）,於淺靜脈上以三稜針速刺出血。,(1)《靈樞·經別》指出：“足太陽之正，別入於膕中，其一道下尻五寸，別入於肛。”“經絡所過，主治所及”，本經循行經過的地方即是本穴可治療之處。 (2) 痔瘡為肛門靜脈瘤，在委中刺血可以活血化瘀，使痔瘡快速消散，為治療痔瘡第一效法。筆者數十年來在委中刺血，治癒多例痔瘡患者，輕者治療1次就可改善，較嚴重者一般也不超過3次。,,這是經絡配合太極全息及活血效穴組成的特效對穴。“經絡所過，主治所及”，委中及承山皆位於膀胱經上，委中刺血能活血散結，承山在太極全息對應肛門，兩穴單用治療痔瘡即頗有效，兩者合用效果更快。委中配承山穴稱為“痔瘡二針”。,痔瘡,133
皮膚及外科,,78,痔瘡二針,承山,在小腿後面正中，委中與崑崙之間，委中穴下8寸處，或外踝尖上8寸處，當伸直小腿或足跟上提時腓腸肌肌腹下出現尖角凹陷處。（附圖16）,取雙側承山穴，向上斜刺1.5~2寸深。得氣後施以提插捻轉手法，強刺激，使針感向上傳導，留針30分鐘。每10分鐘捻針1次，施提插捻轉手法，強刺激，每日或隔日1次。,"(1)《靈樞·經別》指出：“足太陽之正，別入於膕中，其一道下尻五寸，別入於肛。”承山穴就是在這條入於肛門膀胱經的經別上。 (2) 承山穴在太極全息對應肛門, 故治療肛門疾病甚效。 (3) 承山穴具有通經散結、清熱止血的功效, 是臨床治療痔瘡的常用經驗穴。 （4）無論是內痔、外痔，還是混合痔，都可針刺承山穴來治療。其消腫止痛的效果又快又好，另外本穴也善於治療其他肛門疾病，如肛裂、便血等。在本穴刺血，效果更好。",,這是經絡配合太極全息及活血效穴組成的特效對穴。“經絡所過，主治所及”，委中及承山皆位於膀胱經上，委中刺血能活血散結，承山在太極全息對應肛門，兩穴單用治療痔瘡即頗有效，兩者合用效果更快。委中配承山穴稱為“痔瘡二針”。,痔瘡,133
皮膚及外科,,79,多發性癤腫二針,癤腫最高點,癤腫最高點（癤腫區域性），以癤腫中心部為阿是穴。,①艾條溫灸法：用1根艾條置於癤腫上方溫和灸，距離以患者自覺微燙為度。以癤腫最高點為中心，緩慢均勻地移動艾條，灸至癤腫及周圍皮膚有明顯紅暈，皮溫微燙為度，時間約15分鐘，每日1次。②隔姜艾灸法：取陳艾絨，用手指捏成直徑0.6~0.8cm，高1.2cm的錐圓形艾炷。另切鮮姜成硬幣厚度的薄片，用針在鮮薑片上戳幾個小洞。醫生在患處四周消毒後，將薑片放置在患處正中，上置艾炷，點火灸之，若灼痛甚可再墊一片薑片，每次灸3~6壯（每灸2壯，更換薑片 1 次）。以痛者灸至不痛，不痛者灸至知痛為度。,（1）艾條溫灸法：艾灸具有活血通絡、祛瘀散結的功效。在患處使用艾條灸，可以擴張微血管，改善微迴圈，加速新陳代謝，增強抗病能力。對於膿未成者，用艾灸可促使膿消散，對於已經出現膿液者，用艾灸可幫助膿液吸收，加速膿液的成熟與排出。 （2）隔姜艾灸法：艾葉之辛溫有散寒除溼、溫經開結的作用，隔姜艾灸，可起到解毒通經開結的效果，能促進膿液吸收，使膿熟破潰。但注意顏面部不宜灸治。,,此為灸法結合刺血組成的特效對針。用艾條灸患部，可擴張區域性血管，改善區域性微迴圈。隔姜艾灸，可起到解毒通經開結的作用，還能促進膿液吸收和膿熟破潰。注意顏面部不宜灸治，僅在耳尖穴刺血即可。癤腫灸高點配耳尖穴稱為“癤腫二針”。,多發性癤腫,134
皮膚及外科,,79,多發性癤腫二針,耳尖,折耳向前，耳郭上方的尖端處。（附圖 58）,先按摩患側耳尖，使之充血，然後消毒，用三稜針或醫用採血片，在耳輪之外緣最高點輕輕點刺出血，擠出血3~5滴或待血擠不出為止，隔日1次。,耳尖刺血治療嘴唇、鼻部皮疹效果很好，因手足太陽經入耳，太陽主表，膀胱與肺臟腑別通，肺主皮毛，所以說耳尖擅長治療皮膚病變。耳尖刺血具有清熱解毒、活血散瘀之功效，且操作方法簡單，但需要早期治療。通常1次治療即可減輕疼痛，三四次治療就有很好的療效。,,此為灸法結合刺血組成的特效對針。用艾條灸患部，可擴張區域性血管，改善區域性微迴圈。隔姜艾灸，可起到解毒通經開結的作用，還能促進膿液吸收和膿熟破潰。注意顏面部不宜灸治，僅在耳尖穴刺血即可。癤腫灸高點配耳尖穴稱為“癤腫二針”。,多發性癤腫,134
皮膚及外科,,80,疔瘡二針,療瘡起點、中間、終點,疔瘡的起點、中間、終點。,一般可用三稜針刺疔瘡頂端，刺破出血，然後在疔瘡之起點和中間點刺出血。,用三稜針在疔瘡處刺破出血，能瀉血中熱毒，一般治療1次即可痊癒。在疔瘡處點刺出血，有活血消腫、開竅洩熱、通經活絡的作用。,,此為患部刺血配合委中刺血組成的特效對針。委中為血之郄穴，在委中刺血可治療急證，有瀉熱、急救、消腫的作用。兩穴配合，治療疔瘡甚效。,疔瘡,135
皮膚及外科,,80,疔瘡二針,委中,在膕橫紋中點，當股二頭肌腱與半腱肌肌腱的中間。（附圖21）,用三稜針刺患側，若兩側生療即刺兩側，使血自流或擠出血。,（1）委中穴又名血郄，為血之郄穴，最擅治急證，具有瀉熱、急救、消腫作用。 （2）在委中放血，可引血下行，善治霍亂、痧疹、對口癰、疔毒等。用三稜針放出瘀血五六滴，就有很好的治療效果。,,此為患部刺血配合委中刺血組成的特效對針。委中為血之郄穴，在委中刺血可治療急證，有瀉熱、急救、消腫的作用。兩穴配合，治療疔瘡甚效。,疔瘡,135
皮膚及外科,,81,闌尾炎二針,闌尾,在小腿前側上部，足三里穴下2寸，當犢鼻下5寸，脛骨前緣旁開一橫指。（附圖8）,取雙側穴位。用毫針直刺2~3寸，施提插捻轉手法使之得氣，採用較強刺激，以疼痛緩解為度。急性期，每日可針刺2~4次，一般留針60分鐘，重者留針2小時，多捻針，待症狀好轉後逐步減少針刺數，縮短留針時間。,（1）闌尾穴為闌尾炎反應穴，是治療闌尾炎的特效穴，但越早治療越好。施針的刺激強度和針感非常重要。針刺闌尾穴適用於闌尾炎早期階段，如已形成膿腫或有穿孔，效果較差。 (2) 治療急腹症的基本原則為深針、強捻針、久留針。,,此為兩個治療闌尾炎的特效穴組成的特效對針。闌尾穴為闌尾炎反應穴，針刺闌尾穴宜深針、強捻針、久留針。四花中、四花外穴以刺血為主。刺血配合針刺闌尾穴，對於急性單純性闌尾炎和輕型化膿性闌尾炎有效（但對梗阻性闌尾炎療效不佳）。闌尾穴配四花中、四花外穴稱為“闌尾炎二針”。,闌尾炎,136
皮膚及外科,,81,闌尾炎二針,四花中穴、四花外穴,四花中穴位於胃經條口穴上5分，四花外穴在四花中穴向外橫開1.5寸。（附圖54）,在四花中穴至四花外穴附近之青筋上用三稜針點刺，不必拘泥於穴位，出血即可見效。,（1）四花中穴在胃經上，位於上巨虛（大腸經的下合穴）與下巨虛（小腸經的下合穴）之間，又在小腿上胃經的中點。因此，無論是從穴性還是從位置，本穴皆在中央，善治中焦脾胃病證。 （2）四花外穴靠近豐隆（痰會豐隆），針刺四花外穴可化痰。如果用三稜針放血，還可以活血化瘀。因此，四花外穴可以治療痰證和血瘀證，即所有疑難雜症都可以使用。 （3）四花中、四花外穴一起刺血效果更好。操作時，只需要尋找青紫色靜脈刺血，就有很好的療效。,,此為兩個治療闌尾炎的特效穴組成的特效對針。闌尾穴為闌尾炎反應穴，針刺闌尾穴宜深針、強捻針、久留針。四花中、四花外穴以刺血為主。刺血配合針刺闌尾穴，對於急性單純性闌尾炎和輕型化膿性闌尾炎有效（但對梗阻性闌尾炎療效不佳）。闌尾穴配四花中、四花外穴稱為“闌尾炎二針”。,闌尾炎,136
皮膚及外科,,82,溼疹二針 A,患處,患處區域性。,用梅花針在病變區域性進行叩刺。中強刺激，以皮膚潮紅為度，針刺後在區域性拔火罐，隔日1次，7次為1個療程。,用梅花針在皮表刺絡可治療溼疹，《素問·皮部論篇》中“皮部以經脈為紀”“凡十二經絡脈者，皮之部也”。十二經絡的浮絡在人體皮膚上都有相應的部位，刺激身體某一部位，可引起全身其他部位發生反應。這就是“以皮治皮”之法。,,此為梅花針配合三稜針點刺組成的特效對針。梅花針在皮表刺絡可治療溼疹，此為“以皮治皮”法。兩者皆以點刺出血為主，操作方法簡單，效果較好。,溼疹,137
皮膚及外科,,82,溼疹二針 A,耳尖,折耳向前，耳郭上方的尖端處。（附圖58）,先按摩患側耳尖，使之充血，消毒後用三稜針或醫用採血片在耳輪外緣最高點處輕輕點刺出血，擠出血3~5滴或待血擠不出為止，隔日1次。,"(1) 因為太陽經上行至耳, 少陽經繞耳, 加上太陽主表, 少陽主風, 所以耳 尖刺血可治療表證和風證。 （2）本穴刺血對於感冒、發熱、扁桃體炎及扁桃體肥大、皮膚瘙癢等都非常有效，治療溼疹亦有效。",,此為梅花針配合三稜針點刺組成的特效對針。梅花針在皮表刺絡可治療溼疹，此為“以皮治皮”法。兩者皆以點刺出血為主，操作方法簡單，效果較好。,溼疹,137
皮膚及外科,,83,溼疹二針 B,血海,屈膝，在大腿內側，髕底內側端上2寸，當股四頭肌內側頭的隆起處。（附圖7）,直刺，從前向後刺入。針刺深度5分。,(1) 血海又名血郄，是足太陰脾經脈氣所發之處，為通治血病之要穴。 （2）本穴能調血清血、祛風清熱，治療各種瘡瘍非常有效，治療各種因血熱引起的皮膚病如老年性皮膚瘙癢，療效顯著。 ③本穴在脾經上，功能健脾祛溼，治療溼疹有很好的效果。,,溼性纏綿，且脾主溼，故治療溼疹取健脾之穴位甚為重要。血海穴在脾經，能健脾祛溼，所以治療溼疹有效，又血海名血郄，故能調血清血，為總治各種血疾之要穴，有祛風清熱的作用，對於各類瘡瘍皆有療效。三叉三穴能健脾益氣祛溼，進針時緊貼皮下進針，與肺亦相應，為治療皮膚癢疹之特效針，少府為心經（屬火）之滎穴（屬火），故三叉三穴透少府穴治療溼疹特效。,溼疹,137
皮膚及外科,,83,溼疹二針 B,三叉三穴,握拳，在手背4、第5指縫尖上方約 $0.5\mathrm{cm}$ 處，緊貼第4指。（附圖61）,用毫針順掌骨間隙刺入1.5~1.8分，進針時避開可見淺靜脈，以得氣為度。平補平瀉，留針45分鐘，每10分鐘運針1次。,"（1）在三叉三穴下針，可透過液門、後溪、中渚、中白（董氏奇穴）、下白（董氏奇穴）、腕順一（董氏奇穴）、腕順二（董氏奇穴）、少府穴。這一針所經過的穴位是諸穴之中最多的，經過滎穴、原穴、輸穴，且本穴處肉多豐厚，與脾相應，故本穴能健脾、益氣、祛溼。 (2) 施針時, 針身剛好在皮下, 與肺相應, 故而治溼疹有效。 （3）本穴深針可透至少府穴，少府為滎（火）穴，為火經之火穴，三叉三穴功同少府穴，也為真火穴。 （4）《黃帝內經》中說：“諸痛癢瘡，皆屬於心。”溼疹發作時非常瘙癢，特別是情緒緊張時，可有陣發性劇癢。因此，三叉三透針至少府穴治療溼疹有效。",,溼性纏綿，且脾主溼，故治療溼疹取健脾之穴位甚為重要。血海穴在脾經，能健脾祛溼，所以治療溼疹有效，又血海名血郄，故能調血清血，為總治各種血疾之要穴，有祛風清熱的作用，對於各類瘡瘍皆有療效。三叉三穴能健脾益氣祛溼，進針時緊貼皮下進針，與肺亦相應，為治療皮膚癢疹之特效針，少府為心經（屬火）之滎穴（屬火），故三叉三穴透少府穴治療溼疹特效。,溼疹,137
皮膚及外科,,84,瘤病二針,合谷,在手背，第1、第2掌骨間，當第2掌骨橈側的中點處。（附圖2）,直刺，針尖偏向第2掌骨上方。針刺0.5~1寸。區域性可有脹、麻感，向手指、肘、肩部放射為宜。,有一個唐代醫案中說狄仁傑赴長安時，在路途中，曾為客棧老闆治療鼻肉瘤，肉瘤有拳頭大小。據史書記載，狄仁傑在合谷下針之後，肉瘤就這樣應手而落。有人認為這段記載是假的，但筆者師弟郭嘯天父親試用此法發現有效，筆者用合谷穴治療許多脂肪瘤患者很有效。,,合谷穴所在之處肌肉豐厚，功能調陽、理氣，並有推動、溫煦、氣化作用，善治氣病、陽病、皮膚病。合谷為原穴，能調節衛分之氣，其下有三部九候之合谷脈，可調節營血，合谷調節營衛之功效相當於營衛返魂湯（王肯堂的營衛返魂湯，能順氣活血，治療痰核療效可靠），治療肉瘤甚效。以合谷為主穴，配合牽引針做牽引，效果甚好。 筆者按：此對穴對於肉瘤、肌瘤、脂肪瘤、皮下囊腫、血管瘤、囊腫、血腫、無名腫塊等效果較好，但對神經纖維瘤病和多發性腫瘤則效果較差。,瘤病,139
皮膚及外科,,84,瘤病二針,牽引針,依病變部位循經選取牽引穴,依正文所列病變選取相應牽引穴,牽引針即循經取穴，是配合合谷應用的：①治療乳房囊腫針合谷、伏兔（陽明經）、太沖（厥陰經）。②治療百會穴上長出的類似水瘤物，針合谷、太沖（肝經上顛頂）。③治療子宮肌瘤，針合谷、雙側三陰交（婦科病配三陰交）。④治療頸與下巴硬塊，針列缺、照海（八脈交會穴）。⑤治療腰肋側肌瘤，針對側陽陵泉。,,合谷穴所在之處肌肉豐厚，功能調陽、理氣，並有推動、溫煦、氣化作用，善治氣病、陽病、皮膚病。合谷為原穴，能調節衛分之氣，其下有三部九候之合谷脈，可調節營血，合谷調節營衛之功效相當於營衛返魂湯（王肯堂的營衛返魂湯，能順氣活血，治療痰核療效可靠），治療肉瘤甚效。以合谷為主穴，配合牽引針做牽引，效果甚好。 筆者按：此對穴對於肉瘤、肌瘤、脂肪瘤、皮下囊腫、血管瘤、囊腫、血腫、無名腫塊等效果較好，但對神經纖維瘤病和多發性腫瘤則效果較差。,瘤病,139
痛症,頭面,85,前頭痛二針,公孫,在足內側緣，太白後1寸，當第1蹠骨基底的前下方。（附圖19）,正坐或仰臥取穴，針尖向腳掌心進針 5~8 分，針後囑患者活動頭部，對久病者可留針稍久，留針期間囑患者每 5 分鐘輕輕活動頭部 0.5~1 分鐘。,（1）面部及前頭屬於陽明經，公孫為脾經絡穴，脾經和胃經相表裡，刺公孫可治療脾胃兩經病證，所以針刺公孫治前頭痛有效。 （2）公孫在太極全息對應眉眼部，與太沖、陷谷在同一水平，三穴都能治療頭痛，因經絡不同，治療範圍有所不同。 （3）筆者最常用本穴治療眉骨、鼻骨及前頭痛，止痛極速，皆有特效，公孫為八脈交會穴之一，通於衝脈，“衝為血海”，治療血管性頭痛有特效。,,此為經絡、特定穴（絡穴治表裡經）及太極全息對應組成的特效對針。前頭痛疼痛部位以前額、眼眶為主。足陽明胃經循髮際至額顱。足太陽膀胱經起於目內眥，上額交顛。足厥陰肝經與督脈交會於顛，連目繫上出額。雖然胃經、膀胱經、督脈、肝經都與前額相關，但根據筆者經驗不必每經都針。治療前額痛，遠取脾經（與胃經相表裡）公孫或陰陵泉為佳，其次取手陽明經的三間。公孫配陰陵泉治療頭痛最為有效，稱為“前頭楊二針”。,前頭痛,140
痛症,頭面,85,前頭痛二針,陰陵泉,在小腿內側，當脛骨內側髁後下方凹陷處。（附圖11）,正坐垂足取穴或平臥取穴，直刺，從小腿內側向外側刺入，針入0.5~1寸。留針30分鐘，每10分鐘捻針1次，留針期間囑患者每隔數分鐘活動頭部。,（1）陰陵泉為脾經合穴，脾經、胃經相表裡，且“合治內腑”，故針刺陰陵泉治療前頭痛、眉骨痛、鼻骨痛，效果極佳。 （2）本穴在小腿全息分佈的最高點，與頭面對應，這也是本穴治療頭痛有效的原因之一。,,此為經絡、特定穴（絡穴治表裡經）及太極全息對應組成的特效對針。前頭痛疼痛部位以前額、眼眶為主。足陽明胃經循髮際至額顱。足太陽膀胱經起於目內眥，上額交顛。足厥陰肝經與督脈交會於顛，連目繫上出額。雖然胃經、膀胱經、督脈、肝經都與前額相關，但根據筆者經驗不必每經都針。治療前額痛，遠取脾經（與胃經相表裡）公孫或陰陵泉為佳，其次取手陽明經的三間。公孫配陰陵泉治療頭痛最為有效，稱為“前頭楊二針”。,前頭痛,140
痛症,頭面,86,偏頭痛二針 A,足臨泣,在足背外側，當第4、第5趾間，趾蹼緣後方赤白肉際處。（附圖30）,健側取穴。針刺0.8~1寸，針入後每隔數分鐘活動頭部，留針30分鐘，每10分鐘捻針1次，捻針時活動頭部。,（1）本穴為足少陽膽經之輸穴，膽經循行於側頭，輸穴止痛效果很好，所以針刺本穴治偏頭痛甚效。本穴又為木經土穴，故治療與胃有關、木土不和（肝脾不和）、情緒及壓力所致之頭痛，尤其有效。 （2）對於久病患者針刺時可稍偏後貼骨，所謂久病入腎，貼骨進針，與腎相應，療效較好。 （3）本穴為八脈交會穴之一，通於帶脈，能疏通經絡，為治療血管性頭痛和神經性頭痛的常用穴。,,此為循經及五輸穴組成的特效對針。偏頭痛患者頭痛以耳部為中心，一般偏頭痛可針刺手足少陽經穴位，但耳上角之偏頭痛當針刺膀胱經穴位。偏頭痛，近取太陽穴刺血最佳。偏於耳上之偏頭痛，遠取足臨泣效果最好；偏於太陽穴之偏頭痛，針刺陷谷及門金有效。足臨泣配陷谷治療偏頭痛都有效，稱為“偏頭楊二針”。 筆者按：在足小趾四趾縫後有一大橫筋，筋上兩骨間是臨泣，筋下是地五會。,偏頭痛,141
痛症,頭面,86,偏頭痛二針 A,陷谷,在足背，當第2、第3蹠骨結合部前方凹陷處。（附圖9）,向足心方向斜刺或直刺都可，針刺深度1寸。若一側頭痛，則針健側，雙側頭痛，則雙側均針。針入後，令患者活動或按摩太陽穴，可迅速止頭痛，留針30分鐘，每10分鐘捻針1次，並按摩太陽穴或令患者自行活動頭部。,"（1）胃經循行“出大迎，循頰車，上耳前，過客主人，循髮際，至額顱”，太陽穴處為胃經循行所過之處。陷谷穴為胃經之輸（木）穴，輸主體重節痛，陷谷是治療胃經循行部位疼痛的要穴。 (2) 陷谷穴為木穴, 有疏肝健脾的作用, 對於肝鬱氣滯引起的頭痛頗為有效。",,此為循經及五輸穴組成的特效對針。偏頭痛患者頭痛以耳部為中心，一般偏頭痛可針刺手足少陽經穴位，但耳上角之偏頭痛當針刺膀胱經穴位。偏頭痛，近取太陽穴刺血最佳。偏於耳上之偏頭痛，遠取足臨泣效果最好；偏於太陽穴之偏頭痛，針刺陷谷及門金有效。足臨泣配陷谷治療偏頭痛都有效，稱為“偏頭楊二針”。 筆者按：在足小趾四趾縫後有一大橫筋，筋上兩骨間是臨泣，筋下是地五會。,偏頭痛,141
痛症,頭面,87,偏頭痛二針 B,絲竹空,在面部，當眉梢凹陷處。（附圖6）,取患側絲竹空，直刺，針入3分，或從前向後沿皮向率谷穴方向透刺1~2寸。《玉龍歌》中說：“偏正頭風痛難醫，絲竹金針亦可施，沿皮向後透率谷，一針兩穴世間稀。”得氣後，施以快速捻轉手法，強刺激，使針感擴散至半邊頭部。留針20~30分鐘，每10分鐘捻針1次，並按摩痛處，或令患者自行活動頭部，隔日1次。,（1）絲竹空功能散風止痛，還能通調三焦氣機，自古以來就是治療頭痛的要穴，絲竹空刺血效果更好。 (2)《通玄指要賦》中說：“絲竹療頭痛難忍。”《得效應穴針法賦》中說：“絲竹頭痛不忍，應在風池。”絲竹空配合風池治療頭痛有包夾之勢，兩穴合用，療效更佳。,,此為兩個經驗特效穴組成的特效對穴。絲竹空功能散風止痛，通調三焦氣機，自古以來就是治頭痛要穴（《通玄指要賦》《得效應穴針法賦》）。風池穴為治風之要穴，素為治療偏正頭痛之要穴（《勝玉歌》《玉龍歌》《醫宗金鑑》）。筆者治療偏頭痛，近取一般以風池穴或絲竹空為主，若合用風池穴與絲竹空兩穴，效果更快，可立止偏頭痛，對於嚴重且疼痛範圍大的偏頭痛患者，針刺後兩穴久留針，往往1次而愈。筆者一般取患側穴位。,偏頭痛,141
痛症,頭面,87,偏頭痛二針 B,風池,在項部，當枕骨之下，與風府相平，胸鎖乳突肌與斜方肌上端之間的凹陷處。（附圖26）,取患側風池，患者俯臥或俯趴於椅背上，斜刺，針尖朝向對側眼窩方向，刺5~7分，每10分鐘捻針1次，並按摩痛處。,"(1) 風池在膽經, 又為三焦經、陽維脈、陽蹺脈之會穴, 為治風要穴, 擅長治療頭風(頭痛及頭暈), 自古以來就是治療偏正頭痛的要穴, 治療“諸風掉眩”之症, 如肢體動搖、頭目眩暈等皆有療效。 （2）本穴治療各種頭痛皆有顯著療效（《勝玉歌》《玉龍歌》《醫宗金鑑》）。治療偏頭痛及枕神經痛，均能立即止痛，對於久病頭痛患者針三五次即可達到不錯的效果。",,此為兩個經驗特效穴組成的特效對穴。絲竹空功能散風止痛，通調三焦氣機，自古以來就是治頭痛要穴（《通玄指要賦》《得效應穴針法賦》）。風池穴為治風之要穴，素為治療偏正頭痛之要穴（《勝玉歌》《玉龍歌》《醫宗金鑑》）。筆者治療偏頭痛，近取一般以風池穴或絲竹空為主，若合用風池穴與絲竹空兩穴，效果更快，可立止偏頭痛，對於嚴重且疼痛範圍大的偏頭痛患者，針刺後兩穴久留針，往往1次而愈。筆者一般取患側穴位。,偏頭痛,141
痛症,頭面,88,頭頂痛二針,束骨,在足外側，足小趾本節(第5蹠趾關節)的後方，赤白肉際處。(附圖9),直刺1寸，針入後囑患者每隔幾分鐘活動頭部1次，以引針氣，針刺後可立止頭頂痛。留針30分鐘，每隔10分鐘捻針1次，捻針時囑患者仍活動頭部。,（1）膀胱經上頭頂，並貫入腦內，經絡循行路線與頭頂及腦部有關，束骨為輸穴，輸主體重節痛，故本穴治療頭頂痛甚效。 （2）本穴又為膀胱經（屬水）之木穴，與肝同氣相求，針刺本穴有補水潤木之功。治療頭頂痛，從經絡、五行來說，皆為特效。,,此為循經及五輸穴組成的特效對穴。歷代醫家多喜用湧泉穴治療頭頂痛，此為“取天頂對地門”之對應關係。亦有人認為頭頂痛為厥陰頭痛（肝經上行至頭頂），足厥陰肝經與督脈交會於顛頂，所以可針太沖。筆者臨床最常以束骨穴治療頭頂痛，因足太陽膀胱經上頭頂，針刺束骨能補水潤木，可立止頭頂痛，用束骨配太沖治療頭頂痛，效果更好，稱為“顛痛楊二針”。,頭頂痛,143
痛症,頭面,88,頭頂痛二針,太沖,在足背側，當第1蹠骨間隙的後方凹陷處。《醫宗金鑑》中稱太沖穴為“從行間上行二寸許，足跗間動脈應手陷中”。取穴可從踇趾、次趾之間，循歧縫上壓，壓至盡處是穴，與董氏奇穴火主相合。（附圖31）,針入0.5寸，得氣後囑患者每隔數分鐘稍微活動頭部半分鐘，以引針氣，留針30分鐘，每間隔10分鐘捻針1次，捻針時囑患者仍活動頭部。,"（1）太沖為肝經原穴，因肝經“循喉嚨之後，上入頑顙，連目系，上出額，與督脈會於顛”，故本穴可治療頭頂痛、顱內痛。 (2) 本穴為輸穴, 輸主體重節痛, 治療痛證療效甚佳。 (3) 如從太沖透湧泉, 則有補水潤木之功, 療效更佳。 （4）肝經與月經關係密切，針刺本穴治療婦人行經時之頭頂痛及其他頭痛，效果尤佳，往往針一兩次即愈。",,此為循經及五輸穴組成的特效對穴。歷代醫家多喜用湧泉穴治療頭頂痛，此為“取天頂對地門”之對應關係。亦有人認為頭頂痛為厥陰頭痛（肝經上行至頭頂），足厥陰肝經與督脈交會於顛頂，所以可針太沖。筆者臨床最常以束骨穴治療頭頂痛，因足太陽膀胱經上頭頂，針刺束骨能補水潤木，可立止頭頂痛，用束骨配太沖治療頭頂痛，效果更好，稱為“顛痛楊二針”。,頭頂痛,143
痛症,頭面,89,後頭痛二針,束骨,在足外側，足小趾本節(第5蹠趾關節)的後方，赤白肉際處。(附圖9),直刺1寸，針入後囑患者每隔幾分鐘就活動頭部1次，以引針氣，針刺後可立止頭痛，留針30分鐘，每隔10分鐘捻針1次，捻針時活動頭部。,(1)後頭為膀胱經及督脈循行所過之處，膀胱經夾督脈。《標幽賦》：“瀉絡遠針，頭有病而腳上針。”遠取束骨穴治療後頭痛特效。束骨為膀胱經之輸穴，“輸主體重節痛”，輸穴是治痛證最常用的穴位，因此治療本經所過之處的痛證皆有特效。 (2) 本穴為膀胱經（水經）之木穴，針之有滋肝補腎之效，因此無論從經絡、五行，還是從穴性來說，本穴都是治療後頭痛的特效穴。,,此為循經及五輸穴組成的特效對針。後頭部兩邊以足太陽膀胱經為主，正中以督脈為主，所以說後頭痛主要在太陽經和督脈。因膀胱經與督脈交會，故而針刺膀胱經之束骨穴治療後頭痛有效。筆者臨床治療後頭痛最常用束骨穴，往往針刺後可立止頭痛。束骨穴配後溪治療後頭痛特效，稱為“後頭楊二針”。,後頭痛,144
痛症,頭面,89,後頭痛二針,後溪,在手掌尺側，微握拳，小指本節（第5掌指關節）後的遠側掌橫紋頭赤白肉際處。（附圖12）,直刺，握拳，從外側向內側進針，針0.5~1寸。得氣後囑患者每隔數分鐘活動頭部1次，以引針氣，針刺後可立止頭痛，留針30分鐘，每隔10分鐘捻針1次，捻針時活動頭部。,"(1) 後溪為手太陽小腸經穴, 由於手足太陽經相通, 且經過後頭兩旁, 本穴又為八脈交會穴之一，與督脈相通，督脈透過後頭中央，因此本穴有治療後頭痛之效。 （2）本穴為輸穴，輸主體重節痛，因此本穴治療頭痛（頭頂痛及後頭痛）效果甚好。",,此為循經及五輸穴組成的特效對針。後頭部兩邊以足太陽膀胱經為主，正中以督脈為主，所以說後頭痛主要在太陽經和督脈。因膀胱經與督脈交會，故而針刺膀胱經之束骨穴治療後頭痛有效。筆者臨床治療後頭痛最常用束骨穴，往往針刺後可立止頭痛。束骨穴配後溪治療後頭痛特效，稱為“後頭楊二針”。,後頭痛,144
痛症,頭面,90,顱內痛二針,束骨,在足外側，足小趾本節(第5蹠趾關節)的後方，赤白肉際處。(附圖9),雙側取穴，直刺1寸，針入後囑患者每隔幾分鐘活動頭部，以引針氣，針刺後可立止顱內痛。留針30分鐘，每隔10分鐘捻針1次，捻針時活動頭部。,（1）膀胱經過頭頂，並貫入腦內，頭頂及腦部疼痛與膀胱經有關，束骨為輸穴，輸主體重節痛，治療顱內痛甚效。 （2）本穴為膀胱經（屬水）之木穴，穴性木與肝同氣相求，針刺本穴有補腎滋肝之功。從經絡、五行來說，本穴為治療顱內痛之特效穴。,,此為循經及五輸穴組成的特效對針。顱內痛與下列經絡有關：①督脈屬腦。②足太陽膀胱經絡腦。③足陽明胃經經別循目系，入絡腦。④足厥陰肝經與督脈會於顛頂。因此督脈、肝經、膀胱經穴位都能治療顱內痛。筆者治療顱內痛常用束骨穴配太沖，取穴方便且甚為有效，稱為“顱痛楊二針”。,顱內痛,145
痛症,頭面,90,顱內痛二針,太沖,在足背側，當第1蹠骨間隙的後方凹陷處。《醫宗金鑑》中稱太沖穴為“從行間上行二寸許，足跗間動脈應手陷中”。取穴可從踇趾、次趾之間，循歧縫上壓，壓至盡處是穴，與董氏奇穴火主相合。（附圖31）,針入 0.5 寸，得氣後囑患者每隔數分鐘活動頭部半分鐘，以引針氣，針刺後可立止頭痛，留針 30 分鐘，每間隔 10 分鐘捻針 1 次，捻針時活動頭部。,"(1) 太沖為肝經之原穴, 針刺太沖治療肝經病變療效較佳。 (2) 本穴為輸穴, 輸主體重節痛, 治療痛證療效甚佳。 (3) 從太沖透湧泉, 有補水潤木之功, 治療肝經病變療效較佳。",,此為循經及五輸穴組成的特效對針。顱內痛與下列經絡有關：①督脈屬腦。②足太陽膀胱經絡腦。③足陽明胃經經別循目系，入絡腦。④足厥陰肝經與督脈會於顛頂。因此督脈、肝經、膀胱經穴位都能治療顱內痛。筆者治療顱內痛常用束骨穴配太沖，取穴方便且甚為有效，稱為“顱痛楊二針”。,顱內痛,145
痛症,頭面,91,偏正頭痛二針 A,三叉三穴,在手背第4、第5指指縫接合處偏於第4指下筋旁。（附圖61）,握拳取穴，避開可見淺靜脈，沿筋下貼骨間隙進針1~1.5寸，區域性可有酸、麻、重、脹感，有針感後囑患者前後左右活動頭部1分鐘，留針30分鐘，每10分鐘捻轉1次，再囑患者活動頭部1分鐘。先刺一側，多可見效，若無效則10分鐘後加刺對側三間或大白，頭痛隨即減輕或消失。,"（1）針刺本穴適用於感冒、鼻竇炎、神經衰弱、腦動脈硬化等引起的各種頭痛。針刺本穴透液門穴治療亦有療效，蓋液門穴是手少陽三焦經之滎穴，滎主熱病及外感病，針刺滎穴能清熱瀉火、祛風定痛。 (2) 本穴緊臨液門穴, 除有液門之效用外, 針刺時貼筋就與肝及風相應, 針刺時貼骨就與腎及寒相應, 本穴針 1 寸可達中渚穴, 中渚穴 (屬土) 與脾及溼相應, 故本穴也有中渚之效用。因此針刺三叉三穴治療各種原因所致之頭痛, 效果顯著, （3）三叉三穴為董氏奇穴，縱三焦對應頭點，故治療頭痛有效。",,此為太極全息互用組成的特效對穴。偏正頭痛一般包括前頭痛及偏頭痛，也有人認為包括整個頭痛，目前多以前者為是。對於偏正頭痛，不要前頭一針、後頭一針、偏頭一針……堆積取穴。筆者認為治療偏正頭痛大白、三叉三皆能治之，三叉三穴為縱三焦之頭點，大白為橫三焦之頭點，兩穴合用見效更快，兩穴合用治療五官各病甚效。大白、三叉三兩穴合用稱為“頭痛楊二針”。,頭痛,146
痛症,頭面,91,偏正頭痛二針 A,大白穴,在手背面，大指與食指叉骨間陷中，即第1掌骨與第2掌骨中間之凹陷處。大白穴即大腸經之三間穴，但緊貼骨緣下針。（附圖2）,握拳取穴，直刺1寸，從橈側向尺側刺入，針刺得氣後，令患者左右前後活動頭部，可立覺輕鬆。一般留針30分鐘，每隔10分鐘捻針1次，捻針時仍囑患者活動頭部0.5~1分鐘。,（1）大白為董氏奇穴，即三間穴再向前貼骨，緊鄰三間穴，故而有三間穴之作用。三間為手陽明大腸經之輸穴，輸主體重節痛，為治療痛證最常用之穴位，且頭為至高之位，多因風而患病，三間穴屬木應風，故能治之。 （2）大白為大腸經穴，大腸與肝臟腑別通，故本穴亦能治風，因此大白穴是治療頭痛的特效穴，治療頭部痛證多能見效。 （3）中醫學認為多年頭痛患者多兼腎虛，本穴接近第2掌骨側面，屬全息點之頭點，即橫三焦頭點，刺之治療久病頭痛效果尤佳。,images/圖2-10_大白穴.jpg,此為太極全息互用組成的特效對穴。偏正頭痛一般包括前頭痛及偏頭痛，也有人認為包括整個頭痛，目前多以前者為是。對於偏正頭痛，不要前頭一針、後頭一針、偏頭一針……堆積取穴。筆者認為治療偏正頭痛大白、三叉三皆能治之，三叉三穴為縱三焦之頭點，大白為橫三焦之頭點，兩穴合用見效更快，兩穴合用治療五官各病甚效。大白、三叉三兩穴合用稱為“頭痛楊二針”。,頭痛,146
痛症,頭面,92,偏正頭痛二針 B,列缺,在前臂橈側緣，橈骨莖突上方，腕橫紋上1.5寸處。當肱橈肌與拇長展肌腱之間。或左右兩手虎口交叉，一手之食指押在另一手橈骨莖突之上，當食指尖到達之處是穴。（附圖1）,治療頭痛時一般用截法，針刺時斜尖向太淵穴皮下針刺0.5~1寸，得氣後囑患者前後左右略搖動頭部1分鐘，中等力度，久病患者留針30分鐘，每10分鐘捻針1次，再囑患者活動頭部1分鐘。,"（1）列缺為四總穴之一，自古以來就是治療偏正頭痛之要穴。《靈光賦》中說：“偏正頭痛瀉列缺。”《四總穴歌》中說：“頭項列缺尋。”《席弘賦》中說：“列缺頭痛及偏正，重瀉太淵無不應。”《蘭江賦》中說：“頭部痛，須尋之。” （2）本穴為肺經絡穴，素來主治頸項各疾，且肺經與大腸經相表裡，本穴又為八脈交會穴，通於任脈，故本穴可治療肺經、大腸經、任脈有關病證。 (3) 絡穴善治血脈病, 本穴在肺經上, 肺主氣, 因此本穴氣血皆調。肺與膀胱臟腑別通, 膀胱經循行經過頭頂、前額、後頭, 又貫入腦中, 本穴在前臂全息點之最上部, 對應於頭部, 這些都是列缺治療偏正頭痛有效之原因。",,此為經驗效穴、臟腑別通、全息對應組成的特效對針。列缺為四總穴之一，自古以來就是治療偏正頭痛之要穴。列缺為肺經穴，肺與膀胱臟腑別通，與後頭亦有關，穴位位置在前臂全息點之最上部，對應於頭部。風池自古以來也是治療偏正頭痛之要穴。兩穴合用治療偏正頭痛甚效。 筆者按：筆者數十年來治療各種頭痛一般多取遠處穴位，儘量不針區域性穴位。治療頭痛遠處取穴，然後施以動氣針法讓患者之痛處能夠活動，則療效既快又好。頑固性頭痛或多年頭痛（含偏正頭痛）者，多有瘀血，在太陽穴處刺血，可加強治療效果，加速痊癒。,頭痛,146
痛症,頭面,92,偏正頭痛二針 B,風池,耳後顳顴後，腦空下發際陷中。正坐，以手指按取腦空直下，到達後頭骨下之陷凹處是穴。或在項部枕骨下，與風府相平，當胸鎖乳突肌與斜方肌上端之間凹陷處。（附圖26）,患者俯臥或俯趴於椅背上，斜刺，針尖向對側眼窩方向刺入，刺5~7分。用少提插、多捻轉的手法，使患者有明顯的酸、麻、脹感，留針30分鐘，留針期間每隔10分行針1次。,（1）風池穴為三焦經、膽經、陽維脈之交會穴，為治風、鎮定之要穴。治療“諸風掉眩”之症，如肢體動搖、頭目眩暈等皆有療效。 （2）《勝玉歌》《玉龍歌》《醫宗金鑑》中皆指出本穴為治頭痛要穴，治療偏頭痛及枕神經痛，均能立即取得效果。對於久病頭痛者針三五次就可以達到不錯的效果，本穴亦可治療感冒導致的頭痛。,,此為經驗效穴、臟腑別通、全息對應組成的特效對針。列缺為四總穴之一，自古以來就是治療偏正頭痛之要穴。列缺為肺經穴，肺與膀胱臟腑別通，與後頭亦有關，穴位位置在前臂全息點之最上部，對應於頭部。風池自古以來也是治療偏正頭痛之要穴。兩穴合用治療偏正頭痛甚效。 筆者按：筆者數十年來治療各種頭痛一般多取遠處穴位，儘量不針區域性穴位。治療頭痛遠處取穴，然後施以動氣針法讓患者之痛處能夠活動，則療效既快又好。頑固性頭痛或多年頭痛（含偏正頭痛）者，多有瘀血，在太陽穴處刺血，可加強治療效果，加速痊癒。,頭痛,146
痛症,頭面,93,三叉神經痛二針,後溪,在手掌尺側，微握拳，小指本節（第5掌指關節）後的遠側掌橫紋頭赤白肉際。（附圖12）,直刺，握拳，從外側向內側進針，針約8分。得氣後囑患者每隔數分鐘張口活動(或按摩)面頰部1分鐘，以引針氣，針刺後可立止疼痛，留針30分鐘，每間隔10分鐘捻針1次，捻針時張口活動（或按摩）面頰部1分鐘。,"（1）後溪為手太陽經穴，小腸經“其支者，從缺盆循頸上頰，至目銳眥，卻入耳中。其支者，別頰上頤，抵鼻至目內眥，斜絡於顴”，小腸經經過顴、鼻、目，這是三叉神經所過之處，故本穴治療三叉神經痛甚效。 （2）後溪是手太陽小腸經的輸（木）穴，輸主體重節痛，治療間歇性疼痛特效（輸穴主治時而加重、時而較輕、時而無的病證）。 (3) 本穴屬木, 與風相應, 三叉神經痛發作如風一般, 常常突如其來, 故而本穴可治療三叉神經痛。筆者臨床治療三叉神經痛患者常取患側針刺, 效果更佳。",,此為循經、太極全息及輸穴組成的特效對針。足陽明胃經與足少陽膽經均循行經過側頭面部，特別是小腸經“其支者，從缺盆循頸上頰，至目銳眥，卻入耳中。其支者，別頰上頤，抵鼻至目內眥，斜絡於顴”，小腸經經過三叉神經所過之處。筆者治療三叉神經痛，常用後溪配大白，單邊輪流取穴，或左後溪右大白，或右後溪左大白，效果甚佳，稱為“叉痛楊二針”。對於三叉神經痛久病患者配合太陽穴刺血，效果更好。,三叉神經痛,148
痛症,頭面,93,三叉神經痛二針,大白穴,在手背面，大指與食指叉骨間陷中，即第1掌骨與第2掌骨中間之凹陷處。大白穴即大腸經之三間穴，但緊貼骨緣下針。（附圖2）,握拳取穴，直刺1寸，從橈側向尺側刺入，針刺得氣後，令患者張口活動（或按摩）面頰部1分鐘，以引針氣，針刺後可立止疼痛，留針30分鐘，每隔10分鐘捻針1次，捻針時仍囑患者張口活動（或按摩）面頰部1分鐘。,（1）大白穴即三間穴再向前貼骨，緊鄰三間穴而有三間穴之作用。三間為手陽明大腸經之輸穴，輸穴主體重節痛，為治痛證最常用之穴位。三叉神經痛患者痛在面部，經過陽明經之區域，根據“經絡所過，主治所及”，大白可以治療三叉神經痛。 （2）本穴五行屬木，與風相應。三叉神經痛發作時常常突如其來，與風性類似，故本穴治療三叉神經痛效果很好。 （3）中醫學認為，久病及腎，三叉神經痛久病患者多見腎虛。大白穴靠近第2掌骨頂端點，即太極全息對應的頭點，且貼骨應腎，所以治療面部疼痛和頭痛，不論新病還是久病效果都很好。,images/圖2-10_大白穴.jpg,此為循經、太極全息及輸穴組成的特效對針。足陽明胃經與足少陽膽經均循行經過側頭面部，特別是小腸經“其支者，從缺盆循頸上頰，至目銳眥，卻入耳中。其支者，別頰上頤，抵鼻至目內眥，斜絡於顴”，小腸經經過三叉神經所過之處。筆者治療三叉神經痛，常用後溪配大白，單邊輪流取穴，或左後溪右大白，或右後溪左大白，效果甚佳，稱為“叉痛楊二針”。對於三叉神經痛久病患者配合太陽穴刺血，效果更好。,三叉神經痛,148
痛症,頭面,94,頸部軟組織損傷二針 A,後溪,在手掌尺側，微握拳，小指本節（第5掌指關節）後的遠側掌橫紋頭赤白肉際。（附圖12）,直刺，握拳，從外側向內側進針，針約0.8寸。得氣後囑患者每隔數分鐘活動頸部1分鐘，以引針氣，針刺後頸部可立刻輕鬆，留針30分鐘，每間隔10分鐘捻針1次，捻針時活動頸部。,"(1)《靈樞·雜病》中說：“項痛，不可俯仰，刺足太陽，不可以顧，刺手太陽也。”《針灸聚英》中亦有：“後溪穴主治頸項強，不得回顧。” （2）後溪是手太陽小腸經穴位，手太陽經與足太陽經相通，小腸經穿過頸後兩側（在肩部有分支），因此本穴能治療後頸強硬及疼痛。 （3）本穴為八脈交會穴之一，通督脈。督脈經過頸後正中，故針刺本穴可治療後頸強硬及疼痛。 (4) 本穴也是輸穴, 輸主體重節痛, 治療重 (強硬) 痛效果很好。針刺後溪穴可疏通小腸經氣機, 緩解筋脈強急拘攣, 治療頸筋勞損及軟組織痛甚效, 近年來有醫者推崇 “頭項尋後溪”。",,此為經絡、輸穴主體重節痛及經驗效穴組成的特效對穴。“不可俯仰”，刺足太陽經束骨穴。“不可以顧”，刺手太陽後溪穴。筆者治療頸部強硬緊痛，左右轉動不適者，常針後溪；治療頸部前後上下轉動不適者，常針束骨。兩穴合用，則“不可俯仰”及“不可以顧”皆可治矣，稱為“頸部二針”，也可配承漿穴，療效更佳。,頸部軟組織損傷,150
痛症,頭面,94,頸部軟組織損傷二針 A,束骨,在足外側，足小趾本節(第5蹠趾關節)的後方，赤白肉際處。(附圖9),直刺1寸，針刺有酸、脹、麻、重感後，囑患者左右前後活動頸部，可立覺輕鬆。留針30分鐘，每隔10分鐘捻針1次，以引針氣，捻針時仍囑患者活動頸部0.5~1分鐘。,"(1) 膀胱經與督脈都經過頸部。《靈樞·雜病》載：“項痛，不可俯仰，刺足太陽，不可以顧，刺手太陽也。”刺足太陽經束骨穴，雖曰治“不可俯仰”，但依筆者經驗“不可以顧”亦能治之，只是治療“不可俯仰”效果更好。 （2）束骨是膀胱經輸穴，輸穴主體重節痛，本穴是治療痛證最常選用的穴位，所謂“經絡所過，主治所及”。 (3) 本穴為膀胱經的木穴, 木與筋相應, 故本穴可治療頸部筋之勞損。",,此為經絡、輸穴主體重節痛及經驗效穴組成的特效對穴。“不可俯仰”，刺足太陽經束骨穴。“不可以顧”，刺手太陽後溪穴。筆者治療頸部強硬緊痛，左右轉動不適者，常針後溪；治療頸部前後上下轉動不適者，常針束骨。兩穴合用，則“不可俯仰”及“不可以顧”皆可治矣，稱為“頸部二針”，也可配承漿穴，療效更佳。,頸部軟組織損傷,150
痛症,頭面,95,頸部軟組織損傷二針 B,承漿,在面部，當頦唇溝的正中凹陷處。（附圖5）,斜刺，從前下向後上方刺入2~3分。得氣後囑患者每隔數分鐘活動頸部1分鐘，以引針氣，針刺後頸部可立刻輕鬆，留針30分鐘，每隔10分鐘捻針1次，捻針時活動頸部。,(1)《通玄指要賦》《玉龍歌》《勝玉歌》《得效應穴針法賦》中都認為承漿穴是治療項強之首選針，十四經中治療項強最常用的穴位是承漿穴。 （2）承漿穴是任脈、督脈以及手足陽明經的交會穴。督脈行於頸後，任脈滋陰，陽明經多氣多血善於調節氣血，因此針刺本穴有較強的安定鎮靜作用。 （3）依照前後對應的原則，針本穴可治療頸後疼痛（以任陰治督陽），對於頸部正中之疼痛效果尤佳。,,此為經絡、全息對應及經驗效穴組成的特效對針。對於車禍後有後遺症的患者，如脖子不適等，只針刺正筋就很有效，還可以配承漿，兩者皆是特效一針，兩穴合用，有上下交濟作用，療效更好，也可以針刺正宗穴，能縮短療程，效果更好。正筋加正宗稱為“項二針”，再加承漿則稱為“項三針”，三針配合，療效更快、更好。,頸部軟組織損傷,150
痛症,頭面,95,頸部軟組織損傷二針 B,正筋穴,在足後跟筋中央，距足底3.5寸。（附圖52）,用2寸毫針快速刺入穴位，抵骨更佳，強刺激提插捻轉，同時囑患者上下左右活動頸部。左側疼痛，取右側穴位，右側疼痛，取左側穴位，雙側疼痛，則兩側同時取穴，留針30分鐘，每10分鐘捻轉1次，並囑患者上下左右活動頸部。一般治療1次即可痊癒。,（1）正筋穴在跟腱上，根據太極對應足軀逆對，本穴與頸部對應，故正筋穴擅長治療頸痛。下針時刺入跟腱，即“以筋治筋”之意。 （2）就經絡而言，膀胱經經過頸部，筆者經常看到跟腱斷裂者，頭頸立刻歪垂，這證明了跟腱與頸部有關。因此，本穴治療頸項強硬或疼痛，效果極佳。 （3）“以筋治筋”的另一層含義，是指本穴還可以治療痙攣型別疾病，如胃痙攣和腿痙攣。本穴配正宗穴(正筋上2寸)形成倒馬針法，治療痙攣型別疾病效果較好。,images/圖7-4_正筋穴.jpg,此為經絡、全息對應及經驗效穴組成的特效對針。對於車禍後有後遺症的患者，如脖子不適等，只針刺正筋就很有效，還可以配承漿，兩者皆是特效一針，兩穴合用，有上下交濟作用，療效更好，也可以針刺正宗穴，能縮短療程，效果更好。正筋加正宗稱為“項二針”，再加承漿則稱為“項三針”，三針配合，療效更快、更好。,頸部軟組織損傷,150
痛症,頭面,96,落枕二針,重子穴,手心向上，在大指掌骨與食指掌骨之間，虎口下約1寸處是穴。（附圖41）,針 0.5~1 寸。得氣後囑患者每隔數分鐘活動頸部 1 分鐘，以引針氣，針刺後頸部可立刻輕鬆，留針 30 分鐘，每隔 10 分鐘捻針 1 次，捻針時活動頸部。,（1）當頸、肩、背疼痛時，重子、重仙穴位處常會出現青筋，既能反應病變，又可用本穴治療頸、肩、背疼痛，對於沒有青筋浮現者治療也有效。 （2）本穴在肺經循行範圍，故治療肺經疾病、胸痛非常有效。因“肺與膀胱通”，故針刺本穴可治療肩背痛。 （3）根據手掌上的卦位，本穴在艮卦，艮為山為背，故本穴還可治療後背疾病。,images/圖2-8_重子穴.jpg,此為董氏奇穴之全息對應配成倒馬組成的特效對針。落枕時一側脖子轉動不靈，一動即痛，常常是頸部、肩峰(肩井穴)連及背部疼痛，筆者常用對側重子穴、重仙穴倒馬，此兩穴手掌太極全息對應頸、項、肩、背部位，故針刺後脖子可立即活動自如。當疼痛較偏於頸部時，針刺重仙穴為佳，如果疼痛偏於肩部，針刺重子穴為佳。若頸部、肩部皆痛時，則合用重子、重仙穴療效最好，此二針合用稱為“落枕二針”。如果再加用承漿穴，針刺時讓患者同時活動一下脖子，效果會更好，此為治療落枕的最佳組合。,落枕,152
痛症,頭面,96,落枕二針,重仙穴,在大指骨與食指骨夾縫間，離虎口2寸，與手背靈骨穴正對相通。五指併攏，沿掌食指中央線之延長線，與大拇指本節高骨做一垂直線，交叉點即重子穴，自重子穴與掌緣平行斜下1寸即重仙穴。（附圖41）,用 1.5 寸針，針刺深度 1 寸，一般針 1 穴（重子）即可，兩穴同時下針，效果更佳。得氣後囑患者每隔數分鐘活動頸部 1 分鐘，以引針氣，針刺後頸部可立刻輕鬆，留針 30 分鐘，每隔 10 分鐘捻針 1 次，捻針時囑患者活動頸部。,"（1）本穴在肺經循行範圍，故而能治療肺經疾病、胸痛，因肺與膀胱通，故 本穴還可以治療頸、肩、背痛，為治療頸、肩、背痛之特效穴位。 （2）筆者臨床40多年來用這個穴位治療很多頸部僵硬、落枕患者，效果很好，針刺本穴後均有立竿見影之效，配承漿穴效果更好。 (3) 手掌太極全息, 本穴對應頭胸交界處, 即頸部, 當疼痛較偏於頸部時, 針刺重仙穴效果更佳。",images/圖2-9_重仙穴.jpg,此為董氏奇穴之全息對應配成倒馬組成的特效對針。落枕時一側脖子轉動不靈，一動即痛，常常是頸部、肩峰(肩井穴)連及背部疼痛，筆者常用對側重子穴、重仙穴倒馬，此兩穴手掌太極全息對應頸、項、肩、背部位，故針刺後脖子可立即活動自如。當疼痛較偏於頸部時，針刺重仙穴為佳，如果疼痛偏於肩部，針刺重子穴為佳。若頸部、肩部皆痛時，則合用重子、重仙穴療效最好，此二針合用稱為“落枕二針”。如果再加用承漿穴，針刺時讓患者同時活動一下脖子，效果會更好，此為治療落枕的最佳組合。,落枕,152
痛症,頭面,97,頸椎病二針 A,後溪,在手掌尺側，微握拳，小指本節（第5掌指關節）後的遠側掌橫紋頭赤白肉際處。（附圖12）,直刺，握拳，從外側向內側進針，針 0.5~1 寸。得氣後囑患者每隔數分鐘輕微、緩慢且大幅度地活動頸部 1 分鐘，以引針氣，留針 30 分鐘，每隔 10 分鐘捻針 1 次，捻針時仍囑患者輕微、緩慢且大幅度地活動頸部 1 分鐘。,（1）後溪穴為手太陽經的輸（木）穴，輸主體重節痛，故本穴有較好的止痛、舒筋、祛風功效。 （2）手足太陽經同氣相通，足太陽經夾脊柱，並貫入脊柱，故本穴能治療脊柱病證。 （3）後溪穴為八脈交會穴之一，與督脈相通。督脈主一身之陽氣，頸部和腰部疼痛或閃腰扭傷，都是督脈陽氣受阻所致。針刺本穴可疏通督脈陽氣，治療腰痛。針刺本穴深度達人部時可治療頸椎病，深度達地部時可治療腰脊疾病。,,此為經絡（太陽經、督脈）及“輸主體重節痛”組成的特效對針。後溪為手太陽小腸經輸穴，輸穴有較好的止痛、舒筋、祛風之功。手太陽經與足太陽經同氣相通，足太陽經夾脊入脊，後溪穴又為八脈交會穴之一，通於督脈，膀胱經夾督脈，束骨為膀胱經輸穴，兩穴合用，治療頸椎病甚效。,頸椎病,153
痛症,頭面,97,頸椎病二針 A,束骨,在足外側，足小趾本節(第5蹠趾關節)的後方，赤白肉際處。(附圖9),直刺 0.8~1 寸，得氣後囑患者每隔數分鐘輕微、緩慢且大幅度地活動頸部 1 分鐘，以引針氣。留針 30 分鐘，每隔 10 分鐘捻針 1 次，捻針時仍囑患者輕微、緩慢且大幅度地活動頸部。,（1）束骨是足太陽膀胱經的輸穴，輸主體重節痛，故本穴擅長治療本經所過之處的疼痛及屈伸不利。 （2）本穴為膀胱經（水）的木穴，補水潤木之效強，可治療多種疾病。又因為經絡循行，本穴治療身體整個背部的疼痛甚效。 （3）膀胱經循行夾著脊柱，其經別併入脊柱，腎主骨，膀胱經與腎經相表裡，故針刺本穴可治頸、腰部疾病。若貼骨進針，則治療頸、腰椎骨刺效果更好。,,此為經絡（太陽經、督脈）及“輸主體重節痛”組成的特效對針。後溪為手太陽小腸經輸穴，輸穴有較好的止痛、舒筋、祛風之功。手太陽經與足太陽經同氣相通，足太陽經夾脊入脊，後溪穴又為八脈交會穴之一，通於督脈，膀胱經夾督脈，束骨為膀胱經輸穴，兩穴合用，治療頸椎病甚效。,頸椎病,153
痛症,頭面,98,頸椎病二針 B,人中,在面中，當人中溝上 1/3 與中 1/3 交點處。（附圖 5）,坐位或仰臥位取穴。於上唇人中溝上1/3處，從下向上刺入2~3分，刺至牙齦骨尤佳。得氣後囑患者輕微、緩慢且大幅度地活動頸部1分鐘，以引針氣。留針30分鐘，每10分鐘捻針1次，捻針時仍囑患者輕微、緩慢且大幅度地活動頸部1分鐘。,（1）人中位於督脈，通達脊柱，為手足陽明經與督脈的交會處。手足陽明經多氣多血，調理氣血作用極強，經脈所過之處本穴皆可治之。 （2）人中歷來都是治療脊柱病之要穴，尤其是頸椎病和腰椎病。刺至牙齦骨又有“以骨治骨”之作用，療效尤佳。,,此為經絡（督脈）及“少陽主骨”組成的特效對針。風市為足少陽經穴位，正當人身最大之長骨處，治療頸椎及腰椎病甚效，人中為督脈穴，主脊柱病，兩穴合用治療頸椎病甚效。 筆者按：後溪、束骨、人中三穴治療骨刺甚效，稱為“骨刺三針”。再加配風市治療骨刺療效更快，這四穴是治療骨刺的特效穴，也是筆者治療頸椎、腰椎疾病最常用的穴位，筆者40年來治療百餘例頸椎病患者，效果極佳，一般三四周內，針刺七八次多可治癒，針刺時配合子午流注時間可加快痊癒速度。正筋、正宗、人中，亦可稱為“骨刺三針”，這一組合治療頸椎病及腰椎骨刺亦極效。,頸椎病,153
痛症,頭面,98,頸椎病二針 B,風市,在大腿外側部的中線上，當膕橫紋上7寸。或直立垂手時，中指尖處。（附圖28）,針刺深度 2 寸，抵骨尤佳。得氣後囑患者每隔數分鐘輕微、緩慢且大幅度地活動頸部 1 分鐘，以引針氣，留針 30 分鐘，每隔 10 分鐘捻針 1 次，捻針時仍囑患者輕微、緩慢且大幅度地活動頸部約 1 分鐘。,"(1) 本穴名為風市, 是安神、鎮靜之要穴 (祛風力強)。 (2)《黃帝內經》中說:“凡十一髒,取決於膽也。”膽經在頭部之穴位最多,鎮定作用很強,對各種痛證皆有一定療效。 (3)《靈樞·經脈》中說:“少陽是主骨所生病。”即“少陽主骨”，風市在少陽經，治療骨刺病時若能抵到骨頭，效果非常好。風市穴在臨床可治療多種痛證，治療範圍十分廣泛。",,此為經絡（督脈）及“少陽主骨”組成的特效對針。風市為足少陽經穴位，正當人身最大之長骨處，治療頸椎及腰椎病甚效，人中為督脈穴，主脊柱病，兩穴合用治療頸椎病甚效。 筆者按：後溪、束骨、人中三穴治療骨刺甚效，稱為“骨刺三針”。再加配風市治療骨刺療效更快，這四穴是治療骨刺的特效穴，也是筆者治療頸椎、腰椎疾病最常用的穴位，筆者40年來治療百餘例頸椎病患者，效果極佳，一般三四周內，針刺七八次多可治癒，針刺時配合子午流注時間可加快痊癒速度。正筋、正宗、人中，亦可稱為“骨刺三針”，這一組合治療頸椎病及腰椎骨刺亦極效。,頸椎病,153
痛症,肩背腰臀,99,肩關節周圍炎二針,腎關穴,在陰陵泉穴直下1.5寸，脛骨內側。（附圖55）,直刺，針刺深度1.5~2寸。針刺得氣後，令患者反覆做上肢抬舉、外展、後伸動作，爭取擴大上肢正常活動範圍，留針30分鐘。每隔10分鐘捻針1次，捻針時活動肩部並練習抬肩。,"(1) 腎關為補腎要穴, 此穴在陰陵穴下, 有脾腎雙補的 (陰陵泉為土經水穴, 能脾腎雙補) 作用, 對於腎虛引起的坐骨神經痛、背痛、頭痛、腰痠、腰痛均有很好的療效, 另外本穴治療兩手發麻或疼痛亦有效。 （2）因脾與小腸通，故針刺本穴治療肩痛、肩周炎甚效。進針後，讓患者活動手臂，或抬舉肩臂，往往立能奏效。 （3）腎關太極全息對應於肩頸區，這是本穴治療肩周炎的另一個原因。筆者曾經治療一“五十肩”（肩關節炎）患者，僅治療1次就痊癒了。本穴對病程短者療效甚速，對於病程長者療效更好。",,此為經絡、臟腑別通、全息對應、經驗效穴組成的特效對穴。筆者治療肩周炎患者逾百例，都以遠處取穴為主，針刺時讓患者活動患處以引針氣，療效較佳。腎關透過脾與小腸相通，在太極全息對應於肩頸部，且脾經、胃經相表裡，故本穴亦能治療前肩病。陽陵泉為足少陽膽經合穴，經絡循行至側肩，又為筋會，善治筋病，兩穴合用，治療肩臂痛甚至肩痛連及到頸處亦有療效，稱為“肩二針”。臨床治療肩周炎患者時若根據“輸主體重節痛”和“滎輸治外經”原則，加取患側本經輸穴或滎穴，既可以作為牽引針，也可以作為治療針。如痛點在肩前外側（陽明經），取三間；痛點在肩外側偏後方（少陽經），取中渚；痛點在肩後側（太陽經），取後溪。三間、中渚、後溪都為牽引針，也是治療針，有雙重治療作用，效果更好，療效更為迅速。,肩關節周圍炎,155
痛症,肩背腰臀,99,肩關節周圍炎二針,陽陵泉,在小腿外側，當腓骨頭前下方凹陷處。（附圖29）,針患側，用毫針直刺1.5~2寸，得氣後囑患者反覆做上肢抬舉、外展、後伸動作，爭取擴大上肢正常活動範圍。留針30分鐘。每隔10分鐘捻針1次，仍囑患者反覆做上肢抬舉、外展、後伸動作。針刺本穴前，可先在陽陵泉穴位附近尋找壓痛點，再在壓痛點處施針，效果尤佳。,"（1）陽陵泉為足少陽膽經合穴，又是“筋會”，所以說本穴善治肩周炎、舉臂困難等筋病。 (2)《靈樞·九針十二原》中說:“疾高而內者,取之陰之陵泉;疾高而外者,取之陽之陵泉也。”治療偏頭痛、肩痛、手腕痛等“疾高而外”之病,常針刺陽陵泉,效果很好,此論點在筆者1976年譯註的《黃帝內經靈樞譯解》中已詳細說明。",,此為經絡、臟腑別通、全息對應、經驗效穴組成的特效對穴。筆者治療肩周炎患者逾百例，都以遠處取穴為主，針刺時讓患者活動患處以引針氣，療效較佳。腎關透過脾與小腸相通，在太極全息對應於肩頸部，且脾經、胃經相表裡，故本穴亦能治療前肩病。陽陵泉為足少陽膽經合穴，經絡循行至側肩，又為筋會，善治筋病，兩穴合用，治療肩臂痛甚至肩痛連及到頸處亦有療效，稱為“肩二針”。臨床治療肩周炎患者時若根據“輸主體重節痛”和“滎輸治外經”原則，加取患側本經輸穴或滎穴，既可以作為牽引針，也可以作為治療針。如痛點在肩前外側（陽明經），取三間；痛點在肩外側偏後方（少陽經），取中渚；痛點在肩後側（太陽經），取後溪。三間、中渚、後溪都為牽引針，也是治療針，有雙重治療作用，效果更好，療效更為迅速。,肩關節周圍炎,155
痛症,肩背腰臀,100,背痛二針 A,重子穴,手心向上，在大指掌骨與食指掌骨之間，虎口下約1寸處是穴。（附圖41）,針 0.5~1 寸。得氣後囑患者每隔數分鐘活動背部 1 分鐘，以引針氣，下針後背部可立刻輕鬆，留針 30 分鐘，每隔 10 分鐘捻針 1 次，捻針時囑患者活動背部。,"（1）重子穴可以說是治療上背部疼痛最有效的穴位之一。當上背部和頸肩部疼痛時，可在重子、重仙穴位處觀察是否有青筋，青筋處既是反應點，也是治療點。 （2）重子穴位於肺經，因此可治療呼吸系統疾病和胸痛，又因肺與膀胱通，故本穴亦可治療上背部和肩部疼痛。 (3) 根據手掌上的卦位, 本穴在艮卦, 艮為山為背, 故本穴可治療後背疾病。",images/圖2-8_重子穴.jpg,此為經絡及太極全息組成的特效對針。治療背痛的特效針很多，以兩個特效一針配成對針，療效尤佳，常能在短時間奏效。若僅一側背痛可以針對側重子、重仙。若兩邊背部皆痛，可以一手針重子，一手針重仙。雖然重子、重仙兩穴治療頸痛與肩背痛都有效，但是重仙穴治療頸痛連肩部效果更好，而重子穴治療肩痛連及上背部效果更好。倘若頸部、肩部及上背部皆疼痛時，合用重子、重仙穴甚效，這是“背痛二針A”。針刺後讓患者輕輕活動背部，患者就會立刻感覺疼痛減輕許多。,背痛,157
痛症,肩背腰臀,100,背痛二針 A,重仙穴,在大指骨與食指骨夾縫間，離虎口2寸，與手背靈骨穴正對相通。五指併攏，沿掌食指中央線之延長線，與大拇指本節高骨做一垂直線，交叉點即重子穴，自重子穴與掌緣平行斜下1寸即重仙穴。（附圖41）,用 1.5 寸針，針刺深度 1 寸，一般針 1 穴（重子）即可，兩穴同時下針，效果更佳。得氣後囑患者每隔數分鐘活動背部 1 分鐘，以引針氣，針下後背部可立刻輕鬆，留針 30 分鐘，每間隔 10 分鐘捻針 1 次，捻針時囑患者活動背部。,"(1) 重仙穴位於肺經, 因此可治療呼吸系統疾病和胸痛。 （2）重仙穴透過肺與膀胱通，故可治療上背部和肩部疼痛，是治療肩背痛之特效針。本穴對肩、頸、背痛非常有效。",images/圖2-9_重仙穴.jpg,此為經絡及太極全息組成的特效對針。治療背痛的特效針很多，以兩個特效一針配成對針，療效尤佳，常能在短時間奏效。若僅一側背痛可以針對側重子、重仙。若兩邊背部皆痛，可以一手針重子，一手針重仙。雖然重子、重仙兩穴治療頸痛與肩背痛都有效，但是重仙穴治療頸痛連肩部效果更好，而重子穴治療肩痛連及上背部效果更好。倘若頸部、肩部及上背部皆疼痛時，合用重子、重仙穴甚效，這是“背痛二針A”。針刺後讓患者輕輕活動背部，患者就會立刻感覺疼痛減輕許多。,背痛,157
痛症,肩背腰臀,101,背痛二針 B,後溪,在手掌尺側，微握拳，小指本節（第5掌指關節）後的遠側掌橫紋頭赤白肉際處。（附圖12）,直刺，握拳，從外側向內側進針，針 0.5~1 寸（約 0.8 寸）。得氣後囑患者每隔數分鐘活動背部 1 分鐘，以引針氣，針下後背部可立刻輕鬆，留針 30 分鐘，每間隔 10 分鐘捻針 1 次，捻針時活動背部。,後溪穴是手太陽小腸經的輸穴，輸主體重節痛，治療腰背痛有很好的療效。手太陽經“出肩解，繞肩胛”，循行經過肩，環繞肩胛骨周圍，而手太陽經與足太陽經同名經相通，因此針刺本穴可治療整個背部疼痛。,,此為經絡（循行所至）及輸穴（輸主體重節痛）組成的特效對針。筆者常以後溪配束骨治療整個背痛，療效甚佳。蓋背部為手足太陽經循行所過之處，後溪為手太陽經輸穴，束骨為足太陽經輸穴，輸主體重節痛，兩穴合用治療整個背痛甚效，稱為“背痛二針 B”。對於久病痼疾有瘀血者，筆者會在委中刺血加速痊癒。,背痛,157
痛症,肩背腰臀,101,背痛二針 B,束骨,在足外側，足小趾本節(第5蹠趾關節)的後方，赤白肉際處。(附圖9),直刺 1 寸，待患者有酸、脹、麻、重感後，囑患者左右前後活動背部，可立覺輕鬆，留針 30 分鐘，每隔 10 分鐘捻針 1 次，以引針氣，捻針時仍囑患者活動背部 0.5~1 分鐘。,"(1) 膀胱經和督脈均循行於後背部, 膀胱經夾督脈。束骨穴是膀胱經的輸穴, 輸主體重節痛, 故本穴是治療痛證最常用的穴位之一。“經絡所過, 主治所及”, 本穴可以治療脊柱和背部疼痛。 （2）本穴為膀胱經（水經）上的木穴，木與筋相應，因此本穴治療頸部僵硬和背部疼痛甚效。",,此為經絡（循行所至）及輸穴（輸主體重節痛）組成的特效對針。筆者常以後溪配束骨治療整個背痛，療效甚佳。蓋背部為手足太陽經循行所過之處，後溪為手太陽經輸穴，束骨為足太陽經輸穴，輸主體重節痛，兩穴合用治療整個背痛甚效，稱為“背痛二針 B”。對於久病痼疾有瘀血者，筆者會在委中刺血加速痊癒。,背痛,157
痛症,肩背腰臀,102,急性腰扭傷二針,人中,在面部，當人中溝上 $1 / 3$ 與下 $2 / 3$ 交點處。（附圖5）,坐位或仰臥位取穴。針尖向上呈 $15^{\circ}$ 斜刺針入約0.5寸，得氣後施以捻轉手法，強刺激，以使患者流淚效果最佳，同時囑患者緩慢活動腰部，留針20~30分鐘，留針期間每隔5分鐘行針1次，並囑患者自行做腰部左右旋轉、前俯後仰及下蹲等動作。針後即感輕鬆。每日1次，直至症狀消失。,（1）人中自古以來就是治療腰脊痛的常用經驗穴。《玉龍歌》中說：“強痛脊背瀉人中，挫閃腰痠（急性腰扭傷或腰痠痛）亦可攻。”《通玄指要賦》中說：“人中除脊膂之強痛。”人中穴對於急性腰扭傷或腰痠痛皆有效。 （2）人中是督脈穴位，督脈穿行於脊柱中央，針刺人中能調理督脈經氣，治療腰脊痛、項強等。 (3)督脈與其旁的足太陽經、手太陽經脈氣相通。根據“經脈所過，主治所及”的原則，人中穴可舒筋利節，既能通調督脈又能止痛，對於脊柱兩旁之疼痛，尤其是急性腰扭傷很有療效。 （4）人中正當腰部水平，根據全息分部，正對應腰部，人中水平線上的幾個穴位均能治療腰痛。,,此為循經及輸穴組成的特效對針。腰扭傷多在腰脊正中及脊柱兩旁，筆者治療腰扭傷一般針刺人中配後溪。人中通督脈，後溪為手太陽大腸經穴，手足太陽經相通，兩穴配合是治療腰扭傷之特效對針，也可加刺束骨治療腰扭傷，療效更快。若委中周圍有青筋（靜脈）浮出，則刺血青筋處效果最快。近年來以“一穴療法”治療急性腰扭傷的文獻報道很多，有效的單穴就有數十個之多，如督脈、太陽經、少陽經、陽明經上的有效穴，還有經外奇穴、董氏奇穴等，這些穴位治療急性腰扭傷效果都很好。筆者治療急性腰痛取穴以循經遠取為主，若病在正中，針刺人中效果最好，若病在脊柱兩側，脊柱兩側為足太陽經脈所過，治療取後溪穴效果最佳，若病在腰兩側，涉及足少陽經脈，則以中渚配心門，療效甚佳。,急性腰扭傷,159
痛症,肩背腰臀,102,急性腰扭傷二針,後溪,在手掌尺側，微握拳，小指本節（第5掌指關節）後的遠側掌橫紋頭赤白肉際處。（附圖12）,坐位或臥位取穴，單側腰部疼痛取健側穴位（患側亦有效），若腰脊柱中間及雙側痛，均取雙側穴位。快速進針1寸，並用提插捻轉強刺激手法行針，並囑患者逐漸活動腰部，從小動作開始，由慢到快，逐漸加大動作幅度，做前俯後仰及左右轉側動作活動患部，留針30分鐘。留針期間行針2~3次，再按上法活動幾次，至腰可隨意活動或活動較為便利時出針（若患者體質尚好，站立位取穴效果尤佳）。,（1）後溪穴是手太陽小腸經的輸穴。手太陽與足太陽同名經相通。腰兩側疼痛重者，病在足太陽經，而後溪穴既是輸穴，又與膀胱經相通，因此針後溪穴治療兩側腰痛效果甚佳。 （2）本穴為八脈交會穴之一，通於督脈，督脈貫脊，入絡腦，還出別下項，夾脊抵腰中，“督脈為病，脊強反折”，凡督脈為病，都可以考慮用後溪穴治療，包括頸部、背部、腰部和腿部病變。 （3）後溪穴為輸穴，“輸主體重節痛”，故後溪可以治療經絡關節處沉重、疼痛的病變，以及因督脈、膀胱經氣機鬱滯導致的急性腰扭傷。 （4）後溪穴之五行屬木，具有舒筋活絡之功效，可緩解痙攣狀態。針刺後溪能疏通督脈與小腸經的氣機，緩解筋脈拘攣強急。臨床上治療急性腰扭傷患者，無論是腰脊正中痛還是兩側腰痛，進針後疼痛就會立刻緩解，患者通常在針刺1次後即可改善。,,此為循經及輸穴組成的特效對針。腰扭傷多在腰脊正中及脊柱兩旁，筆者治療腰扭傷一般針刺人中配後溪。人中通督脈，後溪為手太陽大腸經穴，手足太陽經相通，兩穴配合是治療腰扭傷之特效對針，也可加刺束骨治療腰扭傷，療效更快。若委中周圍有青筋（靜脈）浮出，則刺血青筋處效果最快。近年來以“一穴療法”治療急性腰扭傷的文獻報道很多，有效的單穴就有數十個之多，如督脈、太陽經、少陽經、陽明經上的有效穴，還有經外奇穴、董氏奇穴等，這些穴位治療急性腰扭傷效果都很好。筆者治療急性腰痛取穴以循經遠取為主，若病在正中，針刺人中效果最好，若病在脊柱兩側，脊柱兩側為足太陽經脈所過，治療取後溪穴效果最佳，若病在腰兩側，涉及足少陽經脈，則以中渚配心門，療效甚佳。,急性腰扭傷,159
痛症,肩背腰臀,103,慢性腰痛二針,中渚,在手背部，當環指本節（掌指關節）的後方，第4、第5掌骨間凹陷處。（附圖23）,握拳取穴。直刺，從背側面向掌側面刺入，針入5分。,"（1）中渚是手少陽三焦經的輸穴。根據“經脈所過，主治所及”及“滎輸治外經”的原則，中渚可治療風寒侵襲少陽經所致的腰痛。 (2) 腰痛常因區域性經脈氣血凝滯, 中渚是手少陽三焦經上的輸穴屬木, “輸主體重節痛”, 本穴應肝筋, 可疏通氣血、舒筋活絡, 從而達到通則不痛之目的。 （3）手少陽經的經筋行於頸項，且與足太陽經的經筋相合，故中渚可治療太陽經之腰痛，透過三焦與腎相通，本穴對各種腎虛及腎虛引起的病證均有療效。 （4）中渚穴太極對應腰臍部位，此為本穴治療腰痛之原因之一。本穴是治療急性腰扭傷和慢性腰痛非常有效的穴位。",,此為經絡及輸穴配合太極全息組成的特效對針。筆者臨床治療慢性腰痛最常取中渚配心門，即“腰痛楊二針”。中渚穴在三焦經上，透過三焦與腎臟腑別通，治療腎虧病變（包括腰痛）療效很好。心門全息對應於腰之上下，因此上下腰痛皆能治療。中渚配心門能治療大面積腰痛，包括腰部上下及環腰疼痛。,慢性腰痛,160
痛症,肩背腰臀,103,慢性腰痛二針,心門穴,手撫胸取穴，穴在小腸經合穴附近，尺骨鷹嘴突起之上端，距肘尖1.5寸是穴。（附圖48）,針入 1.5~2 寸，患者有針感後行強刺激捻針 1 分鐘，同時囑患者做腰部左右旋轉、前俯後仰等動作，留針 20~30 分鐘，留針期間囑患者每 5 分鐘做腰部左右旋轉、前俯後仰等動作半分鐘，可立覺輕鬆。,"（1）心門穴在小腸經合穴附近，以肘為太極腰臍點來看，本穴正象全息對應在腰上，倒象全息則對應在腰下，與臀部對應，如此本穴則腰之上下皆有對應，因此上下腰痛皆能治療。 (2) 本穴貼骨進針, 以骨治骨 (體應), 以骨治腎, 因此治療腰痛甚效。 （3）手足太陽經相通，由於太陽經夾督脈，故本穴治療脊柱及太陽經之兩側腰痛皆有效。",images/圖3-15_心門穴.jpg,此為經絡及輸穴配合太極全息組成的特效對針。筆者臨床治療慢性腰痛最常取中渚配心門，即“腰痛楊二針”。中渚穴在三焦經上，透過三焦與腎臟腑別通，治療腎虧病變（包括腰痛）療效很好。心門全息對應於腰之上下，因此上下腰痛皆能治療。中渚配心門能治療大面積腰痛，包括腰部上下及環腰疼痛。,慢性腰痛,160
痛症,肩背腰臀,104,坐骨神經痛二針,靈骨穴,在手背，拇指與食指叉骨間，第1掌骨與第2掌骨接合處。（附圖42）,左病取右，右病取左。直刺1.5寸，針入後囑患者每隔幾分鐘活動腰腿，以引針氣，下針後可立止腰腿痛。留針30分鐘，每隔10分鐘捻針1次，捻針時活 動腰腿部。,"（1）靈骨穴位於合谷（木）、陽溪（火）之間，溫陽作用甚強。治療中風偏癱時功效如同補陽還五湯、真武湯，治療坐骨神經痛時功效如同獨活寄生湯。 (2) 靈骨穴位於手陽明大腸經, 與肺經相表裡。靈骨應腎, 治療太陽經或少陽經走向之坐骨神經痛皆極有效。根據筆者臨床體會, 本穴治療坐骨神經痛功效勝過十四經的其他穴位。 （3）治療時，以左治右，以右治左，先取健側的靈骨穴下針。本穴還可以治療腹股溝（鼠蹊）酸脹疼痛、抬腿困難（虛弱無力），治療大腿和小腿前內側至足內緣疼痛之坐骨神經痛亦極有效（較少見）。 (4) 根據全息對應, 靈骨穴可治療下焦、腰、腿等病證, 通常深針效果更好。 (5) 靈骨穴單用治療坐骨神經痛即有效, 若配合大白穴則效果更佳。",images/圖2-11_靈骨穴.jpg,此為全息、臟腑別通、體應組成的特效對針。一般醫生治療坐骨神經痛，選穴以近取法較多，遠處取穴者較少，但遠處取穴因能活動患處，配合動氣針法，效果比近取法好。以奇穴靈骨、大白兩針倒馬療效最佳。靈骨、大白皆對應於下焦，透過大腸與肝通，能治筋病，兩穴皆貼骨進針，能治骨病，兩穴合用不但可以治療腰腿痛，還能治療腰椎間盤突出壓迫導致的坐骨神經痛，效果很好。靈骨、大白兩針倒馬治療坐骨神經痛，稱為“坐骨楊二針”。對於腰椎間盤突出症（俗稱骨刺）引起的坐骨神經痛患者，還可以用“骨刺三針”治療，即針刺人中、後溪、束骨三穴，1次針靈骨、大白，1次針“骨刺三針”，坐骨神經痛患者可以在短期速愈。 筆者按：鼻翼穴單獨治療坐骨神經痛療效亦佳，可與靈骨、大白配伍，縮短療程。鼻翼穴在鼻翼上端之溝陷中。針刺時從鼻翼中央上端之溝陷中刺之。採用提捏進針法，向鼻尖方向刺入1~2分深，針入後囑患者每幾分鐘活動腰腿，以引針氣，留針30分鐘，每隔10分鐘捻針1次，捻針時囑患者活動腰腿部。鼻翼穴位於督脈與手足陽明經之間，可調節氣血，筆者常用鼻翼穴治療坐骨神經痛，效果很好。鼻翼穴與肺、脾、腎相應，故能調氣治療氣虛氣滯之證。由於脾主四肢，腎為作強之官，因此本穴還可以補腎、提神、消除疲勞。諸陽經皆上行於頭面部，鼻為面部最高點，故本穴溫陽理氣作用甚強，這也是鼻翼穴能消除疲勞和治療坐骨神經痛之原因。,坐骨神經痛,161
痛症,肩背腰臀,104,坐骨神經痛二針,大白穴,在手背面，大指與食指叉骨間陷中，即第1掌骨與第2掌骨中間之凹陷處。大白穴即大腸經之三間穴，但緊貼骨緣下針。（附圖42）,貼骨近針。直刺 1.5 寸，針入後囑患者每幾分鐘活動腰腿，以引針氣，下針後可立止腰腿痛。留針 30 分鐘，每隔 10 分鐘捻針 1 次，捻針時活動腰腿部。,（1）按生物全息論，將2掌骨每一部分予以區分，從指根向掌根歧骨，可分別對應頭、頸、上肢、肺、肝、胃、十二指腸、腎、腰、下腹、腿、足這十二個區段。由此可以看出，大白穴對應於頭部，靈骨穴則與腿和腳齊平，因此靈骨能治療坐骨神經痛。從倒象對應來看，大白穴對應於腿腳，而靈骨則與頭部齊平，則大白穴也可以治療坐骨神經痛。 （2）靈骨穴和大白穴都在大腸經上，陽明經多氣多血，氣血充盈。此二穴正好夾著合谷（大腸經原穴），故補氣作用強。兩穴均貼骨緣下針（與腎相應），透過大腸與肝通，又能治肝筋之病，可以說筋骨皆治。因此兩穴合用治療坐骨神經痛非常有效。,images/圖2-10_大白穴.jpg,此為全息、臟腑別通、體應組成的特效對針。一般醫生治療坐骨神經痛，選穴以近取法較多，遠處取穴者較少，但遠處取穴因能活動患處，配合動氣針法，效果比近取法好。以奇穴靈骨、大白兩針倒馬療效最佳。靈骨、大白皆對應於下焦，透過大腸與肝通，能治筋病，兩穴皆貼骨進針，能治骨病，兩穴合用不但可以治療腰腿痛，還能治療腰椎間盤突出壓迫導致的坐骨神經痛，效果很好。靈骨、大白兩針倒馬治療坐骨神經痛，稱為“坐骨楊二針”。對於腰椎間盤突出症（俗稱骨刺）引起的坐骨神經痛患者，還可以用“骨刺三針”治療，即針刺人中、後溪、束骨三穴，1次針靈骨、大白，1次針“骨刺三針”，坐骨神經痛患者可以在短期速愈。 筆者按：鼻翼穴單獨治療坐骨神經痛療效亦佳，可與靈骨、大白配伍，縮短療程。鼻翼穴在鼻翼上端之溝陷中。針刺時從鼻翼中央上端之溝陷中刺之。採用提捏進針法，向鼻尖方向刺入1~2分深，針入後囑患者每幾分鐘活動腰腿，以引針氣，留針30分鐘，每隔10分鐘捻針1次，捻針時囑患者活動腰腿部。鼻翼穴位於督脈與手足陽明經之間，可調節氣血，筆者常用鼻翼穴治療坐骨神經痛，效果很好。鼻翼穴與肺、脾、腎相應，故能調氣治療氣虛氣滯之證。由於脾主四肢，腎為作強之官，因此本穴還可以補腎、提神、消除疲勞。諸陽經皆上行於頭面部，鼻為面部最高點，故本穴溫陽理氣作用甚強，這也是鼻翼穴能消除疲勞和治療坐骨神經痛之原因。,坐骨神經痛,161
痛症,肩背腰臀,105,骶尾骨痛二針,心門穴,手撫胸取穴，穴在小腸經合穴附近，尺骨鷹嘴突起之上端，距肘尖1.5寸是穴。（附圖48）,針入 1.5~2 寸，患者有針感後，行強刺激捻針 1 分鐘，同時囑患者活動腰臀，留針 30 分鐘。每 10 分鐘捻針 1 次，留針期間囑患者每 5 分鐘活動腰臀半分鐘。,"（1）心門穴等同於小腸經合穴，根據太極對應，本穴位於前臂之尾部，與臀尾對應，故心門能治療大腿內側（包括鼠蹊）痛、坐骨神經痛（對太陽經走向之坐骨神經痛尤為有效，蓋手太陽通足太陽也）及骶尾骨痛。 (2) 心門貼骨進針能應腎治骨, 故心門善治骶尾骨痛。",images/圖3-15_心門穴.jpg,此為經絡、全息、體應組成的特效對針。筆者常用心門穴配後會穴治療所有型別的尾椎痛，療效極佳。心門在前臂下段對應下焦，可治療尾椎痛，治療時應貼骨進針；後會穴在督脈，可治療脊柱病，在頭部之全息中屬後段，對應尾椎。心門穴配後會穴治療尾椎痛甚效，稱為“骶尾楊二針”。,骶尾骨痛,163
痛症,肩背腰臀,105,骶尾骨痛二針,後會穴,在正會穴直後1.6寸，本穴位置與督脈之後頂穴位置相符。（附圖26）,以 1 寸毫針直刺入 3~5 分。然後一邊捻針一邊囑患者活動骶尾部，約 1 分鐘，留針 30 分鐘，留針時患者可走動，可做上下蹲起活動，每 10 分鐘運針 1 次，運針時仍囑患者活動骶尾部。,"(1) 根據太極對應, 後會對應骶尾, 故後會善治尾椎痛。 （2）後會區域疼痛也可以針尾椎附近的穴位（如沖霄穴），有特效。後會與百會倒馬並用，效果尤佳。",images/圖10-10_後會穴.jpg,此為經絡、全息、體應組成的特效對針。筆者常用心門穴配後會穴治療所有型別的尾椎痛，療效極佳。心門在前臂下段對應下焦，可治療尾椎痛，治療時應貼骨進針；後會穴在督脈，可治療脊柱病，在頭部之全息中屬後段，對應尾椎。心門穴配後會穴治療尾椎痛甚效，稱為“骶尾楊二針”。,骶尾骨痛,163
痛症,手足,106,肱骨外上髁炎二針,曲後穴,屈肘拱胸，當肘橫紋外端凹陷處（屈肘橫紋頭陷中）為曲池，再沿肘橫紋頭向前延伸至骨前緣即為曲後穴。（附圖49）,取健側穴貼骨進針，直刺1.5寸。針入後令患者伸屈活動患肘1~2分鐘。留針30分鐘，每隔10分鐘捻針1次，捻針時囑患者伸屈活動患肘。,"（1）曲後即曲池向肘骨尖延伸至骨前緣。進針時貼骨進針，這種緊貼骨緣下針的手法，正符合《黃帝內經》中：“短刺者，刺骨痺，稍搖而深之，致針骨所，以上下摩骨也。” (2) 現代研究有 “骨膜傳導” 之說, 骨膜上有很多神經及血管, 針刺抵骨或貼骨, 透過骨膜傳導, 能治療一些骨關節疾病, 效果甚佳。肱骨外上髁炎, 又稱網球肘, 屬於骨痺, 針刺曲後穴治療肱骨外上髁炎效果很好。 （3）左病取右，右病取左，一是求平衡，二是讓患處活動，動引針氣，療效更佳。在治療期間，應建議患者多休息，手臂避擴音拿重物。",,此為體應取穴（筋骨並治）及臟腑別通組成的特效對針。治療時取健側曲後穴及手三里穴，筋骨並治，治療肱骨外上髁炎（即網球肘）甚效，稱為“網球肘二針”。肱骨外上髁炎發病部位在大腸經外緣，治療時取健側靈骨穴作為牽引穴，療效更快，還能讓患處活動方便。手三里穴配曲後穴倒馬，再配健側靈骨穴做牽引，這是治療肱骨外上髁炎的最佳組合，筆者用此法快速治癒多例網球選手。治療期間患肢應適當減少活動，避擴音拿重物。 筆者按：靈骨在手背拇指與食指叉骨間，第1掌骨與第2掌骨接合處，與重仙穴相通。針刺時取患側穴位，握拳取穴，在拇指、食指叉骨間，第1掌骨與第2掌骨接合處貼骨進針，直刺1.5寸。針入後令患者活動肘部1~2分鐘。留針30分鐘，每隔10分鐘捻針1次，捻針時囑患者活動患肘。,肱骨外上髁炎,164
痛症,手足,106,肱骨外上髁炎二針,手三里,在前臂背面橈側，當陽溪與曲池的連線上，肘橫紋下2寸，握拳屈肘時肱橈肌部凹陷處。（附圖49）,取健側穴位，握拳屈肘取穴，直刺約1寸，得氣後施以提插捻轉手法，強刺激，令患者伸屈患肘活動1~2分鐘，留針30分鐘，每隔10分鐘捻針1次，捻針時囑患者活動患肘。,（1）手三里是大腸經的重要穴位，由於陽明經多氣多血，故本穴善於調理氣血，還能祛風活絡，因此本穴擅長治療經絡疾病。 （2）基於本穴位置所在，歷代醫家均認為手三里為治療肩背痛及臂痛要穴（見《通玄指要賦》《勝玉歌》《席弘賦》《雜病穴法歌》）。 （3）本穴在銳肉之端，即筋肉特別隆起的地方，或可說是有“分理”的肉，古人對此皆以“筋”論，故本穴擅長治療筋病，本穴是治療肱骨外上髁炎的特效針。,,此為體應取穴（筋骨並治）及臟腑別通組成的特效對針。治療時取健側曲後穴及手三里穴，筋骨並治，治療肱骨外上髁炎（即網球肘）甚效，稱為“網球肘二針”。肱骨外上髁炎發病部位在大腸經外緣，治療時取健側靈骨穴作為牽引穴，療效更快，還能讓患處活動方便。手三里穴配曲後穴倒馬，再配健側靈骨穴做牽引，這是治療肱骨外上髁炎的最佳組合，筆者用此法快速治癒多例網球選手。治療期間患肢應適當減少活動，避擴音拿重物。 筆者按：靈骨在手背拇指與食指叉骨間，第1掌骨與第2掌骨接合處，與重仙穴相通。針刺時取患側穴位，握拳取穴，在拇指、食指叉骨間，第1掌骨與第2掌骨接合處貼骨進針，直刺1.5寸。針入後令患者活動肘部1~2分鐘。留針30分鐘，每隔10分鐘捻針1次，捻針時囑患者活動患肘。,肱骨外上髁炎,164
痛症,手足,107,肱骨內上髁炎二針,心門穴,手撫胸取穴，穴在小腸經合穴附近，尺骨鷹嘴突起之上端，距肘尖1.5寸是穴。（附圖48）,手撫胸取穴，針入1.5~2寸，患者有針感後，行強刺激捻針1分鐘，同時囑患者活動患肢，留針 30 分鐘，每 10 分鐘捻針 1 次，留針期間囑患者每 5 分鐘活動患肢半分鐘。,（1）肱骨內上髁炎又稱為高爾夫球肘，其痛點在手太陽小腸經沿線。心門穴在小腸經上，靠近小腸經合穴，治療肱骨內上髁炎時取健側心門穴針刺，即以左治右，以右治左，療效顯著。 (2)針刺時緊貼骨緣下針，即“以骨治骨”（五體相應），且本穴在手太陽經上，因此治療肱骨內上髁炎有效。,images/圖3-15_心門穴.jpg,此為經絡循經、體應針法取穴及“輸穴主體重節痛”組成的特效對針。治療肱骨內上髁炎當針刺健側心門穴，並加患側小腸經之輸穴後溪穴作為牽引穴，療效甚佳，此兩穴稱為“高爾夫球肘二針”。,肱骨內上髁炎,165
痛症,手足,107,肱骨內上髁炎二針,後溪,在手掌尺側，微握拳，小指本節（第5掌指關節）後的遠側掌橫紋頭赤白肉際處。（附圖12）,患者坐位或俯臥位，取患側後溪穴，常規消毒後，用30號毫針直刺2寸，中等刺激，邊捻針邊讓患者活動肘部，留針20~30分鐘。中間行針3次，每次運針1分鐘。,本穴為手太陽小腸經輸穴，“輸穴主治體重節痛”，且肱骨內上髁炎痛點在手太陽經小腸經上，“經絡所過，主治所及”，所以針刺本穴治療肱骨內上髁炎有效。,,此為經絡循經、體應針法取穴及“輸穴主體重節痛”組成的特效對針。治療肱骨內上髁炎當針刺健側心門穴，並加患側小腸經之輸穴後溪穴作為牽引穴，療效甚佳，此兩穴稱為“高爾夫球肘二針”。,肱骨內上髁炎,165
痛症,手足,108,手指痛二針,五虎一穴,在大指掌面第1節之橈側。（附圖40）,五虎穴位於陰掌大指第1節A線上（靠大指側赤白肉際），計5穴，取穴採用六分點法，自上而下，即自指尖向手掌順數，依序為五虎一、五虎二、五虎三、五虎四、五虎五。取對側五虎一穴刺針，針入後令患者輕微活動手指1~2分鐘。留針30分鐘，每5~10分鐘捻針1次，捻針時囑患者活動患側手指。,"(1) 五虎穴用途廣泛, 主治和適應證很多, 全息對應意義更強。 （2）手為勞動器官，足為運動器官，與大腦神經關係密切，手部以拇指的活動力最強，拇指與大腦聯絡最為密切，故本穴鎮定止痛作用甚強。 (3) 本穴善治手腳之病, 與艮卦、震卦有關。大指先天卦為震卦, 震卦屬木, 後天卦為艮卦, 艮卦屬土。艮卦覆碗 (☐), 艮卦像碗一樣扣在那兒, 上邊一橫形容大拇指, 下邊 4 個短橫形容其他四個靈活的手指, 故艮為手。震卦仰盂 (☐), 震卦為上空底實之象, 震之一陽動在下, 故凡動之在下者, 皆為震卦, 故震為足。",,此為兩個特效針遠近配合組成的特效對針。治療指關節痛，包括五指皆痛，或任何一個指節痛，都可以取健側五虎一作為治療針，效果很好，加針健側側三里，兩針遠近配合，效果更好。,手指痛,166
痛症,手足,108,手指痛二針,側三里穴,側三里穴在小腿前外側，當犢鼻下3寸，距脛骨前緣一橫指向外（少陽經方向）橫開1.5寸。（附圖53）,直刺進針 0.5~1 寸，進針得氣後，囑患者左右輕微活動患處（不可前後活動），留針 30 分鐘，每 5~10 分鐘捻針 1 次。並囑患者每隔幾分鐘即左右輕微活動患處。,側三里位於足三里外側1.5寸，在陽明經(土經)與少陽經(木經)之間，治療因木土（筋、肉）不和而引起的風痰證有特效，還可以治療與陽明經、少陽經有關的病證，如手指、手腕、手掌疼痛。根據筆者經驗，本穴與側下三里合用，可以產生更大的效果。,images/圖7-24_側三里穴.jpg,此為兩個特效針遠近配合組成的特效對針。治療指關節痛，包括五指皆痛，或任何一個指節痛，都可以取健側五虎一作為治療針，效果很好，加針健側側三里，兩針遠近配合，效果更好。,手指痛,166
痛症,手足,109,指屈肌腱狹窄性腱鞘炎二針,五虎一穴,在大指掌面第1節之橈側。（附圖40）,取對側五虎一穴針刺，針入後令患者屈伸活動患側手指1分鐘。留針30分鐘，每5~10分鐘捻針1次，捻針時囑患者活動患指。,指屈肌腱狹窄性腱鞘炎又稱扳機指。具體效用參見本書“手指痛”五虎穴“解析”內容。,,此為太極全息對應及絡穴配伍組成的特效對針。五虎一太極全息對應五指，外關為絡穴，兩穴合用可治療五指疼痛。治療指屈肌腱狹窄性腱鞘炎取健側五虎一穴為主，加配健側外關。兩針配合，效果甚佳。指屈肌腱狹窄性腱鞘炎可發生在任何一個手指，配合瀉患側尺澤，效果頗佳。指屈肌腱狹窄性腱鞘炎患者常在患指下連結手掌處的指根掌面上有筋結，可以自行按摩，好得更快。,指屈肌腱狹窄性腱鞘炎,167
痛症,手足,109,指屈肌腱狹窄性腱鞘炎二針,外關,在前臂背側，當陽池與肘尖的連線上，腕背橫紋上2寸，尺骨與橈骨之間。（附圖46）,健側取穴。用毫針直刺0.5~1寸，進針後行瀉法，得氣後提插捻轉1~2分鐘後留針，並囑患者屈伸活動患指。一般留針30分鐘，每隔10分鐘捻針1次，捻針時仍囑患者活動患指0.5~1分鐘。,外關穴是手少陽三焦經的絡穴，手少陽三焦經與手厥陰心包經相表裡，故本穴理氣作用極強，又善治血分病，可謂氣血同調。《醫宗金鑑》中認為外關穴可治療五指疼痛，治療指屈肌腱狹窄性腱鞘炎尤其有效。,,此為太極全息對應及絡穴配伍組成的特效對針。五虎一太極全息對應五指，外關為絡穴，兩穴合用可治療五指疼痛。治療指屈肌腱狹窄性腱鞘炎取健側五虎一穴為主，加配健側外關。兩針配合，效果甚佳。指屈肌腱狹窄性腱鞘炎可發生在任何一個手指，配合瀉患側尺澤，效果頗佳。指屈肌腱狹窄性腱鞘炎患者常在患指下連結手掌處的指根掌面上有筋結，可以自行按摩，好得更快。,指屈肌腱狹窄性腱鞘炎,167
痛症,手足,110,橈骨莖突狹窄性腱鞘炎二針,左五虎一穴,在大指掌面第1節之橈側。（附圖40）,取雙側五虎一穴刺針，針入後令患者左右輕微活動患側手腕（切莫上下前後活動，反增疼痛）1~2分鐘。留針30分鐘，每5~10分鐘捻針1次，捻針時囑患者活動患手。,具體效用參見本書“手指痛”五虎穴“解析”內容。筆者以此穴治癒多例橈骨莖突狹窄性腱鞘炎患者。,,此為兩個相同穴位組成的特效對針，一穴為治療穴，一穴為牽引穴。筆者治療橈骨莖突狹窄性腱鞘炎，最常針刺健側五虎一穴，再加患側五虎一穴作為牽引穴，效果更佳。五虎一與疼痛部位之經絡（疼痛一般在大腸經上）及全息皆有聯絡，針刺五虎一治療效果甚好，唯用動氣針法時，只能囑患者左右輕微活動患側手腕，切莫上下前後活動，反增疼痛。也可針健側側三里穴，再加患側五虎一穴作為牽引穴，這也是治療橈骨莖突狹窄性腱鞘炎的特效對針。側三里穴之位置及效用，參見上文“手指痛”側三里穴“解析”內容。,橈骨莖突狹窄性腱鞘炎,168
痛症,手足,110,橈骨莖突狹窄性腱鞘炎二針,右五虎一穴,在大指掌面第1節之橈側。（附圖40）,取雙側五虎一穴刺針，針入後令患者左右輕微活動患側手腕（切莫上下前後活動，反增疼痛）1~2分鐘。留針30分鐘，每5~10分鐘捻針1次，捻針時囑患者活動患手。,具體效用參見本書“手指痛”五虎穴“解析”內容。筆者以此穴治癒多例橈骨莖突狹窄性腱鞘炎患者。,,此為兩個相同穴位組成的特效對針，一穴為治療穴，一穴為牽引穴。筆者治療橈骨莖突狹窄性腱鞘炎，最常針刺健側五虎一穴，再加患側五虎一穴作為牽引穴，效果更佳。五虎一與疼痛部位之經絡（疼痛一般在大腸經上）及全息皆有聯絡，針刺五虎一治療效果甚好，唯用動氣針法時，只能囑患者左右輕微活動患側手腕，切莫上下前後活動，反增疼痛。也可針健側側三里穴，再加患側五虎一穴作為牽引穴，這也是治療橈骨莖突狹窄性腱鞘炎的特效對針。側三里穴之位置及效用，參見上文“手指痛”側三里穴“解析”內容。,橈骨莖突狹窄性腱鞘炎,168
痛症,手足,111,腕管綜合徵二針,五虎一穴,在大指掌面第1節之橈側。（附圖40）,取健側五虎一穴，針入後令患者輕微活動患側手腕1分鐘。留針30分鐘，每5~10分鐘捻針1次，捻針時囑患者活動患側手腕。,參見“手指痛”五虎一穴“解析”內容。,,此為兩個特效針遠近配合組成的特效對針。治療腕管綜合徵最常取五虎一、側三里穴。根據太極全息對應，五虎一穴部位在上，所以能治療手指痠痛、肌腱炎、指屈肌腱狹窄性腱鞘炎、風溼性關節炎、手腕疼痛等。側三里穴善於治療木土（筋、肉）不和引起的病證，如手指、手腕、手掌疼痛等，效果甚好。此外針腎關穴治療手腕痛亦同側三里一樣，效果很好，這些都是手足對應理論的發揮。此外，側腕腕骨穴部位疼痛，多因摔倒時用手撐地所致，據筆者臨床經驗針對側腕骨穴，加同側後溪作為牽引穴極效。,腕管綜合徵,169
痛症,手足,111,腕管綜合徵二針,側三里穴,側三里穴在小腿前外側，當犢鼻下3寸，距脛骨前緣約一橫指向外（少陽經方向）橫開1.5寸。（附圖53）,直刺進針 0.5~1 寸，進針得氣後，囑患者左右輕微活動腕部（不可前後活動），留針 30 分鐘，每 5~10 分鐘捻針 1 次，並囑患者每隔幾分鐘即左右輕微活動腕部。,側三里穴位於陽明經（土經）與少陽經（木經）之間，在足三里旁開1.5寸，治療因木土（筋、肉）不和引起的病證皆有療效。治療手指、手腕、手掌疼痛，依筆者經驗，再加側下三里成倒馬，如此雙穴相輔相成，療效更佳。,images/圖7-24_側三里穴.jpg,此為兩個特效針遠近配合組成的特效對針。治療腕管綜合徵最常取五虎一、側三里穴。根據太極全息對應，五虎一穴部位在上，所以能治療手指痠痛、肌腱炎、指屈肌腱狹窄性腱鞘炎、風溼性關節炎、手腕疼痛等。側三里穴善於治療木土（筋、肉）不和引起的病證，如手指、手腕、手掌疼痛等，效果甚好。此外針腎關穴治療手腕痛亦同側三里一樣，效果很好，這些都是手足對應理論的發揮。此外，側腕腕骨穴部位疼痛，多因摔倒時用手撐地所致，據筆者臨床經驗針對側腕骨穴，加同側後溪作為牽引穴極效。,腕管綜合徵,169
痛症,手足,112,膝痛二針 A,內關,在前臂掌側，當曲澤與大陵的連線上，腕橫紋上2寸（從腕橫紋至肘橫紋共12寸，當前臂近端1/6與遠端5/6處），掌長肌腱與橈側腕屈肌腱之間。（附圖22）,仰掌伸手取穴，病在左側取右側，病在右側取左側。直刺0.8~1寸，從兩筋間刺入，針刺得氣後，囑患者做膝部伸直屈伸活動，可立覺輕鬆。一般留針30分鐘，每隔10分鐘捻針1次，或留針45分鐘，每隔15分鐘捻針1次，捻針時仍囑患者活動膝部0.5~1分鐘。,（1）內關為筆者治膝痛第一要穴，在筆者1975年出版的《針灸經緯》中就已詳述。 （2）手厥陰心包經與足陽明胃經相通，陽明經多氣多血，故本穴善於調理氣血。由於胃經透過膝眼，與膝痛關係密切，而內關透過胃與心包臟腑別通，故本穴善治膝痛。 （3）內關是手厥陰心包經絡穴，又位居兩筋之間，與筋相應，“以筋治筋”，故本穴治療筋病如痙攣與屈伸不利之膝痛，效果很好。 （4）內關是八脈交會穴之一，通於陰維脈，又為手厥陰心包經之絡穴，別走手少陽三焦經，理氣作用極強，絡穴善治血分病，故本穴氣血皆調，為臨床治療膝痛常用穴。,,此為臟腑別通、體應、同名經相通組成的特效對針。筆者常用健側（對側）內關，配患側（同側）太沖來治療膝痛，能很快見效。內關穴和太沖穴都是治療穴，也可以說患側太沖是牽引穴，牽引穴最常用的穴位是滎穴和輸穴，尤其是輸穴，因為“輸主體重節痛”，內關與太沖一起使用效果非常好。此兩穴上下交叉，能形成交濟作用，調氣作用很好。內關配太沖治療膝痛，稱為“膝痛楊二針A”。,膝痛,170
痛症,手足,112,膝痛二針 A,太沖,在足背側，足大趾本節後2寸，當第1蹠骨間隙的後方凹陷處。（附圖31）,取患側，針刺時從足背向下進針。針入0.5寸，囑患者每隔數分鐘活動膝部（做伸直及屈伸活動），以引針氣，患者膝部可立覺輕鬆，留針30分鐘，每隔10分鐘捻針1次，或留針45分鐘，每隔15分鐘捻針1次，捻針時仍囑患者活動膝部。,"（1）太沖自古以來就是治療膝痛要穴。《肘後歌》《席弘賦》中都說太沖可以治療膝痛，《通玄指要賦》《勝玉歌》中則說太沖能治行步艱難。 (2) 太沖乃肝經原穴, 善於理氣, 肝藏血, 故太沖可疏肝理氣、開鬱行血。 (3) 太沖為肝經輸土穴, 即木經土穴, 能疏肝祛風 (木的作用), 還能調理脾胃、除溼 (土的作用)。膝痛常由風與溼邪導致 (木或土), 本穴能治風、祛溼, 治膝痛甚效。 （4）中醫學有“膝者筋之府”之說，肝主筋，太沖在肝經上，故能治筋病，太沖穴屬土，故能治肌肉疾病，可肝脾兩治。太沖穴下有太沖脈，若太沖穴再向後貼骨就是火主穴，太沖透刺火主治療膝痛效果更佳，蓋貼骨進針應腎，以骨治骨，所以說針太沖能筋、骨、脈並治。",,此為臟腑別通、體應、同名經相通組成的特效對針。筆者常用健側（對側）內關，配患側（同側）太沖來治療膝痛，能很快見效。內關穴和太沖穴都是治療穴，也可以說患側太沖是牽引穴，牽引穴最常用的穴位是滎穴和輸穴，尤其是輸穴，因為“輸主體重節痛”，內關與太沖一起使用效果非常好。此兩穴上下交叉，能形成交濟作用，調氣作用很好。內關配太沖治療膝痛，稱為“膝痛楊二針A”。,膝痛,170
痛症,手足,113,膝痛二針 B,心門穴,在尺骨鷹嘴突起下1.5寸，貼骨取穴。心門穴在小腸經合穴附近。（附圖48）,手撫胸取穴，針入1.5~2寸，囑患者每隔數分鐘活動膝部（做伸直及屈伸活動），以引針氣，患者膝部可立覺輕鬆。留針30分鐘，每隔10分鐘捻針1次，或留針45分鐘，每隔15分鐘捻針1次，捻針時仍囑患者活動膝部。,"（1）本穴位於手太陽小腸經合穴小海附近，心經與小腸經相表裡，故本穴能治心疾。筆者以太極全息觀認為本穴接近肘尖與膝對應，故用於治療膝痛甚效（治療內側膝痛尤效）。 (2) 本穴貼骨進針, 又手太陽小腸經主液, 所以本穴善治膝部骨刺及遲行性關節炎 (滑囊液不足)。近幾年筆者用心門治療膝痛, 尤其是骨刺膝痛者, 配患側太沖, 效果顯著。",images/圖3-15_心門穴.jpg,此為全息、體應配伍組成的特效對針。心門、火主皆貼骨進針，心門全息對應膝蓋，火主緊鄰太沖，有太沖之效用，兩穴合用治療膝痛甚效，尤其善於治療膝部骨刺及遲行性關節炎（滑囊液不足）。筆者數十年來以內關配太沖治療多例膝痛患者甚效，此外，心門配火主治療膝痛亦甚效。筆者臨床治癒膝痛患者已有數百人。心門配火主稱為“膝痛楊二針B”。“膝痛楊二針A”與“膝痛楊二針B”兩組穴位可以交替輪針。治療膝痛患者只用上述方法即可。對於久病痼疾者，可刺血膏肓俞，加速痊癒。,膝痛,170
痛症,手足,113,膝痛二針 B,火主穴,在太沖穴後5分，貼骨。（附圖51）,自上向下直刺，針刺深度0.5~1寸。針入後，令患者稍活動膝部，留針30分鐘，每5~10分鐘捻針1次，並囑患者每隔幾分鐘活動膝部。,（1）火主在太沖穴後貼近骨緣。有許多針灸古籍中將太沖定位在火主穴處，有人認為此穴即為古之太沖穴。太沖善治風溼及筋肉疾病。 （2）太沖穴下有太沖脈，本穴貼骨治骨，與腎相應，針之可治筋、肉、骨、脈疾病，治療膝痛療效甚好。,images/圖6-3_火主穴.jpg,此為全息、體應配伍組成的特效對針。心門、火主皆貼骨進針，心門全息對應膝蓋，火主緊鄰太沖，有太沖之效用，兩穴合用治療膝痛甚效，尤其善於治療膝部骨刺及遲行性關節炎（滑囊液不足）。筆者數十年來以內關配太沖治療多例膝痛患者甚效，此外，心門配火主治療膝痛亦甚效。筆者臨床治癒膝痛患者已有數百人。心門配火主稱為“膝痛楊二針B”。“膝痛楊二針A”與“膝痛楊二針B”兩組穴位可以交替輪針。治療膝痛患者只用上述方法即可。對於久病痼疾者，可刺血膏肓俞，加速痊癒。,膝痛,170
痛症,手足,114,腳踝痛二針,小節穴,在大指本節掌骨旁（在肺經上）赤白肉際處。（附圖45）,握拳（大拇指內縮）取穴，貼骨進針，針尖向大陵穴方向刺進0.5寸。得氣後邊捻針邊令患者活動患側腳踝（由輕到重），疼痛即刻減輕。留針30分鐘，留針期間反覆運針3~4次，運針時仍囑患者活動腳踝。,（1）小節是筆者研創之奇穴，根據太極對應，本穴是治療腳踝痛及腳踝扭傷的特效穴位。 （2）內足踝與脾經關係密切，外足踝與膀胱經關係密切。本穴位於手太陰肺經，手太陰肺經與足太陰脾經相通，且肺與膀胱臟腑別通，故針刺本穴可以治療內、外側足踝疼痛。 （3）筆者曾以小節穴治癒數百例內、外足踝扭傷患者，包括國家隊運動員，多數患者治療1次後痊癒。,images/noref_小節穴.jpg,此為太極全息及牽引穴配伍組成的特效對針。筆者治療腳踝疼痛數年不愈者，常針刺小節穴，但手指部位離腳踝處較遠，所謂“治下焦如權”，針小節時深度應至地部，然後視腳踝疼痛部位在內、外腳踝處加牽引針，內踝痛者加脾經輸穴太白，外踝痛者加膽經輸穴足臨泣，兩穴皆為輸穴，治療痛證皆有特效。小節配太白稱為“踝二針A”，小節配足臨泣稱為“踝二針B”。 筆者按：若腳踝扭傷紅腫，可先針手解穴消腫止痛，再針上述對針，可收到較好效果。,腳踝痛,172
痛症,手足,114,腳踝痛二針,牽引針,依病變部位循經選取牽引穴,依正文所列病變選取相應牽引穴,腳踝疼痛，可針刺小節穴加牽引針，雙針配合，治療腳踝痛效果尤佳。內踝痛患者加脾經太白穴牽引，外踝痛患者加膽經足臨泣穴牽引。,,此為太極全息及牽引穴配伍組成的特效對針。筆者治療腳踝疼痛數年不愈者，常針刺小節穴，但手指部位離腳踝處較遠，所謂“治下焦如權”，針小節時深度應至地部，然後視腳踝疼痛部位在內、外腳踝處加牽引針，內踝痛者加脾經輸穴太白，外踝痛者加膽經輸穴足臨泣，兩穴皆為輸穴，治療痛證皆有特效。小節配太白稱為“踝二針A”，小節配足臨泣稱為“踝二針B”。 筆者按：若腳踝扭傷紅腫，可先針手解穴消腫止痛，再針上述對針，可收到較好效果。,腳踝痛,172
痛症,手足,115,足跟痛二針,靈骨穴,在手背，拇指與食指叉骨間，合谷穴向後第1掌骨與第2掌骨接合處。（附圖42）,取健側穴位，握拳取穴，在拇指、食指叉骨間，第1掌骨與第2掌骨接合處貼骨進針，直刺1.5寸。針入後令患者踩跺患側足跟部活動1~2分鐘。留針30分鐘，每隔10分鐘捻針1次，捻針時仍囑患者踩跺患側足跟部。,"（1）足跟痛是臨床常見疾病之一，中醫學認為足跟痛與風、寒、溼邪有關。靈骨穴在合谷（木）與陽溪（火）之間，有補氣溫陽的作用，善於治療風、寒、溼邪導致的疾病。 (2) 根據太極全息對應, 靈骨對應足跟, 因此能治療足跟痛。 （3）西醫學認為足跟痛多因鈣鹽沉積於韌帶或肌筋，也可因跟骨骨質增生導致。本穴貼骨進針應腎，以骨治骨，治療足跟骨刺甚效。筆者在臨床時發現，在針刺5~10分鐘後，自覺足跟處有不同程度炙熱感的患者，療效更佳。",images/圖2-11_靈骨穴.jpg,此為太極全息、體應、經絡及牽引穴配伍組成的特效對針。治療足跟痛的穴位，大部分都在手上（靈骨、大陵、足跟點、五虎五等），多與全息對應有關，取上述任一穴治療足跟痛皆有效。筆者最常取靈骨穴配腳上的束骨穴作為牽引，療效甚好。靈骨在太極全息中對應足跟，針刺靈骨能溫陽祛寒，且貼骨進針，善治骨疾（足跟痛常因骨刺引起）。足跟痛患者多有腎虛之象，束骨為水經木穴，對於腎虛導致的足跟痛能起補水潤木的作用。束骨作為治療針也是牽引針（因此針患側較好）。靈骨與束骨配合治療足跟痛特效，稱為“足跟二針”。,足跟痛,173
痛症,手足,115,足跟痛二針,束骨,在足外側，足小趾本節(第5蹠趾關節)的後方，赤白肉際處。(附圖9),取患側穴位，直刺1寸。針入後令患者踩踩患側足跟部1~2分鐘。留 針 30 分鐘，每隔 10 分鐘捻針 1 次，捻針時仍囑患者踩跺患側足跟部。,"（1）束骨是膀胱經輸穴，輸主體重節痛，故本穴可用於治療痛證，“經脈所過，主治所及”，本穴對於本經所過之處出現的痛證皆有療效。 (2) 束骨為水經木穴, 對於腎虛導致的足跟痛能起補水潤木的作用。 （3）足跟痛常因骨刺引起，本穴貼骨進針，善治骨疾，對於腎虛引起的足跟痛甚效。",,此為太極全息、體應、經絡及牽引穴配伍組成的特效對針。治療足跟痛的穴位，大部分都在手上（靈骨、大陵、足跟點、五虎五等），多與全息對應有關，取上述任一穴治療足跟痛皆有效。筆者最常取靈骨穴配腳上的束骨穴作為牽引，療效甚好。靈骨在太極全息中對應足跟，針刺靈骨能溫陽祛寒，且貼骨進針，善治骨疾（足跟痛常因骨刺引起）。足跟痛患者多有腎虛之象，束骨為水經木穴，對於腎虛導致的足跟痛能起補水潤木的作用。束骨作為治療針也是牽引針（因此針患側較好）。靈骨與束骨配合治療足跟痛特效，稱為“足跟二針”。,足跟痛,173
痛症,胸腹脅,116,胸痛二針,內關,在前臂掌側，當曲澤與大陵的連線上，腕橫紋上2寸，掌長肌腱與橈側腕屈肌腱之間。（附圖22）,用毫針直刺 0.5~1 寸，留針 30 分鐘。其間每隔 10 分鐘運針 1 次。宜用重瀉法加強針感。同時囑患者深呼吸以利胸膺。,（1）內關穴應用非常廣泛，主治亦多，且是手厥陰心包經的絡穴，別通手少陽三焦經，屬八脈交會穴之一，通於陰維脈，陰維脈主一身之陰，與公孫通於衝脈，會合於心、胸、胃，故內關可以治療心、胸、胃部的疾病。 （2）《五總穴歌》中有“胸膺內關謀”之句，把內關與足三里、合谷、列缺、委中相提並論，本穴為總治胸部病變要穴。 （3）內關乃心包經的絡穴，“繫於心包，絡心繫”，與心密切相關，故善治心臟疾病，還能緩解心絞痛。現代臨床試驗證明針刺內關確能增強左心房功能，增強心肌收縮力。 （4）內關為心包經的絡穴，心主血脈，可絡通於三焦經，故針刺本穴可調理十二正經之氣血，治療氣滯血瘀所致病證效果較佳。本穴還有安神鎮定之效，能寬胸理氣，善於治療胸痛、肋痛、胸部滿悶、哮喘、胸脅苦滿脹痛等病證。,,此為古經驗、經絡、太極全息組成的特效對針。治療胸痛的特效穴很多，基本上都與心（內關、火包、火陵、通山）、肺（魚際、重子、重仙、駟馬）有關，也就是說能治療心肺病變的穴位，也多能治療胸痛。筆者最常用內關配魚際治療胸痛，內關乃心包經的絡穴，通心包與心，素為治療胸痛要穴，魚際乃肺經滎穴，善於治療肺熱及胸膜病變導致的胸痛，且魚際在手掌之太極全息對應於胸部。兩穴合用治療胸痛效果甚佳，稱為“胸痛二針”。 筆者按：內關配重仙亦稱為“胸痛二針”。重仙穴在拇指骨與食指骨夾縫間，離虎口2寸，與手背靈骨穴正對相通。針刺時，用1.5寸針，針刺1寸，一般針1穴（重仙）即可，與重子倒馬，兩針同時下針，效果更佳。得氣後施以提插捻轉手法，強刺激，並囑患者深呼吸，留針30分鐘，每隔10分鐘捻針1次。重仙在肺經區域臨近魚際，故可治療胸痛、肺炎、支氣管炎、支氣管哮喘、咯痰困難等病。重仙穴治療肺及胸膜病變導致的胸痛，療效甚佳，一般針刺後可即刻緩解症狀。,胸痛,174
痛症,胸腹脅,116,胸痛二針,魚際,在手拇指本節（第1掌指關節）後凹陷處，約當第1掌骨中點橈側，赤白肉際處。（附圖1）,取雙側穴位。在魚際穴附近尋找壓痛點，直刺0.5~1寸。得氣後施以提插捻轉手法，強刺激，並囑患者深呼吸，留針30分鐘，每隔10分鐘捻針1次。,（1）《靈樞·厥病》：“厥心痛，臥若徒居心痛間，動作痛益甚，色不變，肺心痛也，取之魚際、太淵。”《銅人腧穴針灸圖經》：“魚際……痺走胸背，痛不得息。”都指出魚際能治療胸痛。 （2）魚際乃肺經滎穴，善治肺熱，本穴治療肺及胸膜病變導致的胸痛，療效甚佳。 （3）魚際在手掌之太極全息對應於胸部，這也是針刺本穴治療胸部病變有效的原因之一。,,此為古經驗、經絡、太極全息組成的特效對針。治療胸痛的特效穴很多，基本上都與心（內關、火包、火陵、通山）、肺（魚際、重子、重仙、駟馬）有關，也就是說能治療心肺病變的穴位，也多能治療胸痛。筆者最常用內關配魚際治療胸痛，內關乃心包經的絡穴，通心包與心，素為治療胸痛要穴，魚際乃肺經滎穴，善於治療肺熱及胸膜病變導致的胸痛，且魚際在手掌之太極全息對應於胸部。兩穴合用治療胸痛效果甚佳，稱為“胸痛二針”。 筆者按：內關配重仙亦稱為“胸痛二針”。重仙穴在拇指骨與食指骨夾縫間，離虎口2寸，與手背靈骨穴正對相通。針刺時，用1.5寸針，針刺1寸，一般針1穴（重仙）即可，與重子倒馬，兩針同時下針，效果更佳。得氣後施以提插捻轉手法，強刺激，並囑患者深呼吸，留針30分鐘，每隔10分鐘捻針1次。重仙在肺經區域臨近魚際，故可治療胸痛、肺炎、支氣管炎、支氣管哮喘、咯痰困難等病。重仙穴治療肺及胸膜病變導致的胸痛，療效甚佳，一般針刺後可即刻緩解症狀。,胸痛,174
痛症,胸腹脅,117,脅肋痛二針,陽陵泉,在小腿外側，當腓骨頭前下方凹陷處。（附圖29）,針刺患側。用毫針直刺 1.5~2 寸，得氣後施以瀉法（或強捻針），囑患者深呼吸，並做伸腰動作以利胸脅，患者疼痛會立刻減輕，留針半小時。每 10 分鐘捻針 1 次，仍囑患者深呼吸和做伸腰動作以利胸脅。,"(1) 陽陵泉為膽經合穴, 由於經絡循行關係, 治療脅肋痛甚效。 （2）古歌訣中治療脅肋痛常取陽陵泉。《針灸甲乙經》中說：“脅下支滿，嘔吐逆，陽陵泉主之。”《靈樞·九針十二原》曰：“疾高而外者，取之陽之陵泉也。”《雜病穴法歌》曰：“脅痛只須陽陵泉。”《通玄指要賦》中說：“脅下肋邊者，刺陽陵而即止。”陽陵泉配支溝效果更佳，《得效應穴針法賦》曰：“脅下肋邊者刺，陽陵而即止，應在支溝。”強調治療脅肋痛取陽陵泉配合支溝穴應用，效果尤佳。 （3）“合主逆氣而瀉”，陰陵泉乃膽經合穴，可調節臟腑和少陽經氣，治療脅痛效果較好。",,此為經絡（同名經）及特效穴組成的特效對針。筆者臨床治療脅肋痛，基本上以手足少陽經穴為主，常取足少陽膽經或手少陽三焦經之穴位。陽陵泉與支溝都是治療脅肋痛之要穴，但據筆者經驗，陽陵泉治療側面脅肋痛效果較佳，支溝治療前側脅肋痛效果較佳。若遇從腋下至髖骨大面積脅肋痛患者，可用支溝配陽陵泉治療整個脅肋痛，此兩穴合用稱為“脅肋二針”。,脅痛,176
痛症,胸腹脅,117,脅肋痛二針,支溝,在前臂背側，當陽池與肘尖的連線上，腕背橫紋上3寸，尺骨與橈骨之間。（附圖24）,取健側穴位。用毫針直刺1.5~2寸，得氣後施以提插捻轉手法，強刺激，行針時囑患者做深呼吸和伸腰動作以利胸脅，一般針刺後即刻感覺症狀有所減輕。留針30分鐘，每5~10分鐘運針1次，仍囑患者做深呼吸和伸腰動作以利胸脅。,（1）支溝治療肋間神經痛確有特效。脅痛多與肝膽相關，肝臟位於肋骨之下，肝經經絡循行於兩脅，足少陽膽經與足厥陰肝經相表裡，“經脈所過，主治所及”，故本穴治療脅肋痛甚效。 (2)《針灸甲乙經》中說：“……脅腋急痛，支溝主之。”《標幽賦》中說：“脅疼肋痛針飛虎。”《玉龍歌》曰：“若是脅疼並閉結，支溝奇妙效非常。”《醫宗金鑑》 中說：“支溝……脅肋疼痛。”古代眾多經典醫籍中都認為支溝治療脅肋疼痛特效。 （3）此外《得效應穴針法賦》中說：“脅下肋邊者刺陽陵而即止，應在支溝。”支溝穴治療肋間神經痛配合陽陵泉效果卓著。 （4）支溝乃三焦經之經穴，有疏通經氣、開竅、開鬱散滯、活絡散瘀之效，對於氣機升降不調，肝氣鬱結所致脅痛療效顯著。,,此為經絡（同名經）及特效穴組成的特效對針。筆者臨床治療脅肋痛，基本上以手足少陽經穴為主，常取足少陽膽經或手少陽三焦經之穴位。陽陵泉與支溝都是治療脅肋痛之要穴，但據筆者經驗，陽陵泉治療側面脅肋痛效果較佳，支溝治療前側脅肋痛效果較佳。若遇從腋下至髖骨大面積脅肋痛患者，可用支溝配陽陵泉治療整個脅肋痛，此兩穴合用稱為“脅肋二針”。,脅痛,176
痛症,胸腹脅,118,胃痛二針,梁丘,屈膝，在大腿前面，當髂前上棘與髕底外側端的連線上，髕底上2寸。（附圖7）,直刺，從前外略向後內刺入5分，得氣後按揉胃部，可立止胃痛，留針30分鐘，每5~10分鐘捻針1次，仍囑患者按揉胃部。,梁丘乃胃經郄穴，郄穴系氣血匯聚之處，本穴有理氣、止痛、止血之功，且陽明經多氣多血，故梁丘乃多氣多血之穴，針刺梁丘能迅速調理氣血，治療急性胃痛特效。,,此為經絡、臟腑別通、絡穴、郄穴配伍組成的特效對針。治療胃痛的特效穴位很多，選穴一般以胃經之梁丘（郄穴）、陷谷（輸穴）、足三里（合穴）為主，其次因胃與心包絡相通，也會取內關、勞宮等穴。筆者最常取內關配梁丘治療胃痛，內關配梁丘稱為“胃痛二針”,胃痛,177
痛症,胸腹脅,118,胃痛二針,內關,在前臂掌側，當曲澤與大陵的連線上，腕橫紋上2寸，掌長肌腱與橈側腕屈肌腱之間。（附圖22）,舒腕仰掌單側取穴。用毫針直刺或向上方斜刺1寸，行雀啄提插手法，囑患者深呼吸，並同時揉摩腹部，直至胃痛消失，再留針30分鐘，每5分鐘運針1次，反覆行雀啄提插手法，並輕揉腹部，仍囑患者深呼吸。,"（1）內關是應用非常廣泛的穴位，主治亦多，系手厥陰心包經的絡穴，與手少陽三焦經相會於胸，且為八脈交會穴之一，通於陰維脈，陰維脈主一身之陰，配合公孫與衝脈交會，故內關可治胸腹諸證。 (2) 內關為心包經絡穴, 胃與心包絡臟腑別通, 故針刺內關可治療胃部病變。",,此為經絡、臟腑別通、絡穴、郄穴配伍組成的特效對針。治療胃痛的特效穴位很多，選穴一般以胃經之梁丘（郄穴）、陷谷（輸穴）、足三里（合穴）為主，其次因胃與心包絡相通，也會取內關、勞宮等穴。筆者最常取內關配梁丘治療胃痛，內關配梁丘稱為“胃痛二針”,胃痛,177
痛症,胸腹脅,119,腹痛二針,內關,在前臂掌側，當曲澤與大陵的連線上，腕橫紋上2寸，掌長肌腱與橈側腕屈肌腱之間。（附圖22）,①取單側內關穴刺入1寸，行雀啄提插手法，囑患者深呼吸，同時並揉摩腹部，直至腹痛消失，再留針30分鐘，每5分鐘運針1次，反覆行雀啄提插手法，並輕揉腹部，仍囑患者深呼吸。②取單側內關穴，用毫針直刺，深達對側外關穴皮下為止（以能觸到針尖為準，但切勿穿透皮膚），然後反覆施行雀啄提插手法，並囑患者深呼吸多次，同時讓患者輕揉腹部數分鐘，直至腹痛消失，再留針30分鐘，每5分鐘運針1次，仍反覆行雀啄提插手法，並囑患者深呼吸多次，並輕揉腹部1分鐘。,（1）內關是應用非常廣泛的穴位，主治亦多，系手厥陰心包經的絡穴，與手少陽三焦經相會於胸，且為八脈交會穴之一，通於陰維脈，陰維脈主一身之陰，配合公孫與衝脈交會，故內關可治胸腹諸證。 （2）內關乃心包經的絡穴，循行於心胸區域，故可治心胸區域病變。筆者臨床經驗表明針刺內關能溫經止痛，還能增強身體疼痛閾值。 （3）針內關透外關療效更好，因外關乃三焦經絡穴，自古以來就是治療腹部疾病的要穴。如外關配大陵可治腹痛（《玉龍歌》），外關配支溝可治肚痛秘結（《玉龍賦》），外關配照海可下產婦之胎衣（《標幽賦》）。楊繼洲說：“三焦乃陽氣之父，心包乃陰血之母。”此二經有調節全身氣血的作用。,,此為經絡、臟腑別通、絡穴、郄穴組成的特效對針。內關透外關療效更好。因內關乃心包經絡穴，外關乃三焦經絡穴，此兩穴自古以來就是治療腹部疾病的效穴。梁丘為治療腹痛及急性腹痛之特效穴。筆者臨床治療急性腹痛用此對穴能迅速緩解疼痛。內關配梁丘稱為“腹痛二針”。 筆者按：臨床試驗證明針灸能迅速緩解急性腹痛，在腹痛緩解後，應對腹痛病因做進一步研究。若以腹痛為主要症狀，且疼痛相當嚴重，檢查腹部時又發現明顯壓痛部位，伴腹肌緊張或反跳動，或觸及包塊者，應當考慮急腹症。對於急腹症患者需送醫院緊急治療，不可妄自草率處理，以免延誤病情。如果疼痛難忍，下面幾個穴位對腹痛有一定診斷和緩解作用。①地機（脾經郄穴）：能反應並治療胰腺炎。②梁丘（胃經郄穴）：能反應並治療胃痙攣、胃擴張、胃潰瘍伴穿孔。③溫溜（大腸經郄穴）：能反應並治療腸梗阻、腸穿孔。④養老（小腸經郄穴）：能反應並治療闌尾炎、腸穿孔。⑤中都（肝經郄穴）：能反應並治療膽石症及肝膽疾病。⑥外丘（膽經郄穴）：能反應並治療膽石症及膽囊炎。 此外經外奇穴“闌尾穴”也可用於治療急腹症，闌尾穴位於足三里下1寸，在闌尾發炎時會出現壓痛點，快速在壓痛點進針針刺，深度一般1~1.5寸。得氣後加大旋轉幅度及頻率，針感常見酸、麻、脹，針感強烈者止痛效果非常明顯。得氣後留針30~60鍾，每隔5~10分鐘行針1次。強刺激手法捻轉、提插約半分鐘（以患者能忍受為度）。針刺本穴治療急腹症每能取得較為滿意的效果。,腹痛,178
痛症,胸腹脅,119,腹痛二針,梁丘,屈膝，在大腿前面，當髂前上棘與髕底外側端的連線上，髕底上2寸。（附圖7）,常規消毒後，用毫針進針，直刺1.2寸，行雀啄提插手法，囑患者深呼吸，並同時揉摩腹部，直至腹痛消失，再留針30分鐘，每5分鐘運針1次，反覆行雀啄提插手法，並輕揉腹部，仍囑患者深呼吸。,"(1) 梁丘為足陽明胃經的郄穴, 郄穴為氣血匯聚之處, 可理氣、止痛、止血, 陽明經多氣多血, 故梁丘乃多氣多血之穴。針刺梁丘能迅速調理氣血, 治療急性氣血不合之病變甚效, 還可以疏肝和胃、理氣止痛, 臨床上常用於治療胃腑病證。 （2）針刺梁丘能迅速緩解疼痛，但注意孕婦禁針。",,此為經絡、臟腑別通、絡穴、郄穴組成的特效對針。內關透外關療效更好。因內關乃心包經絡穴，外關乃三焦經絡穴，此兩穴自古以來就是治療腹部疾病的效穴。梁丘為治療腹痛及急性腹痛之特效穴。筆者臨床治療急性腹痛用此對穴能迅速緩解疼痛。內關配梁丘稱為“腹痛二針”。 筆者按：臨床試驗證明針灸能迅速緩解急性腹痛，在腹痛緩解後，應對腹痛病因做進一步研究。若以腹痛為主要症狀，且疼痛相當嚴重，檢查腹部時又發現明顯壓痛部位，伴腹肌緊張或反跳動，或觸及包塊者，應當考慮急腹症。對於急腹症患者需送醫院緊急治療，不可妄自草率處理，以免延誤病情。如果疼痛難忍，下面幾個穴位對腹痛有一定診斷和緩解作用。①地機（脾經郄穴）：能反應並治療胰腺炎。②梁丘（胃經郄穴）：能反應並治療胃痙攣、胃擴張、胃潰瘍伴穿孔。③溫溜（大腸經郄穴）：能反應並治療腸梗阻、腸穿孔。④養老（小腸經郄穴）：能反應並治療闌尾炎、腸穿孔。⑤中都（肝經郄穴）：能反應並治療膽石症及肝膽疾病。⑥外丘（膽經郄穴）：能反應並治療膽石症及膽囊炎。 此外經外奇穴“闌尾穴”也可用於治療急腹症，闌尾穴位於足三里下1寸，在闌尾發炎時會出現壓痛點，快速在壓痛點進針針刺，深度一般1~1.5寸。得氣後加大旋轉幅度及頻率，針感常見酸、麻、脹，針感強烈者止痛效果非常明顯。得氣後留針30~60鍾，每隔5~10分鐘行針1次。強刺激手法捻轉、提插約半分鐘（以患者能忍受為度）。針刺本穴治療急腹症每能取得較為滿意的效果。,腹痛,178
痛症,胸腹脅,120,前陰痛二針,行間,在足背側，當第1、第2趾間，趾蹼緣後方赤白肉際處。（附圖31）,用毫針刺入 0.5~1 寸，平補平瀉，運針時囑患者提肛收小腹，使氣往小腹和陰部執行，留針 30 分鐘，留針期間每 5 分鐘行針 1 次，運針時仍囑患者提肛收小腹。,"（1）行間是肝經上的滎火穴，為肝經的子穴，可瀉肝，本穴與龍膽瀉肝湯之功用相似。 (2) 榮穴能清熱, 因此本穴善治生殖器熱證、炎症, 對生殖器疾患 (月經不調、子宮出血)、遺溺、膽結石、疝氣、嘔吐等非常有效。",,此為經絡循經、別通經、太極全息、針方對應組成的特效對針。行間為肝經腧穴，由於肝經經過並繞行前陰1周，因此行間能治療前陰病，行間又為肝經的滎（子）穴，可瀉肝，與龍膽瀉肝湯之功用相似，故善治生殖器熱證、炎症。外間穴根據大太極的手軀順對，可治療前陰部位病變。筆者常用行間配外間治療前陰病，兩穴合用稱為“前陰二針”。 筆者按：靈骨穴配行間亦為治療前陰病之特效對針。靈骨在拇指、食指叉骨間，第1掌骨與第2掌骨接合處。針刺時，用毫針刺入1~1.5寸，平補平瀉，運針時囑患者提肛收小腹，留針30分鐘，留針期間每5分鐘行針1次，運針時仍囑患者提肛收小腹。根據大太極的手軀順對來看，靈骨與前陰部處在同一水平，從微太極對應來看，靈骨穴與下焦相應，故靈骨穴可治療陰部和腿部疾病，又大腸與肝通，肝經繞陰部1周，靈骨為大腸經穴位，故而能治療陰部疾病。,前陰痛,180
痛症,胸腹脅,120,前陰痛二針,外間穴,浮間、外間兩穴均在陰掌（掌心）食指第2節之B線上，取穴採用三分點法，下穴為外間，上穴為浮間。（附圖36）,用毫針刺入3分，平補平瀉，運針時囑患者提肛收小腹，使氣往小腹和陰部執行，留針30分鐘，留針期間每5分鐘行針1次，運針時仍囑患者提肛收小腹。,根據大太極之手軀順對，外間穴可治療前陰腹股溝部位之疾患，如疝氣、尿路感染、腸脹氣、前列腺炎等。,,此為經絡循經、別通經、太極全息、針方對應組成的特效對針。行間為肝經腧穴，由於肝經經過並繞行前陰1周，因此行間能治療前陰病，行間又為肝經的滎（子）穴，可瀉肝，與龍膽瀉肝湯之功用相似，故善治生殖器熱證、炎症。外間穴根據大太極的手軀順對，可治療前陰部位病變。筆者常用行間配外間治療前陰病，兩穴合用稱為“前陰二針”。 筆者按：靈骨穴配行間亦為治療前陰病之特效對針。靈骨在拇指、食指叉骨間，第1掌骨與第2掌骨接合處。針刺時，用毫針刺入1~1.5寸，平補平瀉，運針時囑患者提肛收小腹，留針30分鐘，留針期間每5分鐘行針1次，運針時仍囑患者提肛收小腹。根據大太極的手軀順對來看，靈骨與前陰部處在同一水平，從微太極對應來看，靈骨穴與下焦相應，故靈骨穴可治療陰部和腿部疾病，又大腸與肝通，肝經繞陰部1周，靈骨為大腸經穴位，故而能治療陰部疾病。,前陰痛,180
痛症,五官,121,眼痛二針,行間,在足背側，當第1、第2趾間，趾蹼緣後方赤白肉際處。（附圖31）,用毫針刺入0.5~1寸，平補平瀉，運針時囑患者閉張眼睛，留針30分鐘，留針期間每5分鐘行針1次，運針時仍囑患者閉張眼睛。,"(1) 行間是肝經的滎穴, 滎主身熱, 故本穴善治各種熱證和炎症。 （2）本穴為肝經子穴，可疏洩肝經，當肝氣鬱而化火時，針刺本穴能清火，本穴與龍膽瀉肝湯的作用相似，都能治療眼或下焦有熱。筆者用此穴治療多例青光眼患者，效果很好。",,此為經絡循經、臟腑別通及太極全息組成的特效對針。治療眼痛的穴位多以肝經、膽經穴位為主，大腸與肝臟腑別通，可取大腸經穴位治療眼病。行間是肝經的滎穴，又為肝經子穴，有疏肝理氣的作用，治療眼病甚效。行間穴配三間稱 為“眼痛二針”。,眼痛,181
痛症,五官,121,眼痛二針,三間,微握拳，在手食指本節（第2掌指關節）後，橈側凹陷處。（附圖2）,直刺，從橈側向尺側刺入，針5分，貼骨進針效果更佳。,"(1) 三間是大腸經的輸穴, 太極全息對應頭面, 故可治療頭痛和眼睛疼痛。 (2)《百症賦》中說:“目中漠漠,即尋攢竹、三間。”《眼科捷徑》則說:“三間治目疾、口乾等病。”多本古籍中都認為三間可治療各種面部疾病。 （3）大腸與肝臟腑別通，三間也是屬木的穴位，亦與肝相應，故本穴是治療眼病的經驗效穴。",,此為經絡循經、臟腑別通及太極全息組成的特效對針。治療眼痛的穴位多以肝經、膽經穴位為主，大腸與肝臟腑別通，可取大腸經穴位治療眼病。行間是肝經的滎穴，又為肝經子穴，有疏肝理氣的作用，治療眼病甚效。行間穴配三間稱 為“眼痛二針”。,眼痛,181
痛症,五官,122,耳痛二針,太溪,在足內側，內踝後方，當內踝尖與跟腱之間的凹陷處。（附圖19）,針入穴位，得氣後囑患者用雙手捏住鼻孔，輕輕地由內向外鼓氣，每5分鐘重複此動作1次。,"（1）腎開竅於耳，耳痛與腎密切相關，太溪穴為腎經的輸穴，可治療腎經循行部位病證。 (2) 太溪是腎經的原穴, 可調腎, 善治耳病。",,此為經絡、特定穴、太極全息組成的特效對針。治療耳痛多取手足少陽經之液門、中渚、風市、三叉三(奇穴，但位於三焦經)穴，以及腎經之湧泉、太溪穴。此外，大腸經之手三里善治氣逆之耳痛，制汙穴善治汙水導致的耳痛。筆者最常用液門配伍太溪。腎開竅於耳，耳痛與腎的關係密切，太溪穴為腎經輸穴，輸穴善治痛證，故太溪能治療耳痛。三焦經循行繞耳，液門為三焦經的滎穴，還是治療五官咽喉疾病之要穴。液門配太溪稱為“耳痛二針”。 筆者按：太溪配三叉三穴亦為治療耳痛之特效對針。三叉三穴在手背，第4、第5指指縫（歧骨）間陷中為液門穴，旁邊筋下骨旁為三叉三穴。握拳取穴，避開可見淺靜脈，沿筋下貼骨間隙進針1~1.5寸，區域性可有酸、麻、重脹感。有針感後囑患者用雙手捏住鼻孔，輕輕地由內向外鼓氣，每5分鐘重複此動作1次。液門是位於手少陽三焦經上的滎穴，三焦經繞耳循行，滎穴主治熱證與外經（《黃帝內經》說“滎輸治外經”），故液門能清熱瀉火、祛風止痛。三叉三與液門穴緊鄰，根據太極全息，三叉三穴與面部五官對應，故本穴可治療五官病變。三叉三穴在筋之旁，與肝、與風相應，貼骨緣進針又與腎相應，腎開竅於耳。在三叉三穴針1寸可達中渚穴（五行屬土），故在三叉三穴針刺也能有中渚穴的功效。所以說針刺三叉三穴配液門可治療各種耳痛，效果顯著。,耳痛,182
痛症,五官,122,耳痛二針,液門,在手背部，當第4、第5指間，指蹼緣後方赤白肉際處。（附圖23）,針入穴位，得氣後囑患者用雙手捏住鼻孔，輕輕地由內向外鼓氣，每5分鐘重複此動作1次。,"(1) 液門是三焦經的滎穴, 榮主身熱, 針刺液門可治療三焦經之熱證。根據筆者經驗, 該穴可治療上、中焦壅熱引起的五官咽喉之疾, 本穴治療喉嚨腫脹與耳疾, 效果甚佳。 (2) 三焦經循行繞耳, 榮輸主外經, 故針刺液門穴可治療耳痛。",,此為經絡、特定穴、太極全息組成的特效對針。治療耳痛多取手足少陽經之液門、中渚、風市、三叉三(奇穴，但位於三焦經)穴，以及腎經之湧泉、太溪穴。此外，大腸經之手三里善治氣逆之耳痛，制汙穴善治汙水導致的耳痛。筆者最常用液門配伍太溪。腎開竅於耳，耳痛與腎的關係密切，太溪穴為腎經輸穴，輸穴善治痛證，故太溪能治療耳痛。三焦經循行繞耳，液門為三焦經的滎穴，還是治療五官咽喉疾病之要穴。液門配太溪稱為“耳痛二針”。 筆者按：太溪配三叉三穴亦為治療耳痛之特效對針。三叉三穴在手背，第4、第5指指縫（歧骨）間陷中為液門穴，旁邊筋下骨旁為三叉三穴。握拳取穴，避開可見淺靜脈，沿筋下貼骨間隙進針1~1.5寸，區域性可有酸、麻、重脹感。有針感後囑患者用雙手捏住鼻孔，輕輕地由內向外鼓氣，每5分鐘重複此動作1次。液門是位於手少陽三焦經上的滎穴，三焦經繞耳循行，滎穴主治熱證與外經（《黃帝內經》說“滎輸治外經”），故液門能清熱瀉火、祛風止痛。三叉三與液門穴緊鄰，根據太極全息，三叉三穴與面部五官對應，故本穴可治療五官病變。三叉三穴在筋之旁，與肝、與風相應，貼骨緣進針又與腎相應，腎開竅於耳。在三叉三穴針1寸可達中渚穴（五行屬土），故在三叉三穴針刺也能有中渚穴的功效。所以說針刺三叉三穴配液門可治療各種耳痛，效果顯著。,耳痛,182
痛症,五官,123,鼻痛二針,三叉三穴,在手背，第4、第5指指縫（歧骨）間陷中為液門穴，旁邊筋下骨旁為三叉三穴。（附圖61）,握拳取穴，避開可見淺靜脈，沿筋下貼骨間隙進針1~1.5寸，區域性可有酸、麻、重脹感，有針感後囑患者輕微擤鼻活動鼻部（或稍微按摩）半分鐘，以引針氣，留針30分鐘，每隔10分鐘捻針1次，捻針時仍囑患者輕微擤鼻活動鼻部（或稍微按摩）半分鐘。,"(1) 本穴在太極全息中對應五官區, 是治療五官疾病的重要穴位。 （2）三叉三穴緊鄰液門穴，也兼具液門穴的功效。眾所周知，液門穴是治療五官病的要穴。 （3）按先天卦，本穴在乾卦之位，故可祛風；根據後天卦，本穴位於坤卦之位，土性健脾益氣，故可治鼻病。",,此為全息對應、臟腑別通、特效穴組成的特效對穴。治療鼻病，取穴一般不外乎大腸經、胃經、肝經穴位。大腸經與胃經循行環繞鼻周，肝經“循喉嚨之後，上入頏顙”，走鼻腔內部。三叉三是治療五官疾病的重要穴位，有健脾益氣之效，因此治療鼻病甚佳。木穴透過大腸經與肺經相表裡，又大腸與肝臟腑別通，故治療鼻病有顯著療效。筆者常以三叉三穴配木穴治療各種鼻病，效果較好。三叉三穴配木穴，稱為“鼻痛二針”。,鼻痛,183
痛症,五官,123,鼻痛二針,木穴,在掌麵食指之內側。本穴位於陰掌食指第一節D線，計有二穴，取穴採取三分點法。（附圖37）,針刺深度 2~3 分。有針感後囑患者輕微擤鼻活動鼻部（或稍微按摩）半分鐘，以引針氣，留針 30 分鐘，每隔 10 分鐘捻針 1 次，捻針時仍囑患者輕微擤鼻活動鼻部（或稍微按摩）半分鐘。,"(1) 木穴位於食指（大腸經）上，大腸與肝臟腑別通，故本穴可以治療各種 與肝相關的病證，具有清利頭目、開竅疏肝的作用。 （2）根據 “經脈所過，主治所及”，本穴透過大腸經與肺經相表裡，因此治療鼻病有效。 (3) 木穴位於滎穴的附近, 故能清大腸經之熱, 治療鼻病很有效果。",images/noref_木穴.jpg,此為全息對應、臟腑別通、特效穴組成的特效對穴。治療鼻病，取穴一般不外乎大腸經、胃經、肝經穴位。大腸經與胃經循行環繞鼻周，肝經“循喉嚨之後，上入頏顙”，走鼻腔內部。三叉三是治療五官疾病的重要穴位，有健脾益氣之效，因此治療鼻病甚佳。木穴透過大腸經與肺經相表裡，又大腸與肝臟腑別通，故治療鼻病有顯著療效。筆者常以三叉三穴配木穴治療各種鼻病，效果較好。三叉三穴配木穴，稱為“鼻痛二針”。,鼻痛,183
痛症,五官,124,牙痛二針,內庭,在足背，當第2、第3趾間，趾蹼緣後方赤白肉際處。（附圖9）,用毫針刺患側內庭穴（健側亦效），捻轉進針5分左右，強刺激，囑患者輕輕咬牙，留針30分鐘，每5分鐘強捻針1次，捻針時仍囑患者輕輕咬牙。,內庭穴是足陽明胃經的滎穴，能清利虛熱、滋陰養血。齒齦腫痛多因胃經火熱上攻，因此針刺內庭可治療牙痛，尤其是上牙痛，效果更佳。,,此為經絡配特定穴組成的特效對針。牙痛病因不外乎胃腸火與腎火，由於大腸經先至下牙，故治療下牙痛多取大腸經穴位，又因胃經先至上牙，所以治療上牙痛多取胃經穴位。筆者治療牙痛常用二間配內庭，兩穴皆為滎穴，皆能清火。內庭穴是足陽明胃經的滎穴，偏於治上牙痛，二間穴是大腸經的滎穴，偏於治下牙痛。二間配內庭稱為“牙痛二針”。 筆者按：由於腎主骨，所以牙齦痛還可取腎經之太溪，治療牙齦痛甚效。,牙痛,184
痛症,五官,124,牙痛二針,二間,微握拳，在手食指本節(第2掌指關節)前下方，橈側凹陷處。(附圖2),直刺，從橈側向尺側刺入。針入3分，強刺激，囑患者輕輕咬牙，留針30分鐘，每5分鐘強捻針1次，捻針時仍囑患者輕輕咬牙。,（1）二間穴是大腸經上的滎穴，屬水，也是該經的子穴，針刺本穴可瀉大腸經之實證、熱證，治齒痛甚效。 （2）根據多首古代針灸歌訣（《玉龍賦》《長桑君天星秘訣歌》《席弘賦》）可知，二間穴治療牙痛，確有效驗。從經絡來看，大腸經循行經過下牙，故治下牙痛尤其有效。,,此為經絡配特定穴組成的特效對針。牙痛病因不外乎胃腸火與腎火，由於大腸經先至下牙，故治療下牙痛多取大腸經穴位，又因胃經先至上牙，所以治療上牙痛多取胃經穴位。筆者治療牙痛常用二間配內庭，兩穴皆為滎穴，皆能清火。內庭穴是足陽明胃經的滎穴，偏於治上牙痛，二間穴是大腸經的滎穴，偏於治下牙痛。二間配內庭稱為“牙痛二針”。 筆者按：由於腎主骨，所以牙齦痛還可取腎經之太溪，治療牙齦痛甚效。,牙痛,184
痛症,五官,125,喉痛二針,魚際,在手拇指本節（第1掌指關節）後凹陷處，約當第1掌骨中點橈側，赤白肉際處。（附圖1）,仰掌，在第1掌骨掌側中部，赤白肉際處取穴。斜刺，針尖微斜向掌內刺入。針入5分，得氣後囑患者吞嚥口水，可立感輕鬆。留針30分鐘，每5分鐘捻針1次，捻針時仍囑患者吞嚥口水。,（1）魚際是肺經上的滎穴，滎主身熱，故本穴可清肺經之熱，對於風襲肺衛的發熱證有直接退熱的作用，主治咽喉、胸部、肺部的病證。 （2）“滎輸治外經”，滎穴善治經絡及外感病證。魚際尤善治外感病證（外感病證與肺關係密切），治療感冒、支氣管炎、肺炎、急性扁桃體炎、咽喉腫痛等甚效。 （3）臨床上，魚際可用於治療肺經有熱引起的咽痛，本穴與三焦經的液門穴合用，治療急性扁桃體炎特效。,,此為經絡、滎穴組成的特效對針。《百症賦》中說：“喉痛兮，液門、魚際去療。”根據筆者經驗，液門配魚際治療喉痛確有卓效。魚際是肺經上的滎穴，滎主身熱，可清肺經之熱，“滎輸治外經”，故魚際善治本經及外感病證，魚際治療感冒、支氣管炎、肺炎、急性扁桃體炎、咽喉腫痛甚效。液門是三焦經的滎穴，滎主身熱，刺液門穴可疏利三焦邪熱，尤其適用於上中焦有熱引起的五官及咽喉病證。筆者常以液門配魚際治療喉痛，治療時不必雙手四穴皆刺，若針左手魚際，就配右手液門，若針右手魚際，就配左手液門。兩邊各針一穴即可，捻針時，雙手齊捻，並令患者吞嚥唾液，動引其氣，兩穴之氣，在喉部交應，可立止喉痛。液門配魚際稱為“喉痛二針”。 筆者按：筆者治療急性喉痛，多在少商、商陽點刺出血，或針魚際、液門。魚際配液門治療急慢性喉痛皆有效，是筆者治喉痛最常用之對穴，在少商、商陽點刺出血後不必留針。,喉痛,185
痛症,五官,125,喉痛二針,液門,在手背部，當第4、第5指間，指蹼緣後方赤白肉際處。（附圖23）,握拳取穴。直刺，從上向下，針入0.5~1寸，透針可達1.5寸。本穴貼近無名指之骨旁筋下進針，即針三叉三穴，療效更好。得氣後囑患者吞嚥口水，可立感輕鬆。留針30分鐘，每5分鐘捻針1次，捻針時仍囑患者吞嚥口水。,"(1) 液門是三焦經上的滎穴, 滎主身熱, 針刺本穴可疏利三焦邪熱, 尤其適 用於上中焦有熱引起的五官及咽喉病證。 (2) 根據太極對應, 榮穴的位置與面部五官相應, 本穴透針而入, 治療眼、耳、嘴、鼻部病證均有效, 本穴為治療五官病的重要穴位。 (3) 筆者經常用本穴治療咽喉痛（配合魚際效果更好），針刺本穴對耳鳴、耳痛、中耳炎、眼疾、鼻塞、牙痛等均有療效。 （4）當外邪阻於三焦，干擾上焦與中焦之氣的循行，從而引起咽、頭、面、目、耳等病證，可刺本穴疏利三焦邪熱，本穴治療五官病甚效。",,此為經絡、滎穴組成的特效對針。《百症賦》中說：“喉痛兮，液門、魚際去療。”根據筆者經驗，液門配魚際治療喉痛確有卓效。魚際是肺經上的滎穴，滎主身熱，可清肺經之熱，“滎輸治外經”，故魚際善治本經及外感病證，魚際治療感冒、支氣管炎、肺炎、急性扁桃體炎、咽喉腫痛甚效。液門是三焦經的滎穴，滎主身熱，刺液門穴可疏利三焦邪熱，尤其適用於上中焦有熱引起的五官及咽喉病證。筆者常以液門配魚際治療喉痛，治療時不必雙手四穴皆刺，若針左手魚際，就配右手液門，若針右手魚際，就配左手液門。兩邊各針一穴即可，捻針時，雙手齊捻，並令患者吞嚥唾液，動引其氣，兩穴之氣，在喉部交應，可立止喉痛。液門配魚際稱為“喉痛二針”。 筆者按：筆者治療急性喉痛，多在少商、商陽點刺出血，或針魚際、液門。魚際配液門治療急慢性喉痛皆有效，是筆者治喉痛最常用之對穴，在少商、商陽點刺出血後不必留針。,喉痛,185
