目錄排序,目錄症狀,匹配標準症狀,匹配狀態,章,節,來源行,概述,董師原書設穴,解析,臨床常用選穴,解說
1,前頭痛(眉稜骨痛、鼻骨痛、陽明頭痛),前頭痛（眉稜骨痛、鼻骨痛、陽明頭痛）,matched,痛症,第三節頭項上肢部位痛,1237,"針灸治療頭痛,見效快,療效顯著。不論十四經穴或董氏奇穴,用針灸治療皆應以經絡學說為根據。

前頭痛病在陽明經,以前額部疼痛、眉稜骨痛、眼眶疼痛為主。見於眼、鼻、咽喉疾患,熱性病及貧血;包括現代醫學之眶上神經痛、鼻淵性頭痛。","| 眉酸骨痛 | 11. 二角明穴;66. 花骨一穴;77. 天皇副穴(腎關);1010. 鼻翼穴 |
|------|------------------------------------------|
| 鼻骨痛  | 11. 二角明穴;66. 花骨一穴;77. 天皇副穴(腎關)           |","前頭痛包括了眉稜骨、眼框、鼻骨等區域。眉酸骨痛及鼻骨痛皆為前頭痛之範圍,眉酸骨痛及鼻骨痛,取穴基本一樣。所以眉酸骨痛有二角明、花骨一、鼻翼、天皇副,那麼鼻骨也有二角明、花骨一、天皇副。

二角明穴在中指心包經上,中指的穴位與後天離卦心臟,及先天乾卦督脈有關,督脈行經前頭,所以二角明穴能治面部之眉稜骨痛、鼻骨痛。又二角明位於心包經上,心包與胃通,也是此穴能治面部之眉稜骨痛、鼻骨痛的原因。

花骨一穴在腳底,在太沖穴之反面,肝經""循喉嚨之後,上人頏顙,連目系, 上出額,與督脈會於巔""。經脈所過,主治所在,治療前頭痛同太沖穴。腎關穴在小腿三才之上焦部位,治療前頭痛其佳。至於鼻翼穴治療眉酸骨痛,則有在區域性附近治療之意味,雖未寫出鼻骨痛,亦能治之。","- 1. 天皇穴(維杰特殊經驗)。
- 2. 針火菊穴立止疼痛(維杰特殊經驗)。
- 3. 五虎一、五虎三亦效(維杰特殊經驗)。
- 4. 腎關穴甚效。
- 5. 四花中點刺,效果亦佳。

董師常用:①火連;②腎關。

維杰特效經驗:前頭痛:①天皇;②火菊。","治療前頭痛,老師最常用的是腎關穴,就是天皇副穴,腎關穴在脾經上,其在小腿三焦之正象為頭,故治前頭痛甚效。此外,董老師雖然書上沒寫,但常用火連治療前頭痛亦甚效,火連相當於脾經之太白穴,就是腳趾公孫穴的前面,在足部之太極全息中對應前額,故能治療前頭痛。久病在四花中點刺,效果亦佳。

我則喜用天皇穴,相當於脾經的陰陵泉。天皇穴在小腿之上端,較腎關部位尤高,治療前頭疼痛甚為對位,極為有效。此外,餘用火菊穴治療前頭痛亦極為有效,火菊相當於脾經的絡穴公孫,但較為貼骨。前頭痛我們稱陽明頭痛,公孫聯絡脾胃,治胃經之前頭痛甚效。

另外,五虎一穴、五虎三穴治療前頭痛亦效。按照手上的全息來講,五虎一可以治上部,最初我是用五虎三,後來用五虎一,也就是說五虎一、五虎三都可以用。如果不是很重的頭痛,用五虎一就可以解決,五虎一可以治頭痛,但是一般是比較輕的,比如說你今天有點頭昏昏的、前頭有點痛,好,那我給你針個五虎一。

治療前頭痛,一般我最常用天皇(陰陵泉),褲管一掀就可進針。如果針腳還要脫鞋子,甚至要脫襪子,比較麻煩。

從治療前頭痛的用穴,我們可以悟出一點:老師用腎關治前頭痛,我覺得腎關位置比較下面一點,應該用上面一點的天皇(即陰陵泉)較好,因為天皇(即陰陵泉)在小腿最上部,所以我用天皇(陰陵泉)。這一帶的上下兩個穴位都可以治前頭痛,也就是腎關和天皇這一帶都可以治前頭痛,這個區域就形成了一個區位針。

又如老師治療五十肩,是針天皇,我則是針下面的腎關,因為我用天皇穴治前頭痛非常好,肩膀在頭的下面,根據太極對應我就用天皇下面的腎關,結果發現腎關效果更好。那麼,這一帶的上下兩個穴位都可以治五十肩,也就是腎關和天皇這一帶都可以治五十肩,這個區域就形成了一個區位針。

歸納一下,我發現天皇至腎關這個區域都可以治前頭痛,也都可以治肩膀痛,這就形成了我的區位針法,或稱區段針法。天皇、腎關兩穴一起用,是治療前頭及肩的區位(區段)特效針。"
2,偏頭痛,偏頭痛,matched,痛症,第三節頭項上肢部位痛,1289,"偏頭痛主要病在少陽經,最常見者為血管神經性頭痛,發病原因可能系頭部血管功能障礙所致,及神經官能症、頸源性頭痛(頸椎增生或損傷腦供血不足所致)等。也可見於耳部疾患。","偏頭痛

22. 靈骨;66. 六完;77. 一重、二重、三重、四花外穴;99. 耳三穴(耳上穴、耳中穴、耳下穴三稜針);1010. 鼻翼穴","董老師治療偏頭痛的穴位有這麼多,要分清楚應用也不簡單。

**靈骨穴治**偏頭痛,以太陽穴部位之偏頭痛為佳,蓋手足陽明經相通。**六完穴** 介於少陽膽經之滎穴與輸穴之間,治療之偏頭痛,應系少陽經耳上之偏頭痛。一重、二重、三重介於少陽、陽明經之間,治療之偏頭痛包括陽明經及少陽經之偏頭痛。

四花外穴主要以刺血為主,善於治療久病及瘀血之偏頭痛。

**耳三穴**(耳上穴、耳中穴、耳下穴)治療偏頭痛,主要以耳上穴為主(耳上穴又稱""耳尖""穴),由於太陽經至耳上,又少陽經繞耳。耳上穴除偏頭痛外亦能治後頭痛。

耳三穴,最主要的是耳尖穴,如果往後一點,還是在耳尖這個平面上,可以說靠耳根一直到上面轉彎的地方都可以算耳尖,如稍微向下面一點,則等於是耳背範圍。偏頭痛用耳尖刺血是很不錯的,如果不懂得在太陽穴刺血,可以在耳尖刺血,耳背附近如果血管明顯,能在耳背刺血更好,一刺就出血,不用擠就已經有十

幾二十滴出來了,再擠一下就更多血滴出來了。耳尖刺血常要一滴滴慢慢地擠, 耳尖雖然看不到血管,但是比較容易出血,只是刺後要用手擠,如果耳背有青筋, 當然是在耳背刺血最好。如果耳背沒有青筋,那就在耳尖刺血。據個人多年經驗,耳朵軟的,一刺就很容易出血,耳朵比較硬的就得揉一揉,讓耳朵充血後再刺血。","- 1. 針九里、七里。
- 2. 針側三里、側下三里,效果佳。
- 3. 針中九里(風市),效果亦佳。
- 4. 三重、四花外穴點刺出血,亦可立止疼痛。
- 5. 耳三穴之耳上穴。
- 6. 太陽穴部位疼痛,針門金穴甚佳,常可立止疼痛(維杰特殊經驗)。
- 7. 太陽穴點刺特效, 久年偏頭痛輕則一次, 重則二三次可愈(維杰特殊經驗)。
  - 8. 水曲穴(維杰特殊經驗)。

董師常用:①九里;②側三里、側下三里。

維杰特效經驗:門金。","據臨床隨師觀察,董老師治療偏頭痛經驗以針九里、七里為主,其次為側三里、側下三里。

中九里(風市)善治人身側面各病,治療偏頭痛效果亦佳,配七里倒馬更佳。側三里、側下三里對於頭面病變療效甚佳,治療偏頭痛甚效,久病可以配腎關。嚴重者,老師常在四花外點刺活血化瘀治療。

我個人之經驗,太陽穴部位之偏頭痛,最常用**門金穴**特效,常可立止疼痛。這是維傑個人數十年之經驗,蓋太陽穴部位為胃經所過,陷谷為胃經輸穴,輸主疼痛,善治太陽穴部位疼痛,門金在陷谷後貼骨,刺骨應腎,能補水潤木,尤善治久年之偏頭痛。

臨床觀察,太陽穴部位,即胃經頭維穴附近的偏頭痛最多,由於胃經從顳腮旁邊到了額頭太陽、頭維穴這個部位,所以跟陽明經有關,輸主體重節痛,我們針

胃經陷谷穴最好。陷谷治一般偏頭痛很好,可是很多患者的病痛都很多年了,可選擇針門金,陷骨穴後面貼骨就是門金。所以,門金是我個人經驗治療太陽穴偏頭痛第一特效針,太陽穴部位的頭痛,針門金可以立止頭痛。

很多婦女容易有偏頭痛,常常在月經前後發作,偏頭痛合併月經痛,這樣一針兩治,月經痛第一特效針就是門金,偏頭痛第一特效針也是門金。

如果是少陽經的偏頭痛,就是耳朵上面這一帶,這跟膽經有關,就要針水曲穴,水曲穴與膽經之輸穴足臨泣在同一位置,治療耳朵附近之偏頭痛甚效,所謂經絡所過,主治所在也。

絕大多數的偏頭痛都表現在額頭太陽穴痛,很少是在耳朵上面的偏頭痛,所以我用門金穴治療最多。

偏頭痛亦以太陽穴點刺出血最為特效,久年偏頭痛輕則一次,重則二三次可痊癒,一次治癒不再發作者亦不在少數。

太陽穴點刺出血治療頭痛,是我的特殊經驗,董老師一般不在太陽穴刺血。

太陽穴如果青筋明顯,刺一下就出血了,青筋不太明顯,就讓他把衣領勒緊,沒有衣領的就用毛巾把脖子勒住,臉紅充血了,一刺血就出得多了,這是刺血很重要的方法。

手指刺血也是一樣,要讓他捏緊手指先充血,充血後稍微一刺會噴出血來, 所以先充血再刺血,太陽穴也一樣,不能刺了血再擠血,這樣是擠不多的。

耳尖刺血治療失眠特效,為我治療失眠第一特效針,因此治療失眠之頭痛, 耳尖刺血甚佳。

多年偏頭痛治療可有兩種狀況:除了在太陽穴刺血,也可以在四花外刺血, 也可以立止疼痛,幾次可根治久年疼痛。"
3,後頭痛,後頭痛,matched,痛症,第三節頭項上肢部位痛,1362,"後頭痛病在太陽經和督脈。可見於高血壓、腦膜炎、腦部腫瘤、頸椎和軟組織損傷、枕神經痛等。其中枕神經痛較為常見,是枕神經分佈的後頭部的疼痛,可向頭頂放散。頭部活動、咳嗽等可加重,常由受寒引起,在枕神經出口處(風池穴)可有壓痛。

若後頭痛伴有噴射性嘔吐和高熱,頸項強直,屬顱內病變(如腦部腫瘤等), 當慎重處理。",,,"- 1. 針正筋效果甚佳(維杰特殊經驗)。
- 2. 沖霄放血,立止疼痛。
- 3. 委中刺血甚效,治久年後頭痛尤佳。

董師常用:①尾椎(後椎穴)沖霄放血;②委中放血。

十四經效穴:束骨(維杰特效經驗)。","後頭痛,董老師書中沒有設穴,董師常在尾椎之後椎穴及沖霄穴刺血,或委中刺血,尤其是常在委中刺血,董老師在尾椎或委中刺血,效果都很不錯。

我用正筋穴治療後頭痛效果甚佳,較尾椎刺血或委中刺血方便。蓋正筋在跟腱上,在""小腿三焦之倒象""為頭之部位,在大太極之""足軀順對""中,對應頸部,如此能治頭項痛,皆甚效。而且它在膀胱經上,跟膀胱經有關,所以正筋穴治療後頭痛是很不錯的。

很多人脖子痛,連帶後頭也痛,用正筋最好,正筋一針就連後面脖子都治了。如果加個正宗倒馬的話,可以把治療範圍區域擴大,正筋、正宗倒馬,治療後頭痛很不錯,董老師治療脖子硬用正筋,我們透過三焦理論來看,正筋的位置是足三焦的頭,那麼正筋就不只是治脖子,治療後頭也很好。

十四經效穴方面,我常用束骨穴極效,此為維杰特效經驗,取穴較正筋尤為方便。而且有時候效果更好,束骨為膀胱經輸穴,""輸主體重節痛""。從這裡我們知道,治療取穴不能全靠奇穴,也不能全靠十四經穴,要選擇最特效、最方便的穴位。"
4,全頭痛,全頭痛,matched,痛症,第三節頭項上肢部位痛,1390,"全頭痛也是臨床常見的症狀,可見於多種急慢性疾病,其涉及範圍很廣,如感冒、五官疾患(如鼻竇炎)、神經性頭痛、血管性頭痛、三叉神經痛、頸源性頭痛、顱內病變,以及某些心血管和神經系統疾患引起的頭痛等。全頭痛要區別虛實,實邪多外感,虛證則多為氣血虧虛。","| 頭痛           | 33. 地士;44. 富頂、後枝;66. 火散、花骨一;77. 四花外穴(三稜針黑血);88. 金前下穴、金前上穴;1010. 後會穴(輕度)、上裡穴、四腑二穴、四腑一穴;1111. 五嶺穴(三稜針)、水腑穴 |  |
|--------------|----------------------------------------------------------------------------------------------------------|--|
| 腎虧之頭痛        | 22. 腕順一穴、腕順二穴                                                                                            |  |
| 心臟病引起之<br>頭痛 | 66. 火主                                                                                                   |  |
| 腦神經痛         | 55. 上瘤                                                                                                   |  |","在老師原書涉及治頭痛的穴位很多,沒有區分前頭痛、後頭痛、偏頭痛,這麼一堆穴位,一般人真不知道怎麼用。

董老師治療頭痛,其實是說某穴能治頭痛,但多半是在某些狀況下兼有頭痛時用之,臨證時不必全部搬上。應該化繁為簡,以最適合症狀、最有效的選穴應用於臨床,以下各病皆如此。

**腕順一穴、腕順二穴及水腑穴**皆治療腎虧之頭痛。腎虧頭痛一般常兼有眼花、坐骨神經痛、疲勞、腎炎、四肢骨腫、腰痠背痛等。至於**地士穴**在肺經上,本來就可以治感冒,因此地士穴可以治感冒的頭痛。**富頂、後枝**是在四四上臂部位的穴位,這兩個穴可以治療頭痛,可是老師沒有寫治什麼樣的頭痛,文字的安排跟在血壓高、頭暈後面,應該是與此有關的頭痛。

**火主穴**治療心臟病引起之頭痛,理當有心臟病之症狀。**上瘤穴**治療腦神經痛,應該是與腦瘤及腦積水有關。

火散所治多為心腎不交之證,頭痛常兼失眠、腰痠、背痛等。花骨一為治療五官病有效穴,治療頭痛常兼眼眶及鼻骨痛。金前下穴、金前上穴治療之頭痛兼有癲癇。上裡穴、四腑二穴、四腑一穴之頭痛前皆寫有眼昏,應係指區域性之前額痛。

四花外穴(三稜針黑血)及五嶺穴(三稜針),治療頭痛,可用三稜針出血,主要針對多年瘀血之頭痛。","1. 九里穴甚效。

- 2. 針側三里、側下三里,並針腎關,留針 45 分鐘,輕症二三次,重症四五次,即可不發。治慢性久年頭痛甚好。
  - 3. 背部五嶺穴點刺,亦可立止頭痛。
  - 4. 大白穴甚效(維杰特殊經驗)。
  - 5. 針靈骨,立可緩和疼痛(維杰特殊經驗)。
  - 6. 大白穴甚效,配三叉三穴更佳(維杰特殊經驗)。
- 7. 太陽穴刺血最特效,久年頭痛輕則一二次,重則三四次痊癒(維杰特殊經驗)。","雖然各病之臨床常用選穴列出多項治療穴位,並非每項都要用,也不是多項合用,可以交叉輪流應用。其中的""維杰特殊經驗""部分極為實用。特別用括號指出。

董老師經驗治療全頭痛以九里應用最多,久病則配腎關更佳。

董師治療頭痛,另以側三里、側下三里,配腎關,治慢性久年頭痛亦甚好,對於前頭痛及偏頭痛效果更好。這適合於慢性的,需要多針幾次治療的病痛,所以對於慢性久年頭痛,效果非常好。這幾個穴皆在五輸穴之經穴至合穴區域範圍,且系治療久痛之故,宜留針稍久,根據五輸穴之時間觀,基本上要留針 45 分鐘。關於留針時間的根據,可以參考我的《董氏奇穴原理解構》中""五輸穴之時間觀""一章。

在上背刺血亦為董老師治療全頭痛之方法。

我的特效經驗,以**大白穴配三叉三穴**治療頭痛,常立見療效,效果甚佳。一般稱之為""頭痛楊二針""。靈骨、大白皆在微太極之頭點,也都能治整個頭痛。一般臨時初起的頭痛就只針大白、三叉三即甚效。大白配三叉三,一手一針,哪一邊用大白,哪一邊用三叉三沒有關係,僅只兩針,當時就可以緩解頭痛,有些人感冒頭痛,或臨時的頭痛,當場就好了。

對於久年頭痛,早期我也針側三里、側下三里,配腎關,效果不錯,就把這條寫在治療學中,但一次就是六針,似乎多了一點。後來我發展為在太陽刺血,就不再如此用了。雙側太陽穴刺血治療頭痛,尤其是久年頭痛最為特效,輕則一二次,重則三四次,可以痊癒,多年不再發作,一次治癒者亦有多位。

其實太陽穴不難刺血,手法是用鑽刺法,斜刺進去,我一般只有在太陽穴用鑽刺法,因為太陽穴後面是額頭,額頭有骨頭,如果我們以一般的方法直刺,很淺就碰到骨頭了,而委中、肘彎這些穴直刺下去不會碰到骨頭,所以刺太陽穴我就用鑽刺法,沿著皮斜刺進去,不難的。在太陽穴刺血,不管是前頭痛、後頭痛、偏頭痛,或多年的頭痛,刺了血一般是一兩次就好了。我現在治療就是一兩次。

全頭痛我們就這樣治療,有效穴位雖多,我的特效經驗,只用大白配三叉三就可以了,大白配三叉三最為有效,所以稱之為""頭痛楊二針""。"
5,顴骨疼痛,顴骨疼痛,matched,痛症,第三節頭項上肢部位痛,1451,,"顴骨痛

1010. 玉火穴","**玉火穴**治療顴骨痛應系區域性取穴,但以對側為主,則為等高取穴,亦即左病取右,右病取左。","- 1. 三重點刺出血。
- 2. 四花外穴點刺放血。
- 3. 針側三里,側下三里(維杰特殊經驗)。
- 4. 三泉穴(維杰特殊經驗)。
- 5. 腕順一治此病也很好。
- 十四經效穴:後溪(維杰特效經驗)。","顴骨痛,老師的書寫了個玉火穴,他下針還是常用側三里、側下三里。

側三里、側下三里及三泉穴(上泉、中泉、下泉)在董老師的書中,皆寫為可治療面部麻痺,可引申治療顴骨病變,治療顴骨痛有效。上泉、中泉、下泉,它們的位置,從膝蓋往上,恰與膝蓋往下的側三里、側下三里相對應,側三里、側下三里是膝下對應到顴骨面部的穴位,那麼上泉、中泉、下泉,就是膝蓋上面對應到顴骨面部的穴位,這個泉音同""顴"",也就治療顴骨,所以我們在上泉、中泉、下泉刺

血也可以有效。

**三重穴及四花外穴**刺血治療顴骨痛亦甚效,一般在久病的狀況下使用,蓋久病多瘀。

我們知道顴骨的地方是小腸經所過,腕順一治此病也很好,因為此穴在小腸經上,鄰近後溪穴。小腸經之後溪穴治療顴骨痛甚效,因小腸經""……其支者,從缺盆循頸上頰,至目銳眥,卻入耳中;其支者,別頰上頻,抵鼻,至目內眥,斜絡於顴"",語譯即為""它的支脈,從缺盆循頭頸向上抵頰部,至眼外眥,回入耳內。另有一條支脈,從頰部別出走入眼眶下而至鼻部,再至眼內眥,而又斜行絡於顴骨部""。經絡所行,治療所在,故治療顴骨痛甚效。眼皮下面以及顴骨這一帶都是小腸經,所以眼皮跳動的病變我們也用小腸經的穴,後溪是小腸經的木穴,五行屬木,能治療跟顴部與風有關的病變,治療顏面神經的震顫很好。三叉神經痛和顴骨面部的震顫都是用後溪特效,如果不用後溪,就用董氏奇穴的側三里、側下三里,這兩穴則是對應針法。"
6,三叉神經痛,三叉神經痛,matched,痛症,第三節頭項上肢部位痛,1486,"三叉神經痛是指面部三叉神經分佈範圍內出現的陣發性、短暫的劇烈疼痛, 具有突發性、週期性發作的特點,疼痛突然發作,以面頰、上下頜部(第二支、第三支)為最常見,額部(第一支)較少發生。疼痛呈發作性、刀割樣、撕裂樣或燒灼樣劇痛。每次發作時間約為幾秒至幾十秒鐘,數秒鐘或數分鐘後緩解。可連續數天或數日內反覆發作。疼痛常因說話、咀嚼、刷牙或觸控面部某一區域而誘發。這種激發點稱為""扳機點"",以致患者不敢洗臉、漱口和進食。

三叉神經痛的部位在面頰及額部,主要為陽明與少陽經、小腸經,特別是與足陽明胃經關係最大。陽明胃經與少陽膽經均循繞側頭面部,另外小腸經""其支者,別頰上頗,抵鼻,至目內眥,斜絡於顴"",此一部分與三叉神經痛亦有密切關係。

三叉神經痛是一種頑固難治的病症,針灸療法是目前治療三叉神經痛最有效的方法之一。有些頑固的已服用西醫強烈止痛藥多年的病例,堅持有恆的治療,亦能治癒。",,,"1. 大白(維杰特殊經驗)。

- 2. 腕順一穴(維杰特殊經驗)。
- 3. 久病可在太陽穴點刺(維杰特殊經驗)。
- 4. 側三里,側下三里。
- 5. 木鬥,木留。
- 6. 中九里。

維杰特效經驗:大白配腕順一穴。

十四經效穴:後溪、三間。","董師書中並無三叉神經痛之治療。從個人觀察董老師治療8例三叉神經痛的經驗來看,治療三叉神經痛皆針腿部,老師治療此病,一般以側三里、側下三里為主。有時用木留穴、三重穴。外三關亦可用。

三叉神經痛,發作的時候很劇烈,不發作就沒事,它常常有個觸發點,可能摸到某一點就引發了,很多人是刷牙漱口的時候刷到某個角度,就痛了,痛得眼淚直流,或吃東西的時候就突然痛了,這種痛是突然而來,風者善行而數變,這就屬於風,此痛是痙攣性的痛,跟木有關,跟筋有關係,也是屬於風,所以要針經絡上跟風跟木有關的穴位,我就發展了用大白配腕順一,方便而速效。

在十四經效穴方面,最有效的就是後溪與三間。後溪為手太陽輸穴,是小腸經屬木的穴位,三間為手陽明輸穴,是陽明經屬木的穴位。三叉神經痛的疼痛部位以手陽明及手太陽經為主,兩個穴並用就包圍了痛區。兩穴皆為輸穴,輸主疼痛。兩個穴並用可加速治癒,這就是""叉痛楊二針""。怎麼用後溪跟三間呢?這兩個穴一定要有一個同側的穴位,或者兩個都同側也很好,最常用的是同側的後溪,配對側的三間。後溪配大白更好,針同側的後溪、對側的大白,效果非常好。

三叉神經痛、顴骨痛我們用側三里、側下三里也很好,或者用董氏奇穴的上泉、中泉、下泉也可以,久病可在太陽穴點刺。

針刺治療三叉神經痛療效很好,止痛也很快。有人剛得了此病,馬上來看,常是一兩次就能治好,但有的已經痛了十幾年,就不是那麼好治了。有些三叉神經痛的患者,已經痛了幾十年,要吃嗎啡等藥才能止痛,針灸治療便需多費時日,只要堅持治療,亦能治癒。

有少數嚴重的病例甚至要看上幾個月之久,病太重是一個原因,多半是止痛

藥吃太多,神經通路被西藥抑制住了,治療後,可能一次就只好五六成,回家還會退回兩三成,但經治療後,病情一次比一次輕。一些神經痛的患者也常是這樣,針了回家,第二次來了的時候說,怎麼我針完以後很好,回家又痛了,我說你痛是痛,是不是比原來好些,病人會說對,雖然退回一些,但還是有進展。

各種病如果是剛患的,治療就只前進不後退,好了就是好了。久病則往往前進之後,還會退回一點,但是我們進三步退一步,還是很快就好了,這種情況多半是吃過止痛藥,吃得越兇,可能進三步退兩步,我治各種疼痛很多,這是一點這方面的經驗。"
7,耳朵痛,耳朵痛,matched,痛症,第三節頭項上肢部位痛,1530,,,,"- 1. 針側三里、側下三里。
- 2. 三重、四花外穴同時點刺放血。
- 3. 三叉三穴(維杰特殊經驗)。","側三里、側下三里善治頭面各病,兩穴在少陽陽明之間,尤近於少陽,少陽經循行至耳,經脈所至,主治所及,故而耳朵痛針側三里、側下三里有效。三重、四花外都位於少陽陽明之間,久病的話,我們可以在這裡刺血,三重、四花外穴同時點刺放血,善於治療久病耳朵痛,但一般很少有人耳朵痛很久的。

如果是中耳炎這類病,因為耳朵裡面流水,這種狀況可以點刺制汙穴,在制汙穴刺血以後,患者中耳炎的流膿很快就會收口,也可以在制汙穴刺血的同時, 在三重、四花外刺血,當然更好,但用針就比較複雜,一般不會一下針那麼多針。

餘以三叉三穴治療耳朵痛甚效,三叉三穴本即為五官病要穴,鼻子、眼睛、牙齒、嘴巴、耳朵都可以治,三叉三穴在手少陽三焦經上,從手四五指縫間刺入,透過液門穴、中渚穴,液門穴為滎穴,中渚穴為輸穴。所謂""滎輸治外經"",""輸主疼痛"",因此針三叉三最為理想,一針可達到效果。若加同側的三叉三作牽引,即兩邊的三叉三並用,一邊作治療針,一邊為牽引針。

耳朵痛,我一般不太用三叉三作牽引,而是用聽會做牽引,古人治病一般不針區域性的穴位,都是針遠處,看看古歌訣即知。但是五官病則常常是針區域性,如

鼻子病常是迎香最特效,眼睛病十之八九睛明最特效,耳朵病最常用聽會,所以我如果治耳朵痛,會針健側的三叉三,加患側的聽會作牽引,也就是以特效針作牽引,效果非常好。

駟馬穴也能治耳朵,駟馬穴整個來講,耳朵、鼻子等五官病都能治,在清陽不升的狀況下,有益氣昇陽作用。在帶有耳鳴之類的耳朵痛時,可以用駟馬,其他一般不太用。"
8,項強痛,項強痛,matched,痛症,第三節頭項上肢部位痛,1554,"項強痛多為運動或勞動中不慎扭傷頸部筋脈,或頸項過度疲勞,以致氣血執行不暢,經絡阻滯,致使氣血凝滯、筋脈拘急而成,此病症屬中醫""傷筋""範疇。

近年來車禍傷害甚多,以頸項強硬為主症來尋求針灸治療的很多,針灸治療效果極佳,奇穴效果更好。

項強痛從經絡來看,頸項後正中線為督脈,前正中線為任脈,其他六條陽經均經過頸項,足陽明胃經行於頸部前面,手陽明大腸經在頸部前外側,手太陽小腸經在頸部側面,此三條經脈行在耳前。以下三條經脈在耳後:手少陽三焦經在頸部側面,約當耳垂及耳後緣。足少陽膽經在頸部側面,約當乳突後緣(但膽經與三焦經在頸部有交叉),足太陽膀胱經在後項部,夾督脈距離寸半下行。頸項強痛主要以督脈及手足太陽經為主。","| 脖頸痛       | 11. 肺心穴;88. 中九里穴 |
|-----------|------------------|
| 脖子痛       | 77. 人皇穴          |
| 頸項神經痛     | 66. 水曲穴          |
| 項痛        | 1010. 總樞穴(三稜針)   |
| 頸項痛       | 77. 四肢穴          |
| 項骨正中脹痛    | 1111. 沖霄穴(三稜針)   |
| 頸項疼痛扭轉不靈  | 44. 富頂、後枝(兩穴同下)  |
| 頸項扭轉不靈    | 66. 火菊穴          |
| 頸項筋痛及扭轉不靈 | 77. 正筋穴、正宗穴      |","上述脖頸痛、脖子痛、頸項神經痛、項痛、頸項痛、項骨正中脹痛、頸項疼痛扭轉不靈、頸項扭轉不靈、頸項筋痛及扭轉不靈,雖名目不同,但都可以說是頸項強痛範疇。

治療頸項筋痛及扭轉不靈,基本上以正筋穴、正宗穴最為常用,這也是老師最常用的治療選穴。

較簡單的治法就是取手指部位的**肺心穴**,本穴在中指中節,對應脊椎,為中央之中央,又與乾卦有關,乾卦代表督脈,故治脖頸痛、脊椎痛及尾椎痛,可以說,整個脊椎皆為其主治範圍。比較輕微的脖頸痛可以用肺心穴,比較重的,正筋、正宗最好,正筋、正宗趴著針,馬上見效。

**總樞穴**治療項痛,以三稜針刺血治療,此屬區域性治療。**沖霄穴**(三稜針)治項骨正中脹痛,屬上下對應療法。兩穴皆以三稜針刺血治療,皆可治療較久之瘀血病。

**富頂、後枝**兩穴皆能調整血液迴圈,皆能治肝之血壓高、頭暈、頭痛、疲勞等。兩穴同時下針,可治頸項疼痛扭轉不靈及面部麻痺。此處之頸項疼痛扭轉不靈多與血壓高有關。

水曲穴治療之頸項神經痛,當為少陽經循行之側面頸項痛。火菊穴治療頸項扭轉不靈,亦與血壓高有關。人皇穴、四肢穴亦能治療頸項痛,蓋位置與正宗穴平行。","- 1. 針正筋、正宗立能轉側。
- 2. 腎關治後頸痠痛甚效(維杰特殊經驗)。
- 3. 上白、中白。
- 4. 火菊。

十四經效穴:最常用的穴位是承漿穴,後溪穴及束骨穴治項強也很好。","據觀察董師治療12例項痛經驗,老師最常以正筋、正宗(雙)兩穴倒馬為主,治療各類頸項強硬之病,立能轉側。這兩個穴老師用得多,我也用得多。頸項強硬與筋有關。正筋、正宗(雙)在腳脖子上,即所謂的跟腱上。正筋穴在大

太極全息對應頸部,治療頸部病,效果甚好。本穴針入跟腱,以筋治筋,也是治療頸部病甚效的原因之一。對於多年頸痛及轉動困難,療效甚好。對於車禍傷害應用甚佳,用的機會很多。在美國開車,時常因為前面有黃燈,前車一看闖不過去就停車了,後面的車以為你會闖過去就撞上來,脖子就不對勁了,所以在美國,整脊醫生很多,可還是針灸最快、最實用。就是針正筋、正宗,嚴重的就在委中刺血,更快更好。

正筋、正宗對於使用計算機姿勢不正造成之頸椎病也頗有效。

火菊穴治頸項扭轉不靈我不常用,但火菊(即公孫貼骨)穴可以治療手麻, 常常有些頸椎病會引起手麻,頸項扭轉不靈兼有手麻,就可取用。火菊穴跟束骨是在一條線,這裡是足的頸上線。

我以**腎關**治後頸痠痛甚效,天皇穴在全息對應於頭,腎關略低於天皇穴,則對應於肩頸部,除治五十肩特效外,頸肩範圍皆有效。

上白、中白皆在手太極之中樞線,皆能治腰痛及頸項痛甚效。

十四經中,項強最常用的穴位是承漿穴(見《通玄指要賦》《玉龍歌》《勝玉歌》《臥巖歌》),此為前後對應法。後溪穴(《百症賦》)及束骨穴(《通玄指要賦》)治項強也都很好。治項強針正筋、正宗可以用承漿作牽引,很快就好。如果是多年脖子強硬可以加委中刺血。"
9,落枕,落枕,matched,痛症,第三節頭項上肢部位痛,1618,"頸部軟組織損傷,又稱頸部傷筋,一般常稱為落枕。多於酣睡時姿勢不正, 枕頭過高或感受風寒外邪襲入經絡,致使氣血凝滯、筋脈拘急而成此病。

臨床表現以頸項強直、疼痛為主(多表現為一側項部肌肉強直)。患者自覺頸項強硬不舒,區域性肌肉痙攣痛重,頸部活動受限(脖子不能左右及前後轉動), 多半在轉向另一側時特別疼痛。

落枕主要以督脈及手足太陽經為主,其次是膽經。",,,"- 1. 重子,重仙(維杰特殊經驗)。
- 2. 正筋,正宗。
- 3. 木留。

4. 上白、中白。

十四經效穴:①承漿穴。②後溪、束骨(維杰特殊經驗)。","治療落枕,重子穴、重仙穴倒馬最為有效,透過肺與膀胱通,此兩穴為治肩背痛之特效針,治療頸痛亦有效,可以說治頸肩背痛皆特效。維傑四十年來以此穴治療落枕患者不下百例,均有立竿見影之效,配承漿穴效果更佳、更速。

董老師治療落枕是不用重子、重仙的,他用這兩個穴治療肩背痛(主要治膏肓俞部位痛),治療落枕是用正筋、正宗。後來我發現重子、重仙治療頸部也有效。落枕有個特點,就是頸肩背都痛,用重子、重仙最好,一般人落枕,多半是早上起來時覺得不對勁,左右轉動不靈,轉動時還會痛,如果是早上就來治療,可以馬上好。

重子、重仙都治背痛,可是有一個區分,重子位置比較上面,可以治療肩膀痛,即背兼肩膀痛,重仙位置比較下面,靠近掌中線,所以治療背痛兼有中央的頸部痛。這樣,重仙偏重治療頸背痛,重子偏重治療肩背痛,如果頸肩背都痛,那就重子、重仙一起用。如果能加一針承漿穴作牽引,效果更佳。

落枕早治療,可以很快治癒。但是如果不理它,經過一個禮拜也就自然好了,但落枕過幾次以後,可能頸椎病就出現了,如同腰扭傷,不理不治,過段時間也好了,但是腰扭傷連續幾次,就可能導致椎間盤突出,引發坐骨神經痛,那就麻煩了。所以落枕表面看來是小病,但也不要忽視它!

上白穴、中白穴也可以治落枕。手掌太極的橫三焦,拇食指間主頭面,二三指間主上焦。上白穴在二三指間,所以上白治療頸項強痛有效。上白、中白皆在手太極之中樞線,都能治腰痛及頸項痛,治落枕也很有效。依經驗,重子、重仙治落枕最好,但有時有點痛,可以令病患咳嗽一聲然後進針,轉移注意力就不痛了。怕痛的也可以改針上白、中白,不過針重子、重仙的效果若有八九成,針上白、中白,可能只有六成的效果,略微差一點,但也還是不錯的。

木留穴位於四五趾間,介於少陽、陽明兩經之間,主治之病,以少陽陽明合病及肝脾兩髒之病為主,甚為有效。肝主筋主血,脾主肉主氣,本穴尚能治氣血及筋肉之病,可以治療落枕及肩背痛。

如果不用董氏奇穴,用十四經穴,那麼後溪、束骨配承漿,也非常有效,十四

經中治療項強痛,絕大多數之歌賦皆以承漿為主,此為前後對應法。其次是後溪、束骨。後溪為手太陽輸穴、束骨為足太陽輸穴。""輸主體重節痛"",手足太陽循行頸項,故能治之,《靈樞·雜病》篇說""項強不能顧取手太陽,不能俯仰取足太陽"",項強不能顧(左右轉動)就取手太陽後溪為主,項強不能俯仰(前後轉動)取足太陽束骨為主。若頸項左右轉動及前後轉動皆不能,則後溪、束骨一起用,效果甚佳,加承漿特效穴牽引,療效更快速。

我在學董氏奇穴之前就會十四經穴,十四經穴方面我常用承漿、後溪、束骨,也是很有效。"
10,肩頸痛,肩頸痛,matched,痛症,第三節頭項上肢部位痛,1660,,,,"- 1. 腎關、四花上(維杰特殊經驗)。
- 2. 重子、重仙(維杰特殊經驗)。

十四經效穴:陽陵泉。

特殊經驗:""肩頸楊二針"":腎關、陽陵泉。","頸連肩痛,包括落枕、五十肩,一般應用重子、重仙有效,重子偏於治療肩痛, 重仙偏於治療頸痛,兩穴合用,不但能治肩頸痛,連背痛亦能治,這在前面已經提過了。餘用腎關、四花上合用治療肩頸痛亦有效。

膽經之陽陵泉治療肩連頸痛,尤其是肩峰、肩井穴一帶的疼痛甚效,許多人落枕,其他地方好了,但是肩井穴一帶還可能殘留點疼痛,這是膽經循行所在,針陽陵泉穴甚效,針懸鐘穴也有效。

肩膀連著脖子痛,我個人經驗:腎關、四花上很好,事實上,腎關、四花上又不如陽陵泉配腎關。我常用腎關、陽陵泉穴,兩邊各一針,治療所有的肩頸痛,皆極為特效,稱之為""肩頸楊二針""。

如果不知道易理,就兩邊的陽陵泉、腎關都針,知道易理,就可以按照《靈樞》九宮的變化用穴,《靈樞·九宮八風》篇裡面講,每一個季節都有一個變化, 古人住的房子按照季節移動,根據九宮圖來看就會很清楚,左上是巽卦,右上是坤卦,坤卦屬土,我們就可以針位於脾經的腎關,左邊是巽卦,屬於木,左邊的肩

膀痛就針與木有關的穴位,可針膽經的陽陵泉,右邊的肩膀痛就針與土有關的穴位,如位於脾經的腎關,這樣,一針取陽陵泉,一針取腎關,就是所謂的""肩頸楊二針"",簡單而有效。"
11,肩臂不能舉(肩關節周圍炎、五十肩),肩周炎、五十肩,matched,痛症,第三節頭項上肢部位痛,1685,"肩關節周圍炎簡稱肩周炎,為肩關節周圍軟組織退行性、炎症性病變,又稱凍結肩,俗稱""漏肩風""""肩凝""。因發病年齡以50歲上下的人多見,故又有""五十肩""之稱。是以一側肩臂部疼痛,活動障礙(手臂上舉、外旋、後伸等動作受限)為主要特徵的病症。常呈慢性經過,嚴重者影響日常生活,如梳頭、穿衣等。隨著病情的發展,病變組織形成粘連,出現所謂""肩凝症"",肩關節活動可完全消失;多因扭挫傷、勞累、慢性勞損與受風寒侵襲等誘因而發病,多見於中年以後,女性較多。是中老年人常見的一種頑固性疾病。

肩周炎屬於中醫學""痺證""範疇,認為發病與年老氣血衰退、區域性受寒或勞損有關。",,,"- 1. 針四花上(同側、對側皆效)。
- 2. 針四花中(同側)甚效。
- 3. 花骨二穴有效。
- 4. 針肩中也有效。
- 5. 針腎關特效(對側)(維杰特殊經驗)。
- 6. 針足千金、足五金特效(維杰特殊經驗)。
- 7. 瀉曲陵穴最特效(維杰特殊經驗)。","觀察董師治療**肩痛** 15 例,老師經驗應用中九里最多,常加七里倒馬;有時針肩中。董師治療肩不舉,四花上穴、四花中穴、四花副亦可用。

治療**肩不能上舉**,我個人首取腎關甚效,輕者往往當場即能舉高。腎關對應於肩頸部,除治五十肩特效外,頸肩範圍皆有效。

老師治療肩不能上舉是針天皇,我則是針腎關,腎關、天皇都有效,所以有些學生學了以後就腎關、天皇一起用成倒馬,也是很好,但可以不需要兩穴都針。

針同側四花中也有效,什麼樣的肩不能上舉,針四花中同側有效呢?我們知道左為陽右為陰,有這樣一個陰昇陽降,左陽右陰的次序,右邊肩膀痛針同側就很好,左邊肩膀痛針同側就不如右側,左肩凝(五十肩)我針右腎關,右肩凝我就可以針右邊(同側)的四花中。事實上,左右四花中都可以針,也是有效,因為迴轉速度的關係,只是得效時間快慢而已,也就是說要留針幾分鐘觀察,經過留針5分鐘、10分鐘後開始見效。有時候我們不要太急,很多病,針了後你問他:""好一點嗎?""他會動一動,說:""嗯,沒有效呀,不太好。""那你就留針,只要你認為針對了,隔幾分鐘叫他再動一動,他就會說:""好啦,越來越好。""可是有些醫生不是這樣,沒有效,就換穴位,沒有效再換穴,越換離正確治療越遠,對自己沒有信心的人,最常如此。

治療肩膀不能側伸及後伸,我則以針對側足五金穴為主,針後疼痛即能減輕,若還有一點痛處,可分別找痛點所在三陽經同側之輸穴大白、中白或腕順一,加用作為牽引針,療效更佳。

不論肩不能上舉,還是肩不能側伸及後伸,針後雖然活動度好轉許多,但可能還會有痛點,看看痛點在哪裡,痛點在陽明經就針陽明的輸穴,在少陽經就針少陽的輸穴,加一針牽引針後,不但疼痛減輕,還可以抬得更高。

治療肩膀抬不高,針對側的腎關,或對側的肩中也有效。

我治肩膀抬不起來,瀉曲陵穴最是特效,常用同側曲陵(尺澤)穴貼筋下針, 以筋治筋,採用瀉法,治療嚴重的肩膀抬不起來非常有效,往往一次即能抬高至正常水平,被患者稱為魔術針法。其原理:第一是貼筋治筋;第二,曲陵就是尺澤,即肺經的子穴,瀉這裡就是瀉金,金一瀉,金不克木,木就鬆了。

曲陵在肺經上,用呼吸補瀉法中的瀉法對肺經最直接有效。也就是吸進撥出,逆著呼吸的提插瀉針法:亦即在患者吸氣,相當於肺中多一口氣時我們進針; 在吐氣的時候,肺中少了一口氣時我們出針,逆著它就是瀉。"
12,肩關節扭傷,肩關節扭傷,matched,痛症,第三節頭項上肢部位痛,1723,,,,"- 1. 針法同肩臂不能舉。
- 2. 肩中穴。","治療肩關節扭傷,方法可比擬前項""肩臂不能舉""。"
13,肩痛,肩痛,matched,痛症,第三節頭項上肢部位痛,1736,,"| 肩痛  | 44. 肩中穴 | š. |
|-----|---------|----|
| 肩骨痛 | 77. 七虎穴 |    |","肩中穴治療肩痛,屬等高對應取穴,效果極好。

七虎穴在太陽經與少陽經之間,可治少陽經之肋膜炎,又足太陽膀胱經與肺別通,以下治上,能治肩骨、鎖骨及胸骨病。而且踝太極此處對應胸背。又足之三焦此處對應上焦胸背。基於上述幾點,七虎穴治療肩骨痛、鎖骨炎、胸骨痛及腫脹、肋膜炎頗有效。","- 1. 針法與肩凝相同。
- 2. 腎關、九里穴。","治療肩痛,方法亦可比擬前項""肩臂不能舉""。

#### 臨床常用選穴

- 1. 通腎、通胃、通背穴。
- 2. 九里、側下三里穴。
- 3. 針重子、重仙亦效。
- 4. 針腎關穴甚效(維杰特殊經驗)。
- 十四經效穴:陽陵泉。

#### 【解說】

通腎、通胃、通背三穴治療肩峰痛甚效。通背穴單治背痛即有效。三穴之中,以上面兩穴通胃、通背治療即可。九里穴、側下三里穴亦治肩峰痛,此為老師常用之治法。餘針重子、重仙亦效。肩峰痛之部位肩井穴,屬膽經循行,針膽經之陽陵泉穴甚效,餘用腎關穴亦甚效,腎關穴配合陽陵泉穴,療效更佳,已於肩頸痛項說明。"
14,上臂痛(肩臂痛),上臂痛（肩臂痛）,matched,痛症,第三節頭項上肢部位痛,1775,,"| 肩臂痛 | 33. 人士穴;77. 四花外穴(三稜針黑血)、外三關穴;1010. 玉火穴 |
|-----|----------------------------------------|
| 臂痛  | 33. 天士穴;44. 上曲穴、水愈穴(三稜針)               |","上臂包括肩膀、臂膀,董老師也設了很多穴位,人士、四花外、外三關、玉火等,這些穴都治肩臂痛,至於純粹的臂痛有天士、上曲、水愈等穴。

四花外穴(三稜針黑血)、水愈穴(三稜針)治療上臂痛,系採用刺血法,主要針對有紅腫之上臂痛,或久病有瘀之肩臂痛。

人士穴能治手指痛、肩臂痛及背痛,蓋本穴在前臂三士之全息中偏於上焦,故治療之病偏上。天士穴亦治臂痛,兩穴皆在太陰經上,手足太陰同名經相通,脾主四肢,故能治四肢痛,治肩臂痛。

外三關之中關與足五金接近(屬經穴範圍),能治皮膚病,亦有足五金之療效,治肩臂痛及肩不能左右抬舉。

玉火穴所在之處,為小腸經、三焦經交會區,故能治療肩臂痛,本穴以調血為主,善治血虛血瘀之病。

水愈穴治療臂痛,老師說:""用三稜針針左邊穴治左臂痛;針右邊穴治右臂痛。""這說明是直接治療,等同於阿是療法,老師較少用之,但以刺血為主,因系刺血,周遭範圍內取穴即可,一般用於受傷有紅腫之時。","1. 針對側側三里、側下三里有效。

- 2. 針腎關穴甚效(維杰特殊經驗)。
- 3. 七里、九里甚效。
- 4. 健側的肩中。
- 5. 通腎、通胃。
- 6. 重子、重仙。
- 7. 四花中點刺出血甚效。

十四經效穴:陽陵泉。","董老師喜用七里、九里治療上臂痛甚效。這是基於手足順對,大腿對應上臂。

以健側的肩中治療上臂痛也很有效,這屬於等高水平對應之應用,在穿短袖時應用極為方便。

重子穴、重仙穴治療上臂痛也有效。

我個人常用腎關穴治療上臂痛甚效,治療五十肩及頸肩上臂痛皆有效。這是基於手足逆對之小腿對應上臂。腎關是沒有貼骨的,這點很多人搞不清楚,因為陰陵泉旁的骨頭是斜下來的,腎關在陰陵泉下面一寸半的位置。腎關應是距離骨頭有一個小指頭。

我用對側的側三里、側下三里治療上臂痛亦甚效。這是基於手足逆對,小腿對應上臂。

總之,上臂痛以腎關為主,腎關治療肩臂痛也非常好。另外,大腿對上臂,用九里穴與七里穴倒馬也不錯。或者以等高對應法,針對側的肩中穴也可以,這三組穴位基本都不錯。

此外,十四經之膽經的陽陵泉穴治療肩臂痛也有效。"
15,肘關節痛,肘關節痛,matched,痛症,第三節頭項上肢部位痛,1828,"肘關節及其周圍軟組織的疾病都可引起肘痛。常見者為網球肘,這是一種多發病,網球運動員較常見,故有此名。事實上,本病不只見於網球運動員,尤多發生於需反覆屈伸肘關節及前臂旋前旋後活動的勞動者。如手工業之工人、廚師及家務勞動者。其他經常用力旋轉前臂(如絞扭電線、衣服、毛巾等動作)、腕

部反覆屈伸者,都容易得網球肘。

本病臨床表現具有起病緩慢、病程長的特點。患者自覺患肢工作時肘外側痠痛乏力,持物受限,用力握拳旋轉(如絞毛巾)時加劇,休息時減輕。

網球肘在中醫學屬於肘部傷筋,認為其系因肘部強力屈扭、勞動過極,使經氣及筋膜受損,氣滯血瘀所致,屬於勞損範疇。

由於本病患者與其職業和工作有關,因此在治療過程中,應讓患者改變單一活動姿勢,治療期間患肢應儘量減少活動,避免手提重物。

本病之治療,依經驗針灸最為有效,本病疼痛部位在手臂前面,以陽明經為主,旁及側面三焦經。

高爾夫球肘則因用力角度不同,疼痛部位在手臂後面,手少陰經和手太陽小腸經上,大多發生在用手多的運動員或者勞動者身上,尤其是打高爾夫球用力不當者。","肘關節炎

33. 曲陵穴","董師用曲陵治療肘關節炎,似乎是區域性取穴,不過老師一般在健側取穴,屬於等高對應治療法。據經驗,治療網球肘,也就是手肘陽明經及肺經部位的疼痛較好,對於高爾夫球肘就略遜。董師治療肘痛雖設穴只有曲陵。但老師也有其他治法,可參看下面臨床常用選穴之解說。","- 1. 中九里甚效。
- 2. 四花中亦甚效。
- 3. 針刺靈骨穴特效(維杰特殊經驗)。
- 4. 火腑海穴甚效(維杰特殊經驗)。
- 5. 健側曲後、火腑海穴,配患側靈骨穴,尤其特效。
- 6. 心門治網球肘甚效。
- 7. 側三里、側下三里有效。

補充奇穴:曲後(後曲池)。","肘痛可分為網球肘及高爾夫球肘。網球肘多見,痛在前面,高爾夫球肘是痛在後面。

治療網球肘,我最常用對側,也就是健側的曲後穴(即在曲池穴後貼骨)為主,加一針患側的靈骨作牽引,這樣兩針就很有效。

火腑海穴治療網球肘亦甚效。也可以靈骨穴配火腑海,火腑海穴筋肉並治, 靈骨穴治骨,合用效果極佳。

網球肘可以說是筋骨肉並病,因此,以健側火腑海穴配合曲後穴倒馬針,加患(同)側的靈骨穴牽引,又能加強治骨治筋之作用,治療肘痛,療效更佳更快。我以此法治癒數十例病患,皆在極短期間內即治癒,其中有不少網球運動員。

治療高爾夫球肘,我有時也用側三里穴、側下三里穴,這兩個穴治療範圍比較大,因高爾夫球肘疼痛部位在小腸經,針對側即健側之心門穴也甚效,不論側三里穴、側下三里穴或心門穴,都可以加患側腕順一穴做牽引,效果尤佳。如果用小腸經的腕骨或後溪來牽引,那就更好。

側三里、側下三里治療網球肘及高爾夫球肘皆特效。兩穴的位置在下肢骨骼的腓骨和脛骨之間,對應特效部位在上肢骨骼的尺骨和橈骨之間,可治此區域的各種疼痛。餘在臨床上已有甚多的療效證明。這是等高對應及手足對應理論的應用。

董師治療肘痛有時以外三關之中穴為主,也類似側三里和側下三里的作用。對於腫痛瘀血者,老師則在同側腳背放血為主。

#### (一)董師原書設穴

| 肘臂腫痛難動 | 44. 人宗穴                 |
|--------|-------------------------|
| 手臂痛    | 55. 花骨二穴;1111. 雙河穴(三稜針) |
| 手前臂痛   | 33. 火串穴                 |
| 心經之臂痛  | 88. 上九里穴                |

#### 【解析】

手前臂痛,董老師書中的設穴也很多,有人宗、花骨二穴、雙河、火串、上九里等。火串較常用,火串就是支溝,治手前臂痛,確有卓效,此屬等高水平對應運用。**花骨二穴**治手臂痛,尚能治手臂不舉,甚效。花骨一、二、三、四,依次排列,其主治有太極全息觀在內,花骨一治頭眼眉,花骨二治上肢,能治手臂痛。

人宗穴治肘臂腫痛難動,主要是治療肘關節腫痛影響附近之上前臂痛。

雙河穴(三稜針)穴組能治手臂痛、肩背痛。不必六穴皆取,最主要者為第十七椎旁之華巢為主,肩背部疼痛與小腸經關係最密切,華巢穴在小腸俞旁,與小腸相關,為治療手臂痛、肩背痛要穴。以刺血治療,效果尤佳。刺血時可取華巢為主,然後再取上下一穴,最多三針,有莫失其穴及加強效果之作用。

上九里穴治療所謂心經之臂痛,本穴之作用機理,由於少陽主骨治骨,與腎相應。裡層近骨,骨髓主血,與心血相應,所以善治血循不順之臂痛。

#### (二)臨床常用選穴

- 1. 針對側側三里、側下三里有效(維杰特殊經驗)。
- 2. 對側火串穴。

#### 【解說】

側三里、側下三里治療前臂痛,效果很好,這是手足對應理論的應用。小腿對應前臂,側三里、側下三里治療前臂痛,包括從剛才網球肘的部分,一直到前臂的前面,其實側三里、側下三里都有效,這兩個穴位對於手腕痛也有效,治療的範圍很大,肘、臂、腕都有效,腕管綜合徵我也常用,因為側三里、側下三里有個正象、倒象的問題。

對側火串穴治手前臂痛,確有卓效,此屬水平對應運用,老師用火串穴治前臂痛,我則採用對應遠針,針側三里、側下三里。

#### (一) 董師原書設穴

| 手掌及手指痛 | 33. 人士穴 |          |
|--------|---------|----------|
| 手痛     | 44. 人宗穴 | * ** = 1 |

#### 【解析】

老師講手掌及手指痛可用人士穴,但是沒有強調是不是能握物,在手上的人士、在上臂的人宗穴皆能治手腳四肢痛,皆位居該部位三才定位之下部,屬三焦之上焦(前臂之人士治手痛、肩臂痛;上臂之人宗治腳痛、手痛),皆在太陰經上,手足太陰同名經相通,脾主四肢,故能治手痛及手指痛。

#### (二)臨床常用選穴

- 1. 針健側之側三里、側下三里(維杰特殊經驗)。
- 2. 重子、重仙穴(維杰特殊經驗)。
- 3. 腎關穴。

#### 【解說】

臨床我常常用健側的側三里、側下三里治手痛,從前面的肘痛,到手背痛,一直到手痛,都可以治,側三里、側下三里應用的範圍是很大的。針腎關穴亦甚效,這都是手足對應理論的應用發揮。

手臂痛不能握物,我經常針健側重子、重仙,這兩穴治療手掌及手指痛極為有效,這是等高水平對應的運用。我治療過幾位這類病患,有一位先生有書痙,他忽發手痙攣不能握東西,我就針對側的重子、重仙,效果不錯。

手痛不能握物,針腎關穴也有效,但如果病患有肩膀抬不起來,同時又有手痛不能握物,那最好是一穴兩治,當然就取腎關穴。一般單是手痛不能握物就採取等高對應,針對側的重子、重仙就可以,這個我應用的甚多,因為抓起手來就可以針,取穴較為方便。如果牽涉的範圍比較大,不但手痛,可能手背、肘都痛,那就用側三里、側下三里。"
16,腕關節痛,腕關節痛,matched,痛症,第三節頭項上肢部位痛,1947,"腕關節痛,尤其是腕管綜合徵,系因腕管內屈指肌腱發炎、腫脹、增厚,壓迫腕管內的正中神經時產生刺激而致,多見於木工、油漆工、廚師、家庭婦女等手工操作者。一些妊娠婦女也可發生腕管綜合徵,但產後大多不治自愈。30~60歲的女性,發病率是男性的5倍。糖尿病、甲狀腺功能減退、肥胖、風溼病和雷諾病者,罹患此病的機會更大。現代人因每天應用計算機時間過長,或打計算機時姿

勢不對,罹患此症者反成為多數。

本病主要表現為患側手的活動笨拙,拇、食、中三指和無名指一半有感覺遲鈍(麻木)、針刺感、麻感、疼痛,深夜疼痛劇烈以致痛醒,握拳乏力,腕指稍活動後可減輕。嚴重者晚期可出現掌部魚際萎縮,肌力減退和拇、食、中、無名指的橈側一半感覺消失。

對於本病之治療亦以針灸為佳。","手腕手背痛

44. 水愈穴(三稜針出黑血)","腕關節痛,老師原書寫的是手腕手背痛用水愈,水愈就在靠肩膀下面一點的地方,用三稜針刺血,刺血要脫掉上衣,不是很方便。手腕手背痛取水愈穴(三稜針出黑血),應是有紅腫,或久病有瘀的狀況下使用。一般疼痛則無需大費周章地在肩部刺血。","- 1. 五虎一。
- 2. 針側三里、側下三里特效(維杰特殊經驗)。
- 3. 腕順一、二甚效(維杰特殊經驗)。","治療手腕手背痛還是用側三里、側下三里。

治療手腕手背痛,如系偏於陽明部位,針五虎一甚效,可取健側五虎一為治療針,患側五虎一為牽引針。如系偏於太陽部位,針腕順一、二甚效。

至於側三里、側下三里,對於整個手腕部位的疼痛皆有效。側三里、側下三里治療的範圍很廣,包括了肘、臂、腕、手,都可以治。

治療腕管綜合徵,常取五虎一、側三里穴為主。

董師經驗治療手腕痛,天皇、地皇也常用,液門亦時而用之。"
17,橈骨莖突腱鞘炎,橈骨莖突腱鞘炎（媽媽手）,matched,痛症,第三節頭項上肢部位痛,1989,"橈骨莖突部狹窄性腱鞘炎多見於手工勞動者和家庭婦女,寫字較用力的作家或新聞從業人員亦多見。

主要症狀為患者橈骨莖突部疼痛,拇指伸展不利,不能提重、倒水。疼痛有時可向前臂放射,嚴重者橈骨莖突部會發生腫脹,有時可捫到黃豆大小的壓痛硬結。

對於此病的治療,針灸最具特效。治療期間,應減少拇指和腕關節的活動,並避免寒冷的刺激,如用護腕固定則能更快痊癒。

治療本病常用的特效一針療法以五虎一穴為主,其他還有腎關、側三里等。",,,"- 1. 五虎一穴甚效(維杰特殊經驗)。
- 2. 側三里穴有效(維杰特殊經驗)。","腱鞘炎多半是指橈骨腱鞘炎,疼痛的主要部位在橈骨莖突部,即手的大拇指後面,陽溪穴旁邊這根筋,偏於手太陰及陽明部位,針五虎一甚效,可取健側五虎一為治療針,患側五虎一為牽引針更佳。行動氣針法時,要注意,由於向外翻會痛,內翻也會痛,所以針了五虎一後,動氣針法只能叫病人手腕左右水平搖擺,不宜上下屈伸。

針刺側三里穴亦有效,也可加患側五虎一穴做牽引。

腱鞘炎並不難治,但有些麻煩,針了五虎一後就會輕鬆,如果你在同側的五虎一也加一針,一邊是治療針,一邊是牽引針,馬上就不痛。但問題是:有些病人第二天來說更痛了,為什麼?紮了針以後當時是不痛了,等這個針效一過後,他更痛了。這就像很多人治別的病也是如此,病治了以後當時不痛了,第二天來了說更痛,這就是病人沒有休息好。所以一定要告訴病人患處多休息,因為病人常常紮了針,痛被壓下來,他就忘了痛了,結果活動度很大,第二天來就更痛了,做醫生心裡要有準備,最好跟病人先講清楚。還有就是別亂吃,像涼的、花生、糯米等都要忌,尤其是糯米,雖然對中氣很好,對孕婦很好,孕婦就希望氣在中間固

胎,可是關節痛的就不能吃糯米,他的氣在中間不往四面跑,經絡氣不足不通,關節就會更痛。這就如同暈針時為什麼馬上要喝口水,喝水以後氣往中間消化,經絡的氣就弱了,就不暈了。

治療腱鞘炎最好叫病人回家用一塊布纏住保護它,因為我們平常做事不注意,手就彎了,那就白針了,他一彎就又痛了,所以紮了針以後要用護腕固定,大拇指及食指就不會動,兩三次就好了。治療腱鞘炎並不難,針對側的五虎一一針為治療針,同側的五虎一一針作牽引,然後叫他活動的時候,就左右搖擺。治療的原則就是要注意休息並固定保護。"
18,指關節痛,指關節痛,matched,痛症,第三節頭項上肢部位痛,2018,"- 1. 針五虎一特效(維杰特殊經驗)。
- 2. 針人十穴有效。
- 3. 針側三里、側下三里有效。",,,,"治療指關節痛,包括五指皆痛,或任何一個指節痛,都可以取健側的五虎一作為治療針,以患側五虎一為牽引針甚效。針人士穴亦有效。針健側側三里、側下三里亦有效。

常常碰到整個手的指關節皆痛,一般就是類風溼關節炎,以晨僵為特徵,治療此病,我常常在兩邊的五虎穴扎針,因為他十個指頭都痛。其次就是針腳上的腎關、人士有效,但我常用腎關,腎關治療手指痛挺好的,腎關配五虎治類風溼關節炎,效果不錯。

類風溼關節炎嚴重者往往手指變形,可從調整血液迴圈著手,針通關、通山穴,或者只針腎關穴,加五虎一穴作為牽引針尤佳,蓋五虎一穴既為牽引針,也是治療針。"
19,食指痛,食指痛,matched,痛症,第三節頭項上肢部位痛,2032,,"大指及食指痛

66. 海豹穴","食指痛老師用海豹穴,這個穴在足部胟趾上,此處圓滾滾的,像個海豹,所以名之為海豹穴。海豹穴在足部大趾脾經上,透過太極手足順對,及手足同名經相通,治療大指及食指痛甚效。","- 1. 針刺健側的五虎一穴特效(維杰特殊經驗)。
- 2. 針刺四花中穴效果也不錯。
- 3. 類風溼關節炎之指痛常用通關、通山穴來治療。","大指及食指痛,針健側的五虎一穴有效,這個五虎一對十個指頭痛都有效,但對大拇指、食指特效。食指痛針刺四花中穴,效果也不錯,因為四花中穴是陽明經的穴位,食指是屬手陽明經,手足陽明互通,但據經驗四花中穴針同側較好。"
20,扳機指,扳機指,matched,痛症,第三節頭項上肢部位痛,2056,"手指屈肌腱鞘炎,又稱""扳機指""。包括拇指長肌腱鞘炎和 2~5 指屈指肌腱鞘炎。其症狀為近掌指關節處疼痛,屈指或伸指因疼痛難忍而停留於半屈曲狀態,不能伸屈,需用健側手扳動才能屈伸,此時可出現扳機跳動感,且有彈響,故稱""扳機指"",亦稱""彈響指""。

本病多因慢性勞損所致,使手指屈肌腱鞘磨損、充血、水腫、增生而致腱鞘狹窄,壓迫肌腱、擠壓而成葫蘆狀改變(區域性可觸及大米粒大小之硬結),稱為筋結,胖大的筋結欲透過狹窄的腱鞘便產生疼痛,手指屈伸受到限制,此時加外力增大患指屈伸幅度,則筋結來回透過狹窄的腱鞘而產生劇烈的疼痛,併發出彈響。",,,"- 1. 五虎一穴。
- 2. 瀉曲陵。

十四經效穴:外關;井穴點刺。","扳機指可以發生在任何一個手指,針五虎一皆有效,配合在曲陵瀉針,效果頗佳。也可以在發生扳機指的手指井穴點刺,亦能加速痊癒。

該病並不少見,多因慢性勞損所致,所以要適當休息,不要重複用手指做同一個動作。

扳機指常在該指下連結手掌的指根處或掌面上有筋結,可以自我按摩,好得更快。

# 第四節下肢部位痛"
21,坐骨神經痛,坐骨神經痛,matched,痛症,第四節下肢部位痛,2081,"坐骨神經痛是一個常見的綜合徵。患者多為成人,坐骨神經來自腰 4~5、骶 1~3 脊神經根的骶叢,分佈於下肢後外側。在其通路上出現放射性疼痛為坐骨神經痛。主要症狀為疼痛多由臀部或髖部開始向下沿大腿後側、膕窩(腿彎)、小腿後外側直至足的外側,呈燒灼樣或針刺樣疼痛。

坐骨神經痛是腰椎間盤突出的典型症狀,常和腰痛同時出現,或者出現在腰傷後數小時至數日內。

平臥時,患側下肢無法抬高 40°~50°,甚至更少時即腰痛,並向下肢放散,這個症狀對診斷椎間盤突出有決定性意義。

因受累神經根的不同,下肢部的疼痛和感覺障礙範圍也有區別。如腰 4(少見)為大腿和小腿前內側至足內緣;腰 5(多見)沿小腿前外側至足背;骶 1(多見)為大腿後、小腿後外側至足外緣。

本病中醫學稱為""臀股風"",屬""痺證""範疇,如""腰似折,髀不可以曲,膕如結,踹如裂""即屬足太陽經症;如病痛偏於下肢外側,則屬足少陽經症;少數腰連大腿前部痛,為股神經部分受累,屬足陽明及足太陰經症。

針灸治本病有立刻止痛緩解症狀之效,臨床經驗以董氏奇穴靈骨、大白最實用,各型腰腿痛皆能治療。

遠處取穴,則有後溪、腕骨(此兩穴治太陽經坐骨神經痛)、中渚、下白(此兩

穴治少陽經坐骨神經痛)等,對急性病痛尤為適宜。","| 肺機能不夠         | 22. 大白(肺機能)、靈骨(肺機能);88. 駟馬中[肺機能單足)]、上[同中(單足)]、下[同中(單足)];1010. 州圓、州昆、州侖 |  |
|---------------|------------------------------------------------------------------------|--|
| 肺衰弱之          | 99. 金耳                                                                 |  |
| 肺經之           | 1010. 州金                                                               |  |
| 心經之           | 1010. 玉火穴                                                              |  |
| 腎臟性之          | 22. 中白、下白                                                              |  |
| 腎虧之           | 22. 腕順一、腕順二                                                            |  |
| 肺肝功能不全<br>引起者 | 44. 下曲、上曲                                                              |  |
| 血管硬化          | 1111. 金林                                                               |  |
| 坐骨神經痛         | 22. 上白;33. 手五金(肝)、手千金、火腑海;66. 花骨三、花骨四;77. 正士、四花外穴(三稜針黑血)               |  |","董師治療坐骨神經痛,設了許多穴,該如何選擇?在《董氏針灸正經奇穴學》原書中,治療坐骨神經痛之設穴有肺腎心肝之不同,還有血管硬化之坐骨神經痛,頗為複雜。一般讀者,不知從何用起。

觀老師所列之穴位,與肺有關者最多,包括肺經之、肺衰弱之、肺機能不夠等。其實董師經驗治療坐骨神經痛,最常用靈骨、大白。幾乎十之八九的病人來看診,都是針靈骨、大白,不論太陽經走向,或少陽經走向的坐骨神經痛,都能治療。但觀察老師下針次序,皆是先針靈骨,再針大白,因此靈骨是主穴,大白是副針,老師其次常用心門,有時也用水金、水通。還有就是在委中或背部金林穴點刺出血。","- 1. 靈骨、大白穴特效。
- 2. 鼻翼穴針刺特效(維杰特殊經驗)。
- 3. 委中穴青筋點刺出血。
- 4. 金林穴點刺出血。
- 5. 手五金、手千金。
- 6. 心門穴。

十四經效穴:太陽經走向的疼痛:針腕骨、後溪倒馬;少陽經走向的坐骨神經疼痛:針外關、支溝倒馬。","根據經驗,靈骨、大白確實是治療各種坐骨神經痛的第一特效穴。兩穴皆貼骨進針,能對應通於腎,透過""大腸與肝通"",又能治肝筋之病,可謂筋骨皆治。餘以治療肝筋之藥治療坐骨神經痛甚效,是同樣道理。

從張穎清第二掌骨之太極全息來看,正象對應則靈骨穴治下焦腰腿,倒象大白亦能治下焦腰腿,可以說兩穴皆能治療下部腰腿疾病(包括坐骨神經痛),合用則效果極佳。

從餘之太極全息觀手軀順對來看,手指對應陰部,手掌則對應髖部及下腰, 因而能治療坐骨神經痛。又從手足逆對來看,手亦與髖部對應,也能治療坐骨神經痛。因而以手部之靈骨、大白治療該病,當然特效。

綜合手太極與腕太極,則大白為腰臍線,靈骨在腎髖線,兩穴合用可治療腰髖為主的病變,這也是兩穴可以治療坐骨神經痛特效的原因。

坐骨神經痛多為久痼寒邪,所謂""治下焦如權"",針藥同理,因此取穴靈骨、大白,應深刺入地部,並久留針,扶谷氣正氣,如此,療效才能強大而持久,深度不夠、留針不長,療效就稍差,而且不能持久。

我的特殊經驗,鼻翼穴是僅次於靈骨、大白的常用效穴,在老師的書裡面,治療坐骨神經痛雖然有很多穴可選,但沒有鼻翼,鼻翼穴是我個人發展的,取穴方便,留針不影響工作。鼻翼跟陽蹺脈有關,蹺是高的意思,抬腿無力就可針陽蹺脈。此外,鼻翼位置與馬金水在同一水平,在腎髓線上,這也是該穴能治療腰腿痛的原因。

我用鼻翼穴治療坐骨神經痛很有效,治療胯骨痛特效,很多坐骨神經痛偏於側面的高位,不只是側面大腿、小腿痛,就連上面的胯骨也痛,針鼻翼非常好。如果只是側面後面痛的話,針靈骨、大白就夠了,但是已經側面痛就再加一個鼻翼更好,靈骨、大白前後都治,但比較偏於後面太陽經,鼻翼也都治,但比較偏於側面少陽經,如果兩者都有的話,就鼻翼跟靈骨、大白一起針。

治療坐骨神經痛,我的經驗,加牽引針會更好,靈骨、大白治坐骨神經痛可以好個七八成,如果它是足太陽經的走向,也就是後面的臀部、大腿、小腿痛,加一個患側的束骨作牽引,如果是側面比較痛,足少陽經走向,那就加一個患側的臨泣作牽引。這都是以輸穴為主,如果後面側面都有,就束骨與臨泣各一針。

有時為了加速醫治因骨刺引起的坐骨神經痛,可以在委中穴放血,刺血對於治療較複雜有壓迫性的坐骨神經痛,效果非常好。

手五金(肝)、手千金兩穴治療坐骨神經痛亦甚效。兩穴在前臂上,在手太陽與手少陽中間,筋下骨旁,進針貼筋貼骨,可筋骨並治而通於肝腎(靈骨、大白在大腸經,別通於肝,貼骨應腎,則肝腎並治,其理相同),但是它沒有靈骨、大白方便,還得挽袖子。

至於十四經的穴位,可以取腕骨、後溪倒馬治太陽經的坐骨神經痛,外關、支溝倒馬治少陽經的坐骨神經痛。

### 臨床常用選穴

- 1. 針三叉三穴特效(維杰特殊經驗)。
- 2. 心門甚效。
- 3. 金林穴點刺。
- 4. 七里、九里穴。

### 【解說】

董師經驗治療大腿痛以心門為主,其次取中九里。在金林穴點刺亦效。

治療大腿痛,餘之經驗三叉三穴非常有效,《靈樞·邪客》篇:""脾有邪留於兩髀。""髀,即大腿,也指大腿骨。三叉三穴能補脾,治大腿很好。穴從三叉三透過中白抵達下白,透過多穴,包括了少陽經穴、太陽經穴、少陰經穴。若為胯骨痛,針一重穴甚效。

七里、九里針治對側的大腿,是等高對應的應用,但最好還是針三叉三,整個大腿痠痛都有效。

在背後金林穴刺血治大腿痛,治療久痛及有瘀者更佳。"
22,腿冷痛,腿冷痛,matched,痛症,第四節下肢部位痛,2180,,,,"- 1. 針木火穴(維杰特殊經驗)。
- 2. 針肩中穴及九里穴。
- 3. 雙鳳穴點刺出血。
- 4. 針通天、通胃穴。
- 5. 靈骨、大白有效(維杰特殊經驗)。","腿冷痛,包括大小腿,可以針木火穴,因該穴有溫陽作用,相當於心包經的滎穴,屬火中之火,溫陽甚好,該穴也是治療半身不遂很重要的穴位。靈骨、大白有木火之性,亦有溫陽作用,針之亦有效。針通天、通胃穴能強心活血,也能治腿冷痛。針肩中穴及九里穴治療腿冷痛,以痛為多。

雙鳳穴在第二椎旁開一寸半連續好幾個穴位,以刺血為主。我一般不刺血, 久病才考慮刺血。

## 臨床常用選穴

- 1. 針三叉三穴甚效(維杰特殊經驗)。
- 2. 針肩中穴。
- 3. 針七里、九里穴。
- 4. 針水通、水金穴。
- 5. 背面穴的周圍刺血甚效。
- 6. 金林穴點刺。

### 【解說】

治大腿痠痛老師最常用肩中穴,尤其是治療大腿抬不起來;大腿中外側痛則針七里、九里穴。針對側七里、九里有等高對應的作用,金林穴點刺治大腿痛甚效,優點是不需留針,但要脫衣較不方便。

董師經驗治療後腿筋痛,針腕順一、二穴;治療大腿不舒服,老師也用十四經之大陵、內關。

維杰特殊經驗:治大腿痛最常用三叉三,這是我個人的經驗,在老師的時代雖有三叉三,但效用還在驗證中,而且位置也不是我現在應用的三叉三。針此穴有一點小技巧——用管針進針,因為它的穴位就是一個管針大的針孔,用管針一壓靠,就壓出一個圓圈來,這樣一下針就進去了,很好進,進去以後還可以進很深,如果針不對就進不深,要拉出來一點,改變位置再進。

我讀大學的時候,學校每年都有新生杯的各種競賽,學弟學妹在集訓的時候,大腿都痠痛得很,他們知道我會針灸,就找我扎針,我就每個人給他們針三叉三,效果很好,同時因為練得很疲勞,眼皮也沉重,針完此穴,眼皮沉重也就跟著好了。總之,大腿痛三叉三是很好的穴位,其他穴都沒這個好。

治大腿痠痛其次常用心門,此穴治大腿中外側痛及鼠蹊(腹股溝)痛尤佳。"
23,膝蓋痛,膝蓋痛,matched,痛症,第四節下肢部位痛,2221,"膝關節是人體中活動量多、負荷量大的關節之一,損傷及疼痛的機會很多。損傷性滑膜炎較其他關節多見。

本病臨床表現為膝關節疼痛、腫脹,勞累後疼痛加重,休息後減輕。

變形性膝關節炎又稱增生性膝關節炎、退化性膝關節炎等,屬於中醫的""痺證""範疇。原發性者老年人居多,繼發性者任何年齡均可發生。

初起膝關節痠痛,活動不靈活,清晨起床或久坐後站起時最明顯,活動片刻後可以緩解,但活動過多或站立負荷時間過長,又覺膝關節不適。步行過久亦會加劇疼痛。上下樓梯困難,尤其是下樓或下蹲時痛更明顯,這是該病最大特徵之一。嚴重時,休息也感疼痛,甚至影響睡眠。寒冷和潮溼會使疼痛感加劇。若再加上形體肥胖,則行動困難,甚至跛行。

中醫認為本病系內傷於肝腎不足,外感於風寒溼邪,氣血失和或跌僕損傷及慢性勞損,均可導致氣血執行不暢,針灸則宜密集連續治療並配合刺血較佳,取穴以董氏奇穴之削骨穴最特效。

中醫認為""膝為筋之腑"",因此主筋之肝經行間、太沖治療膝痛皆極有效,內關穴在兩筋中間,透過手足厥陰相通於肝,治療膝痛亦極有效。","膝痛

11. 大間、小間、中間、火膝、心膝;22. 重仙;44. 肩中;99. 火耳(心臟衰弱之膝蓋痛);1010. 玉火;1111. 三金","治療膝蓋痛,董老師設了這麼多穴位,有大間、小間、中間,火膝、心膝、重仙、肩中、火耳、玉火、三金等,其實老師用得最多的就是其中兩三個穴。董老師常用膽穴,中指第一節兩邊的膽穴,這是老師的經驗,是我親眼看到的,老師的書中,膽穴並沒有寫出治膝蓋痛,原來書上只是寫的治小兒夜哭,火膝穴在中指上第二節的兩邊,老師書上寫的則是治膝蓋痛,兩穴都在心包經上,透過心包與胃通,治療膝痛都很有效。

另外,老師也常用肩中穴,老師用肩中不脫衣服,就隔著衣服進針,四十年前可以這樣做,當時連酒精都不擦,用的針一般是 26 或 28 號,很容易穿透很厚的衣服,冬天也沒問題,現在就不能如此,非脫衣服不可。

對於嚴重的、時間較久的,或者趕時間的,老師就在其背後的三金點刺,三金穴包括三個穴,就是第三、四、五椎旁開3寸各一穴,相當於膀胱經的魄戶、膏肓、神堂,但最主要的應該是中間的膏肓,膏肓就在厥陰俞旁邊,厥陰俞當然與心包經有關係,這也是啟發我為什麼用內關穴來治療膝蓋痛的原因。

既然這三個穴裡面最重要的是膏肓,那為什麼上下也針呢?董氏奇穴是區間取穴,寧失其穴,莫失其經,三個穴並取就容易定穴位,而且一起用針可以把穴位包圍住。","- 1. 肩中穴特效。
- 2. 火主穴特效(維杰特殊經驗)。
- 3. 心門穴特效(維杰特殊經驗)。
- 4. 三金穴點刺對久年膝蓋痛特效。
- 5. 膽穴特效。
- 6. 四花中、下(貼骨削骨針)。
- 7. 中間穴。

- 8. 木火穴。
- 9. 針單側通天、通山穴。

十四經穴:內關、行間穴。

董師常用:①膽穴:②肩中:③三金。

維傑經驗:①心門;②火主。","上述 1~5 項都非常實用有效。木火穴治療膝蓋冷痛。

隨師觀察多例,董師經驗治療膝痛已如前述,常用的是膽穴及肩中穴,其次心膝穴、肺心穴亦用。此外,久病重病則在三金穴刺血。

我個人治療膝痛,有兩組特效針,一組是奇穴,一組是十四經穴。奇穴最常用的穴位是火主、心門,火主配心門就是我的第一組膝痛楊二針,我的經驗,目前應用心門穴最多。老師的書上沒有寫心門能夠治膝蓋痛,我是如何想到的呢?第一個是對應關係,肘對膝,但不可能針在肘骨上,緊貼著肘骨是不容易針進去的,要稍往前一點(向手腕方向),也就將近心門穴的位置了。心門治療什麼樣的膝痛特效呢?我們知道膝蓋痛有很多是退化性關節炎,就是滑囊液不足,這在中醫就是津液不足,《靈樞·經脈》篇說""小腸主液""""大腸主津"",往外流的是津,往內流的水分是液。所以滑囊液不足就跟小腸經有關,心門在小腸經,可以治療滑囊液不足,尤其是退化性關節炎,對於長骨刺的特效。這種應用包括了三個治療原理:一是肘對膝,二是貼骨治骨,三是小腸主液。

火主治療膝痛也甚效,但我多用患側,還能治療抬膝無力。這是因為考慮到古人治療膝蓋痛最常用的穴位,一個是行間、一個是太沖。從古針灸歌賦分析,古人較多的是遠處取穴,取行間穴最多。另外,古人治療腿痛難伸,行步困難,最常用太沖,膝蓋痛也會行步艱難,如果再加上腿痛的話,針太沖就有效。想到膝蓋痛跟骨頭有關,跟退化性關節炎有關,所以我就把太沖穴往後移至貼骨,就變成火主,如此還能以骨治骨。火主配心門治療膝痛更好,以健側的心門,配患側的火主,這一組配穴我已經治療過百例以上的膝蓋痛。

古人治療膝蓋痛也有在近處針陽陵泉、陰陵泉的,但比例很少,只有《席弘賦》《玉龍歌》這麼用。

在十四經方面,我最常用內關穴,這是我獨特的經驗,已經用了四十多年了。

內關穴可以說是治療膝痛的特效穴,配患側行間,或者配太沖牽引更有效。內關配太沖是我治療膝痛的另一組楊二針,當年我就是用這組配針治癒了國畫大師張大千的膝痛。

有時為了方便患者運用動氣針法,可以針內關配間使倒馬,讓患者走路活動,效果也不錯。

至於用董氏奇穴治療膝痛,我個人的經驗就是火主配心門,這是最好用的, 這兩個穴位在董老師的書裡都沒有寫來治膝蓋痛,可是我用的很多。一般來講, 膝蓋痛有上坡痛和下坡痛,下坡比較痛多半都是長骨刺,那是絕對要貼骨比較好,就是心門配火主,如果只是一般的膝蓋痛,走路痛、抬腿痛,那用內關配太沖就可以了。

退化性關節炎長骨刺,針四花中穴、下穴,緊貼著骨頭下針,叫做削骨針,效果也不錯。

膝痛在三金刺血,療效也很快,重病或爭取時間不留針,我也偶爾在三金刺血。也可以作為其他穴位的加強療法,加速痊癒。

膝蓋痛有時候看起來很嚴重,病已很多年,可是治起來還是很快的。"
24,小腿脹痛(痠痛),小腿痛,matched,痛症,第四節下肢部位痛,2304,,"| 小腿痛     | 44. 天宗穴、李白穴;1111. 精枝穴(三稜針) |
|---------|----------------------------|
| 小腿脹疼(痛) | 11. 肺心穴;44. 上曲穴            |
| 腿痛      | 88. 中九里穴、下九里穴              |","董老師治療小腿痠痛(包含抽筋),常用肩中穴,老師書上寫的是李白、雲白、天宗、上曲等穴,這幾個穴都在肩膀,肌肉豐厚,針之有健脾作用,善治小腿無力。肩中也在肩膀,比較好找,位於整個肩膀的正中央。另外,就是在精枝穴放血,精枝在第二椎及第三椎旁開6寸。

肺心穴能強心,故能治小腿脹痛。至於中九里穴、下九里穴,鎮定止痛作用極強,亦極廣泛,治療小腿痛甚效,老師常倒馬並用。","- 1. 針次白穴特效(維杰特殊經驗)。
- 2. 針肩中穴。
- 3. 精枝穴放血尤佳。","對於小腿脹痛、痠痛、抽筋,我個人應用次白穴,效果非常好,次白穴在第三、第四指節合縫後面 5 分,即一個小指的距離,其次用三叉二穴也不錯,原理是一樣的。"
25,七、腳痛,腳痛,matched,痛症,第四節下肢部位痛,2331,,"腳痛

22. 靈骨穴;33. 手五金穴、手千金穴;44. 人宗穴、李白穴;66. 火菊穴","腳痛,老師的設穴也很多,靈骨可以治腳痛。在手掌全息中,靈骨對應腿腳,可以治坐骨神經痛,也能治腳痛、足跟痛。坐骨神經痛多半都是大腿、小腿痛,有少部分痛到腳,如果是大腿、小腿、腳都痛,可以用靈骨、大白,也可用手五金、手千金。手五金、手千金治坐骨神經痛也可以治腳痛,這樣就多了一種選擇。

人宗、李白這些在肩膀的穴位可以治到腳,這可從太極對應之手足逆對了解,肩膀倒過來與腳對應。","- 1. 九里穴(維杰特殊經驗)。
- 2. 五虎三穴、四穴(維杰特殊經驗)。","治療腳痛,取九里穴甚效。很多人腳痛不能踩地,踩地那一剎那很痛,九里穴的確很好。如果是一般的腳痛,走路也痛,平時也痛,我就用五虎三、五虎四最好,腳趾痛我是用五虎三,整個腳掌痛的時候我則以五虎三、五虎四一起倒馬,如果是足跟痛,就用靈骨穴,或者用五虎五穴。

三叉三治腳痛也有效。"
26,腳踝扭傷,腳踝扭傷,matched,痛症,第四節下肢部位痛,2358,"急性踝關節扭傷,多由於足部突然過度的內翻或外翻,常在走路尤其是高低不平的路面,或者在運動時突然發生,扭傷後踝關節周圍常有腫脹、壓痛及瘀血,是一種關節損傷的常見病。本節所述穴位及針法同樣適用於其他踝關節疼痛,包括慢性及長期踝關節疼痛。","足外踝痛

22. 中白穴(鬼門穴)、下白穴","足外踝痛,老師用中白穴或下白穴,以對應原理來看,下白穴較好。","- 1. 針小節穴特效(維杰特殊經驗)。
- 2. 針五虎四、五虎五(維杰特殊經驗)。
- 3. 委中穴點刺出血特效。

十四經常用的特效一穴有:①外關;②陽池;③委中(刺血)等穴。","腳踝扭傷,董老師原來的穴位有中白、下白,早期我用過有效,但是後來我研究出小節以後,這兩個穴位就不再用了。小節治腳踝扭傷,不論是外踝內踝,都非常有效,要把大拇指握在掌裡面貼著骨頭進針,原理其實也是一種對應,要針對側,只要腳踝沒有腫脹,可立即見效,如果有紅腫,多半是剛扭傷,針過了回家因為腫沒有消,又痛了,所以剛剛扭傷可以先針解穴,幫助消腫,嚴重的話就在委中點刺。

如果沒有紅腫,縱然已痛了多年,針小節穴常常一針就好了,病人會覺得很神奇。

關於小節發現的過程,我有一篇文章,很長,這裡簡單說說。我們知道土水上中下三穴,如果是倒向的話,土水上對應下焦,再往前,就是往五虎方向貼骨, 我叫做土水前,就能治療足跟痛,及腳踝痛了。五虎穴也是一樣,五虎五穴可以

治療足跟痛,那五虎五再往後,又貼骨,五虎五的後面,稱作**五虎後**,它也治療腳踝、足跟痛。土水上穴的後面(土水前)貼著骨可以治足跟、腳踝,五虎五的後面(五虎後)也可以治療足跟、腳踝,那麼直接在這兩個穴的中間扎針,就更特效,等於是兩個治療腳踝、足跟痛的特效針融在一起了,一穴解決,這樣小節穴就研創出來了。當然這只是簡單的提要,不是那麼簡單,但原則上是這樣。

小節穴治療內踝、外踝疼痛都很有效,原因是它在肺經上,手足太陰經肺脾相通,這就能治內踝,因為脾經是走內踝正中央上到三陰交的。至於外踝,照道理說應該是膽經走過,但是很多人痛點都在膀胱經往後一點,肺與膀胱經別通,所以治療外踝也有效。由於是在手上遠距離用針,穴位距離遠,放射得遠,範圍就大,內外踝都治療。治療腳踝扭傷,掌握一個小節就夠了,不少婦女穿高跟鞋扭傷,有人很久的腳踝痛都治不好,針小節當場一針就好。

腳踝扭傷,五虎四、五虎五也都有效,這也是我個人的經驗。"
27,腳趾痛,腳趾痛,matched,痛症,第四節下肢部位痛,2396,,,,五虎三穴(維杰特殊經驗)。,"董老師沒有列出治療腳趾的穴。治療足跟痛列了一個火全穴,治療腳趾痛我用五虎三穴很有效。這首先是基於手腳相對,其次是微太極,五虎穴成全息排列,五虎一治手指,五虎三治腳趾,當然也是經驗累積才這樣應用的。"
28,足跟痛,足跟痛,matched,痛症,第四節下肢部位痛,2406,"足跟痛是臨床常見的足部疼痛,不同的年齡有不同的病因。由跟腱炎、跟部滑囊炎、足跟脂肪纖維墊炎、蹠腱膜炎、跟骨骨刺等引起的足跟痛最為多見。

足跟骨刺是本病最常見的原因之一,是一種退行性病變,常在中年以後發病,女性尤為多見。其發病多由慢性勞損引起骨與軟組織的退行性改變,多發病於產後和體胖之人。此病起病緩慢,多為一側發病,可有數月或數年的病史。常在久臥或久坐後起立時突然足跟著地疼痛。不紅不腫,以刺痛為多見,

強忍行走片刻後疼痛反而減輕,久站久行或負重則又加重。許多人經治療後 X 線攝片骨刺仍存在,但症狀消失,治療應著重解決慢性損傷性炎症,對骨刺不必拘泥。

本病多發於中老年人,中醫認為主因肝腎虧虛,筋脈失養,血行瘀滯,或受寒溼之邪,氣血凝滯,加之外傷、勞損而誘發本病。此外,腎經繞行足跟,足跟疼痛而不能任地,與年老腎虧有密切關係。

青少年的足跟痛主要是跟骨骨骺炎,常見於劇烈運動之後,跟骨骨骺軟骨缺血壞死所致。此類疼痛,只要充分休息,鞋內用軟墊,區域性熱敷燻洗或服行氣活血之劑,多數在短期內緩解,針灸亦頗有效。

青壯年主要是風溼性、類風溼性跟骨炎。多有感受風寒外邪史,復因夜露、涉水或潮溼工作,寒溼之氣侵及於骨而發病。特點是發病急,足跟疼痛(多為對稱性),下肢沉重,行走困難,繼之出現腫脹,病人多伴有全身症狀,如乏力、自汗、全身痠痛等,治療應祛邪散寒,疏通經絡。","足跟痛

88. 火全穴","火全穴在大腿內側的幾個穴位中,位於最下面,可以對應到腳部,故能治下部的足跟痛。","- 1. 針靈骨穴甚效(維杰特殊經驗)。
- 2. 針五虎五穴(維杰特殊經驗)。
- 3. 委中穴點刺出血(放血)特效。
- 4. 針後會穴。
- 5. 削骨針(四花中穴及四花下穴貼骨進針)。","治療足跟痛,我用靈骨穴效果非常好,用五虎五也不錯,這是我的特效經驗, 在委中點刺也可以,其他如後會、削骨針都有效,一般掌握靈骨、五虎五就可以了。如加用同側束骨穴作牽引,而且束骨貼骨刺也有治療作用,效果甚好。"
29,四肢痛,四肢痛,matched,痛症,第四節下肢部位痛,2446,,"| 手腳痛  | 66. 火主穴                                   |
|------|-------------------------------------------|
| 四肢痛  | 77. 四肢穴;88. 通關穴、通山穴、通天穴;99. 火耳穴;1010. 玉火穴 |
| 四肢骨痛 | 1010. 鼻翼穴                                 |
| 手痛腳痛 | 1111. 雙鳳穴(三稜針)                            |","火主穴雖說是治療手腳痛,其實就是四肢痛,火主穴就是太沖穴往後貼骨, 如果配合靈骨穴效果更好。

另外,在人皇上面一寸,有個四肢穴,還有通關、通山、通天,老師也說治療四肢痛,火耳穴、玉火穴也治療四肢痛,綜合來看,我們可以發現,這些穴都與血分有關,火主穴下有太沖脈;四肢穴鄰近三陰交,三陰交為治血分病要穴;通關、通山夾脈絡之會伏兔,善治心血管病;火耳穴、玉火穴名為火穴,皆與心血管有關。

四肢骨痛針鼻翼穴,這個要從原來的條文看,老師原寫為:""腎虧之各種神經痛、半身不遂、四肢骨痛、臉面麻痺、舌痛、舌硬、舌緊、偏頭痛、喉痛……""雖言腎虧,實多為脾陽虛之病,多與疲勞有關。鼻為面部太極全息脾胃之處,鼻翼所治之病以理氣為主,治氣虛氣滯之病。蓋脾主溼亦能消除疲勞,又脾主四肢。本穴在督脈與手足陽明經之間,溫陽及調理氣血作用甚佳。

又,鼻子在面部最高點,為陽中之陽,溫陽最速。餘常用鼻翼穴治全身痠痛, 包括四肢骨痛甚效。

雙鳳穴治療四肢痛以三稜針刺血為主,重點在活血化瘀,治療久病尤佳。","- 1. 四肢穴。
- 2. 通關穴、通山穴(夾伏兔,脈絡之會也)。
- 3. 雙鳳穴(三稜針)。
- 4. 神闕周邊(維杰特殊經驗)。","四肢穴及通關穴、通山穴治療四肢痛之原理,在前面已詳細解析,就是與血分有關。區域性某部位痛,可尋找對應特效穴治療,全身痛則多為血分病,或為血虛不榮則痛,或為血瘀不通則痛,針前述穴位,則不榮者可榮,不通者可通。久病或瘀血之手痛腳痛可以在背部雙鳳穴刺血,我個人常以開四關為用,主要是用後四關,就是靈骨配火主,可以治療四肢方面的疼痛。

四肢痛另有一組特效針,大家看看,我們的手掌活動中樞對應到哪裡?是不是肚臍?再看手腕、手肘、肩膀,是不是也對應肚臍?基本上太極對應都以肚臍為中心,所有的四肢都對應肚臍,因此,肚臍就是治療四肢疼痛的第一特效穴,這是從太極全息對應觀來的。肚臍最好用灸,當然你也可以考慮灸命門,但效果稍差。元氣虛全身關節都痛,若不會用灸,就用針,我們可以簡單地在肚臍上下左右一寸各扎一針。

董氏奇穴最後一個穴是什麼? 是腑巢穴。腑巢穴的中心為肚臍,就是總太極,我們開始研究董氏奇穴時,先從太極觀開始講,最後又迴歸至太極,很有意思。"
30,胸乳痛,胸痛,matched,痛症,第五節胸腹部位痛,2485,,"| 胸骨痛及腫脹 | 77. 七虎穴 |
|--------|---------|
| 鎖骨炎    | 77. 七虎穴 |","胸骨痛,董老師設穴有七虎穴,鎖骨也用七虎穴。這個胸骨、鎖骨都跟肺有關係。為什麼穴名叫虎呢?這個虎就是寅,經絡時間流注是:子膽醜肝寅肺。子是老鼠,醜是牛,寅是虎,跟肺經有關。手上有五虎穴,五虎穴有五個穴,位於肺經上。肺經跟寅時有關,寅在五行生肖屬虎,所以就叫五虎穴。腳上的七虎穴治

療胸骨、鎖骨。胸骨、鎖骨跟肺有關,所以也叫虎,七虎穴明明是三個穴,怎麼叫七虎呢?這個取名與河圖洛書有關,七為洛書九宮兌卦之數,兌卦屬金應肺。本穴治肺,主肩背之病,肺之流注時間為寅時,寅為虎,所以取名七虎穴。這些在我的《董氏奇穴穴位詮解》裡,每個穴名都解釋得很清楚。

七虎穴取名是這樣,但為什麼能治療胸骨、鎖骨呢,七虎穴的位置在腳踝後面,太陽經與少陽經之間,是透過肺經與膀胱經別通來起到治療作用的。","- 1. 駟馬穴。
- 2. 門金甚效(維杰特殊經驗)。","董老師治療胸乳痛常用駟馬穴。駟馬穴也治胸鎖,這與肺有關,駟馬是主治肺臟症候群的總穴及主穴。我個人治療胸乳部,有時也用駟馬穴,由於病位是在陽明經,但我用門金穴的時候更多,而且很有效。不論是鎖骨、乳部痛都可以用門金穴,因為胃經直接走過乳頭,所以用門金穴治療乳頭痛很有效,駟馬其實也在胃經上。

通關、通山並用,善治乳部病變,如乳部纖維增生等。胃經循行經過乳部,胃經多血多氣,且兩穴夾伏兔脈絡之會,善治心臟,亦善治胸乳部病變,效同炙甘草湯。"
31,心口痛,心痛,matched,痛症,第五節胸腹部位痛,2518,,"心包絡(心口)痛

88. 通關穴、通山穴、通天穴","心口這一帶痛,董老師用通關、通山、通天,三穴一般只用兩穴,通關、通山。通關之""關""有通""內關""之意,說明其強心調整血液迴圈之作用甚好。通天,在上曰通""天"",亦有通心之意。

通關、通山、通天三穴為老師總治心臟及心之藏象病變要穴,也是治療血液迴圈要穴,三穴能治心血管病,甚效。","- 1. 通關、通天、通山(雙邊取穴,三穴選二)。
- 2. 四花中、外(副)穴點刺出血,甚效。

十四經效穴:內關。","心口痛,董老師用通關、通山、通天,我也用這些穴位治療心口痛。通關、通山夾胃經伏兔穴,伏兔穴為脈絡之會(見《針灸大成》),有強心、調整血液迴圈之作用。

對於急性及久病心口痛,可在四花中、外(副)穴點刺出血,甚效。

如果是用十四經穴,則內關穴最好,對於整個心臟,心的兩邊痛,內關穴都非常好。"
32,心兩側痛,心痛,matched,痛症,第五節胸腹部位痛,2549,,"心兩側痛

88. 通關穴、通山穴、通天穴","心兩側痛、心口痛,老師都是用通關、通山、通天,這三穴為老師總治心臟及心之藏象病變要穴,也是治療血液迴圈要穴,原理已在心口痛一節說明,可參考。","- 1. 四花中、外(副)點刺出血甚效。
- 2. 通關、通山、通天(雙邊取穴,三穴選二)。

十四經效穴:內關。","通關、通山、通天,三穴一般只用兩穴,不必三穴都取。這幾個穴是總治心臟病的穴位,治療心兩側痛、心口痛有效。如果是久病的話,就在四花中外刺血。

十四經效穴方面,取手上的內關既方便又有效,搭配足三里穴更好。"
33,胸腹側痛,胸痛,matched,痛症,第五節胸腹部位痛,2576,,"| 胸下(心側)痛       | 22. 上白穴            |
|---------------|--------------------|
| 胸部被打擊後而引起之胸背痛 | 88. 駟馬中穴、駟馬上穴、駟馬下穴 |","胸腹兩邊痛,董老師的書裡講了兩組取穴,一個是上白,跟肺有關,一個是駟馬上中下,也跟肺有關。這裡老師寫的是""胸部被打擊後而引起之胸背痛"",關於胸部被打傷的治法在下一節有更詳細的說明。","- 1. 針駟馬穴,倒馬針法。
- 2. 上白。
- 3. 通關、通山。

十四經效穴:內關。","胸腹兩邊痛,董老師書中的兩組取穴,一個是上白,一個是駟馬上、中、下,都跟肺有關。這裡多了一組通關、通山、通天,基本上還是駟馬用得比較多。

至於十四經效穴方面,不論是胸的正面、側面、兩邊,都是內關最好。"
34,胸部打傷,胸痛,matched,痛症,第五節胸腹部位痛,2604,,,,"- 1. 針駟馬穴。
- 2. 四花中、外點刺亦佳。
- 3. 新傷亦可針解穴。","胸部打傷,我們也可以扎駟馬。在前一節""胸部被打擊後而引起之胸背痛""

已經提過,整個來講,胸部、乳部正面,以至於偏兩邊,甚至到肋骨,董老師都是用駟馬穴,其治療的範圍很大。也可以用陽明經的其他穴位,門金(陷谷)穴是很好的選擇。如果是舊病,我們可以在四花中、外點刺。

如果是新傷,其實不只是胸部打傷,只要是剛剛打傷的,都可以用解穴治療, 效果很好。

我之前治過一位女士,她開車時被後車撞了一下,全身痠痛。她本來是要治別的病,我就先給她扎解穴,紮了8分鐘。她第二天來的時候,說:楊醫師,我還要扎那個8分鐘的針,真好,紮了好舒服!解穴我們一般只扎8分鐘,解了新痛以後,就可以治她別的病了。

剛剛跌打損傷,全身痠痛,就先針個解穴,我一般就針8分鐘,第二次如果再來還沒好,就再針5分鐘,時間不扎多了,這個解穴可以調氣而錯亂。在剛受傷的時候,就是48小時以內,尤其是24小時,氣血會有一陣錯亂,那時就要調整。如果不治療,它本身也是會調整的。我們知道人有病,人本身會去適應,會自然調整,那是低平衡,低平衡總的來說,體質方面就比較衰弱了一些。但若是剛受傷就給予調整,調整以後就真正的是一般的平衡了。最好是在48小時內,尤其是 24 小時之內治療最有效,過了 48 小時,你就要針對患者的傷痛來另外治了。肩膀痛另外治,胸部打傷也另外治,不是說超過48小就不能治,只是效果沒有那麼強了。

總之,剛打傷時全身的痛,不論是哪裡傷就先針解穴,有時候找兩醫打針打得不對勁, 肌肉可能痛好幾天, 那你就給他扎個解穴, 不管他是臀部痛、大腿痛還是肩膀痛,一般就是在這幾個肉多的地方。"
35,胸腹部任脈線痛,胸痛,matched,痛症,第五節胸腹部位痛,2628,,,,針水相穴。,"胸腹部中央線是任脈,任脈線的痛,遠處扎針怎麼扎?就扎夾著任脈的腎經,因為腎經離任脈最近。腎經在肚臍下面是距中央五分,在肚臍上面距中央寸半、兩寸,距離最近。就如同脊椎痛,在遠處扎針就扎膀胱經,因為膀胱經夾著脊

椎,那麼任脈的病我們就扎腎經。腎經什麼穴最好呢?就針水相,水相就是太溪。

我曾經在前面講過了,外踝的崑崙,它在上對應到脖子,下面可以對應到腰, 所以對於脖子和腰相連的脊椎它也能治。反過來,同一水平的內踝太溪,既治脖子也治腰,所以脖子與腰相連的任脈中線,它就能治。這都是太極對應的應用。只要把我的太極觀搞熟了,用穴就會很靈活。"
36,胸連背痛,胸痛,matched,痛症,第五節胸腹部位痛,2644,,,,"- 1. 駟馬穴。
- 2. 重子穴(維杰特殊經驗)。
- 3. 腎關穴(維杰特殊經驗)。
- 4. 上白穴(維杰特殊經驗)。","胸連背痛就是胸背痛,針駟馬穴很好,駟馬穴總治肺系病,肺主胸背,重子、重仙也在肺經上,可以治胸背。用重子穴最好,效果快又方便,只是有點痛,可以採取咳嗽進針。上白穴也可以治胸背痛,怕痛就紮上白,針重子可能好八成,上白穴也能好六成。如果在遠處扎,我就用腎關,效果也不錯。

十四經方面的效穴,一個是內關,一個是中渚。中渚治療胸背痛很好,尤其是心後脊肩痛。"
37,脅肋痛,脅痛,matched,痛症,第五節胸腹部位痛,2659,"脅肋痛是指一側或兩側脅肋發生疼痛,如胸脅挫傷、軟組織勞損及肋間神經炎等,於深呼吸、咳嗽、噴嚏或做舉臂等動作時加劇。

肋軟骨炎多發生於第二肋骨與軟骨分界處,區域性可有輕微隆起。而肋間神經痛、帶狀皰疹等亦可引起脅肋痛。也有因胸腹腔器官的病變出現胸脅痛症,常見於肝臟、膽囊、胸膜等急、慢性疾患。

《靈樞·五邪》篇說:""邪在肝,則兩脅中痛。""脅為肝之分野,所以脅肋痛的

發生大多與肝臟疾患有關。又如脅部脹痛走竄不定,其痛每因情志變動而增劇,兼納少、胸悶等症者,中醫學稱為肝氣鬱結,應與胸壁病變相區別。

本病在中醫認為多因勞傷、久咳、筋骨受損,或風熱停滯,七情鬱結,肝氣失其條達,經絡受阻,以致氣血瘀滯而成痛。辨別脅痛,主要以氣血為主。如氣滯者多為脹痛;血瘀者多為刺痛;血虛者多為隱痛。","| 肋膜痛 | 11. 指駟馬穴;77. 四花外穴(三稜針黑血)、七虎穴 |
|-----|------------------------------|
| 肋痛  | 88. 駟馬中穴、駟馬上穴、駟馬下穴(單足)       |","肋間神經痛,老師還是用駟馬,足駟馬有效,指駟馬也有效。足駟馬老師寫的是單腳,就是以左治右,以右治左,如果痛得厲害,可以在同側的四花外刺血。

七虎穴能治胸痛、肋痛,它位於外踝後一寸半之直線上,在太陽經與少陽經之間,可治少陽經之肋膜炎。又足太陽膀胱經與肺通,以下治上,能治肩骨、鎖骨及胸骨病。","- 1. 針駟馬穴。
- 2. 四花中外點刺出血。
- 3. 火串穴特效。

十四經效穴:陽陵泉、支溝。","肋痛(肋間神經痛),老師最常用駟馬穴,痛得厲害,或久病有瘀可以在同側的四花外刺血。

我個人最常用火串穴,董氏奇穴的火串,其實就是三焦經的支溝穴,在手腕橫紋上面三寸,位置跟支溝是相同的,如果開啟古書來看,古人歌賦治療肋骨痛,就是陽陵泉跟支溝這兩個穴使用最多了。單用陽陵泉的有《雜病穴法歌》《通玄指要賦》,《通玄指要賦》說:""脅下肋邊者,刺陽陵而即止。""單獨用支溝的有《標幽賦》:""脅疼肋痛針飛虎(飛虎即支溝)。""也有陽陵泉、支溝一起配用的(《臥巖凌先生得效應穴針法賦》)。所以肋骨痛最常取陽陵泉,也可以取支溝,都很有

效,如果要稍作區分,還是有區別的。一般來講,肋骨的骨頭這一帶痛,就取陽陵泉;下面軟肋這個部位呢,用烹溝好。但常常痛是連在一起的,所以支溝、陽陵泉都可以用,合在一起更好,單獨用也有效。這是因為脅肋為手足少陽經所過,針膽經之陽陵及三焦之支溝有效。兩者均宜用重瀉法以加強針感。同時囑患者做深呼吸和伸腰動作以利胸脅。

支溝及陽陵泉,一個在手臂,一個在小腿,嚴重的肋骨痛,針這兩穴就夠了。很多人是打傷的,還有一些人是岔氣,一呼吸肋骨就痛,可以扎駟馬,因為它能理氣。手少陽三經主""氣""所生病,所以支溝穴治岔氣肋痛也很好。"
38,胃痛,胃痛,matched,痛症,第五節胸腹部位痛,2705,"胃脘痛俗稱胃痛,指胃脘(上腹)部發生疼痛的一類病症,在臨床上較為常見。多見於急、慢性胃炎,胃、十二指腸潰瘍,胃痙攣、胃神經官能症及其他消化道疾病。

本病可因虛寒、溼熱、飲食失調等病邪犯胃或肝氣犯胃引起。

此外,還可根據胃脘疼痛的性質辨證分型,如久病不愈,隱痛喜按,食後減輕為虛證;痛劇拒按,食後加重為實證;冷痛喜熱,就溫而減為寒證;灼熱急痛為熱證;脹痛或走竄疼痛為氣滯;刺痛,痛處固定為血瘀。

大多數胃痛患者經治療後效果均較好,但為鞏固起見,在胃痛止後,仍應該按照引起胃痛的發病原因進行善後治療。","| 胃痛   | 11. 浮間穴、外間穴;55. 花骨四穴;77. 四花下穴、腑腸穴          |
|------|--------------------------------------------|
| 急性胃痛 | 77. 四花中穴(三稜針黑血)、四花副穴(三稜針黑血);1111. 五嶺穴(三稜針) |","治療胃痛,老師設穴很多,有外間、浮間、花骨四、四花下、腑腸等穴。外間、浮間透過本經(大腸經)主治及手足陽明經相通,能治牙痛與胃痛。四花下穴之位置在胃經上,所治之病多系胃腸病;腑腸穴亦在胃經上,主治亦同,兩針通常配合應用。

急性胃痛,老師就是以刺血為主,在四花中、四花副刺血,四花中位於胃經條

口穴上五分,為應用極廣泛之穴道。本穴在胃經上,在上巨虛(大腸經下合穴)、下巨虛(小腸經下合穴)之間,又在小腿之中點,不論穴性或穴位皆在中央,調理腸胃作用甚強,以三稜針點刺出血治急性胃痛確有特效。四花副穴一般作為四花中的配穴加強作用。","- 1. 四花上穴。
- 2. 門金穴(維杰特殊經驗)。
- 3. 正本穴(急性胃痛甚效)。
- 4. 四花中穴(三稜針黑血)。

十四經效穴:梁丘、內關。","急性胃痛,我用四花上有效,四花上就相當於胃經的足三里,治療一般的胃痛很好。足三里穴是足陽明胃經之合穴,胃經屬""土"",陽經的合穴也屬土,本穴為土經中的土穴,屬真五行。""合治內腑"",合穴為治療腑病的首選穴,對本腑的一系列病症能起到通治作用,足三里自古即是調整胃腸功能和有關消化系統疾病的主要穴位。足三里穴具有寒熱皆治、虛實俱調的""雙向性""治療作用,胃部疾患不論是寒熱虛實,都可以用此穴調理而治之,不論胃痛、胃炎皆甚有效。在四花上附近之青筋(血管)刺血,療效更快更好。

門金治療急慢性胃痛效果都不錯。門金在胃經的輸穴陷谷後面,貼骨,據《針灸大成》所言,陷谷與門金位置相符,輸主疼痛,效果極佳。

急性胃痛針正本穴也很有效,正本穴在鼻頭上,相當於督脈的素髎穴,本穴溫陽效果極佳,常用於昏迷急救,此穴為陽明經所夾,在全息對應中與脾胃相對, 臨床實踐治療急性胃脘脹痛、胃痙攣,效果頗佳。

十四經方面我最常用梁丘,急性胃痛馬上就能止痛。這是因為梁丘是胃經的郄穴,郄穴多氣多血,治療急性症最有效。

另外,內關治療胃痛也很好,它雖不像梁丘紮了馬上止痛。內關紮上去可能要好幾分鐘才止痛,但內關比較偏於治本。有時候針梁丘治療胃痛好了,隔兩天又痛了,針內關好了,可能隔幾天都不再痛。我常用四花上,就是足三里,配內關來治療一般的胃痛。

如果是多年的胃痛,就在四花中刺血,也就是在胃經的條口跟豐隆一帶刺血。如果急性胃痛痛得很厲害,就針梁丘,梁丘是胃經的郄穴,可以抑制胃酸的分泌。

1998年我到西藏去義診,回來的時候帶的乾糧不夠了,經過一個縣城,離中午還有一點時間,我們決定下一站再吃飯。誰知這一出去,幾十公里沒有店,路又很顛簸,胃痛得不得了,最後只好自己扎梁丘。紮了之後,幾分鐘胃就不痛了,再經過一段路,看到一個寺廟,我們趕緊下來要點吃的。就是這樣的急性胃痛,可以扎梁丘止痛,如果是慢性的可以扎內關、四花上。"
39,腹痛,腹痛,matched,痛症,第五節胸腹部位痛,2758,"凡自胃以下至恥骨以上的整個部位發生疼痛者,概稱腹痛。腹痛一症涉及臟腑較廣,病情亦較複雜,既可單獨出現,也可由腹腔內臟器的器質性或功能性病變所致而併發於多種臟腑疾患中,由腹外器官的病變或全身感染、內分泌與代謝紊亂、過敏、血液病等全身疾病而引起。

可以引起腹痛的疾病甚多,首先要了解疼痛的部位,其次要了解疼痛的形式。此外,非腹部疾病而有腹痛的也很多。不過這些病除了腹痛外,還有其他體徵及症狀,仔細診斷並不難鑑別。

由於腹痛牽涉範圍廣泛,因此要正確地認識腹痛並不是一件簡單的事,而且有些突發劇烈的腹痛,通常是腹腔內嚴重發炎,使腹膜受到強烈刺激而引起的, 我們一般稱它為""急腹症"",必須認真鑑別。

中醫認為大致有下述原因:①外邪侵襲;②飲食不節;③臟腑功能失調;④氣滯不通;⑤血瘀;⑥蟲積。

對於腹痛的辨證要注意其性質及部位:

腹痛部位:為便於臨床辨證,中醫學習慣將全腹分為脘、脅、臍、少腹和小腹等部位。大抵脘痛多屬胃,臍周痛屬脾與腸,脅肋與少腹痛屬肝,小腹痛屬子宮與膀胱。

腹痛性質:腹部疼痛伴噁心嘔吐等症多屬胃的疾患;右上腹部疼痛伴惡寒發熱、噁心嘔吐、腹瀉、黃疸等症狀多屬肝膽系統疾病;臍周或左下腹部疼痛伴惡寒發熱、噁心嘔吐、腹瀉而區域性有壓痛的多屬腸道疾患;臍周圍陣發性疼痛而無明

顯壓痛的多屬腸寄生蟲病。這是一般的辨證大法,應該注意。","| 腹疼痛 | 77. 腑快穴                    |
|-----|----------------------------|
| 腹痛  | 11. 指五金、指千金穴;33. 手五金穴、手千金穴 |","治療腹痛,老師的穴位有腑快穴。腑快穴在鼻子旁邊,本穴位置與大腸經之迎香相符,迎香是大腸經的穴位,可以治療腹痛。另外指五金、指千金就在食指上,跟大腸經有關,當然可以治肚子痛。

手五金、手千金,兩穴在""經""穴位置區間,""經主喘咳寒熱"",與金相應,此兩穴稱為""金""穴,能治大腸腹痛。","- 1. 門金穴。
- 2. 火菊。
- 3. 四花上穴。
- 4. 四花中穴(三稜針黑血)。

十四經效穴:梁丘、內關、公孫。","治療腹痛,基本上我還是用門金穴,門金位於胃經,手足陽明經相通,腸胃病皆能治,或者用火菊穴。火菊穴治療小腹痛也很好,它相當於脾經的公孫穴,系絡穴,與門金穴在同一水平,它有一個特徵,如果紮了針當時不痛了,回家之後又痛,那就要考慮是否有器質性的病變。

四花上穴相當於足三里,也有效,四花中穴也在胃經,介於上巨虛(大腸經下合穴)、下巨虛(小腸經下合穴)之間,又在小腿之中點,不論穴性或穴位皆在中央,調理腸胃作用甚強,刺血治療久病尤佳。

十四經方面的效穴,就是梁丘、內關、公孫,用內關配足三里(四花上),治療胃痛、腹痛都有效。董老師善用刺血,常在四花中刺血。老師的三稜針是很粗的,材質很好,拿起來就可以用,用很多次還是極為銳利,那種針現在不太有了。早期我也用大針,後來就用小針。小針有時候用起來不夠鋒利,針都要磨,要開

鋒,目前市售的多是比較便宜的小針,針質就差,開鋒就要磨。在國外拿出針就要馬上用,不能磨,這樣不合乎衛生規範,所以最好事先就購用較優質的三稜針針具。"
40,肚臍周圍痛,臍周痛,matched,痛症,第五節胸腹部位痛,2811,,"臍痛

1212. 腑巢二十三穴(三稜針)","肚臍周圍的疼痛,老師一般用刺血,腑巢在肚臍周圍雖有二十三穴,但是不需要都刺,只要在肚臍周圍上下左右各一針,或者就是用八卦形式的,這樣來刺血就夠了。","- 1. 腕順一、二穴。
- 2. 中白、下白。","肚臍疼痛,針腕順一、二有效,針中白、下白也有效。

中白、下白透過""三焦與腎通"",補腎作用甚好,故能治療腎虧各病,二穴位於手掌腰臍線,能治各種腰痛,包括肚臍,二穴還在三焦經輸穴附近,輸主體重節痛,對三焦經循行所過之疼痛皆有療效。另外,補氣理三焦作用甚強。

腕順一、二亦在手掌腰臍線,能治各種腰痛,包括肚臍。此處常作為腎虧之診斷點,腕順一、二穴掌緣軟弱無力多系腎虧,二穴並用還可治療腎虧所致之各種病變及疼痛,療效甚好。餘尚用治小腹脹、腰圍痛,療效亦佳。

## 臨床常用選穴

- 1. 腑巢二十三穴點刺。
- 2. 四花中、外刺血。

### 【解說】

腹中絞痛(絞腸痧),可以在腑巢二十三穴周圍點刺,嚴重一點可以往上下

延伸一兩個穴位,就如同治療肚臍周圍疼痛一樣的取穴法。四花中穴、外穴點刺也是治療腹中絞痛的有效方法。"
41,腹中絞痛(絞腸痧),腹中絞痛,matched,痛症,第五節胸腹部位痛,,,,,,
42,小腹痛,小腹痛,matched,痛症,第五節胸腹部位痛,2851,,"| 小腹痛 | 55. 花骨四穴                   |
|-----|----------------------------|
| 腸痛  | 22. 靈骨穴;88. 姐妹一穴、姐妹二穴、姐妹三穴 |","治療小腹痛,老師原書所列的穴位是花骨四穴。治療腸痛列了靈骨穴、姐妹一二三穴。靈骨穴為大腸經的穴位,治療腹痛是有道理的。姐妹一二三穴基本上位於脾經。足太陰脾經起於隱白穴,上行足之陰前側,行下腹,經任脈之中極、關元,從此循脾與胃,上側脅,至咽舌,與消化器官密切相關,亦可治腸痛、胃出血。三穴在脾經直線上,肌肉豐厚之處,能健脾理氣收攝。但姐妹一二三位置接近腹股溝,取穴不太方便。","- 1. 針門金。
- 2. 針火菊。
- 3. 靈骨穴
- 4. 曲陵點刺。
- 5. 四花中外點刺。","治療小腹痛,我臨床常用門金穴或火菊穴。靈骨穴為大腸經的穴位,在手掌微太極中對應下焦,也可以治腹痛。雖然曲陵點刺有效,我一般不用。嚴重一點的小腹痛,四花中外點刺我會比較常用,但最主要的還是用門金、火菊,火菊就是公孫。火菊穴有一個特點,治小腹痛,止痛是不錯的,可止痛後如果又痛了,就要考慮是不是有實質性的病變。

我以前治過一位老太太,她來看小腹痛時已經90多歲了,主訴最近嚴重便秘,前一段時間拉肚子,拉了好幾個月,最近又便秘,這一週都沒有大便,肚子很

痛。我就給她扎門金、火菊,她當時好一些,第二天她來,說回去沒多久又痛了, 我說你這個大便習慣改變太大了,拉肚子拉了很久現在又便秘,我問你最近有沒有做過腸鏡檢查,她說好幾年沒做了,我說那趕快做腸鏡,我跟她孩子也講了,怕她有器質性病變,結果一做腸鏡檢查,腸癌晚期。所以當大便習慣嚴重改變,就要考慮有實質性的病變。最後我給她吃藥,她又多活了將近兩年的時間。還是這位老太太,60 多歲的時候,本來心臟要開刀動手術,當時她膝蓋也痛,來我這裡治療,我就給她刺血把膝蓋痛治好了,那時候心臟手術不像現在做支架及搭橋方便,在等待手術的時候,我就給她在四花中外、肘彎都刺血,她狀況越來越好, 最後沒有做手術。90 多歲了,手術前也做了心臟檢查,說心臟還很好,所以她去世後,她兒子還特地來感謝我。我們中醫治癌症,雖然很多也治不好,但是至少可以減輕痛苦,延長生命,這兩點是絕對做得到的。

小腹痛就這樣治療,針門金、火菊或者在四花中外點刺,但若是扎針效果不持久,就要考慮是否有實質性的病變。"
43,下腹脹痛,下腹脹痛,matched,痛症,第五節胸腹部位痛,2883,,,,"- 1. 針門金。
- 2. 針腸門。
- 3. 靈骨。","下腹脹痛也是以針門金為主,腸門、靈骨也有效,這些在前面已講過了,因為腸門本來就對應到肚子,靈骨位於大腸經,門金相當於胃經輸穴,手足陽明經相通,所以治療腹痛有效。"
44,背痛,背痛,matched,痛症,第六節腰背部位痛,2895,"背痛是現代常見病,背痛常合併腰痠,因此常以腰痠背痛稱之。外傷、脊椎

退化、精神壓力以及寒溼等因素皆能引起背痛,不良姿勢則會加速脊椎耗損,加重病情。

背痛的發生與性別及職業有密切關係。女性較易背痛,主要是因為生理結構,女性的脊骨生來較男性略彎,易於產生痠痛;女性的運動量一般較小,背肌較弱,承受力弱,較易損傷;生產過的婦女,骨質會失去不少,懷孕時為了平衡身體重量,脊椎被迫過分彎曲,生產後若未再得到營養補充,容易腰背痠痛;更年期由於雌激素缺乏,導致骨質迅速減少;此外,胸部大於常人的女性,腰揹負荷較大;常穿露背衣著並久處於冷氣房中,風寒浸淫,日久亦易形成背痛。

職業與背痛也有一定關係,每日伏案書寫的人、司機及搬運工人易腰背受損,工作壓力大,日常生活之坐、行、站立、臥以及提物之姿勢不正確等,長久下來患腰背痛的機會也會增加。","| 背痛    | 11. 指腎穴;22. 重子穴、重仙穴、靈骨穴、中白穴(鬼門穴)、下白穴、腕順一穴、腕順二穴;33. 人士穴;66. 火散穴;88. 通胃穴、通背穴、駟馬中穴、駟馬上穴、駟馬下穴(單足)、中九里穴、下九里穴 |
|-------|---------------------------------------------------------------------------------------------------------|
| 腎虧之背痛 | 66. 水仙穴                                                                                                 |
| 肩胛痛   | 11. 心膝穴                                                                                                 |","腰背痛的病患很多,董老師書中治療腰背痛的穴位也很多,有重子、重仙、靈骨、中白、下白、腕順一、腕順二、人士、火散、通胃、通背、駟馬上中下、中九里、下九里等穴。

中九里穴是什麼痛都治,什麼痛都有效,但不一定是特效。重子、重仙治背痛則是特效,董老師說重子、重仙兩針合用為治療背痛特效針。靈骨穴因為後面透到重子、重仙,治療背痛,也是有效針。通胃、通背治療背痛,也有效,穴名叫""通背"",也就治背痛,穴在大腿上;駟馬上中下穴治療背痛也是特效針,也是在大腿上,但要脫衣服不方便。","- 1. 單背痛(單邊背痛),針重子、重仙立止痛。
- 2. 雙背痛,針正士、搏球。

- 3. 針通天、通背穴亦效。
- 4. 針駟馬穴亦特效。

十四經效穴:承山;肩連背痛,針胃經之髀關穴極效。","董師治療背痛,常針:①重子、重仙(對側);②九里;③正士、正宗。

背痛的病人很多,我一般都是扎重子、重仙。兩穴在手掌心,要避免疼痛,可以讓患者咳嗽一聲,隨咳進針,咳嗽一下時,轉移注意力,不會那麼緊張,就不痛了。重子、重仙多半用在單背痛,兩邊背都痛,老師不用,他就扎兩邊駟馬。總之,一邊背痛我們扎重子、重仙,兩邊痛我們就扎駟馬。

兩邊背都痛,我們也可以一側扎重子,一側扎重仙,這樣也是兩邊都扎,但較為精簡,因為這兩個穴確實有一點痛,還是要隨咳進針,這個技巧練習一下,並不難。

臨床上,重子、重仙,還是治背痛最特效的。如果趴著扎,可以扎承山,承山是十四經的穴位,董氏奇穴方面我們就扎搏球。

通背穴、駟馬穴都在大腿上,治背痛很有效,扎駟馬的話就不需要扎通背了。

背痛主要指的是膏肓俞一帶痛,基本上最有效的就是針重子、重仙,很少人兩邊都痛的。我前一陣子治一位女士,她是專門做推拿的,說背痛好多年了,就紮了重子、重仙,見效很快,馬上就鬆了,不痛了。"
45,肩背痛,肩背痛,matched,痛症,第六節腰背部位痛,2950,,"肩背痛

77. 正士穴、足千金穴、足五金穴;1111. 雙河穴(三稜針)","肩背痛,就是肩連背痛。針正筋、正宗,以及再上面一點的正士穴、搏球穴都可以,搏球穴在承山下面一點,承山也治肩背痛,搏球及承山就在小腿肚子上,但是要趴著扎。如果是坐著扎,針足千金、足五金較方便。

至於雙河穴,在下腰,以刺血為主,褲子要往下拉,不方便。當年老師那個時候,三稜針刺血很方便。動不動他就刺血了,那些人也不怕刺血,現在人很怕刺

血,就很少用了。","- 1. 針重子、重仙穴特效。
- 2. 針通腎、通胃、通背亦特效。
- 3. 腎關(維杰特殊經驗)。
- 十四經效穴:髀關穴、承山穴。","肩背痛,還是以對側重子、重仙為主,非常特效。如果兩邊都有痛症,一側針重子,一側針重仙。如果是躺著扎,通腎、通胃、通背穴很好。

我個人常用腎關就可以,這是一種簡化,比起通腎、通胃、通背等穴較為方便。腎關在小腿的位置很高,基本上對應於肩背,而且肩背與小腸有關,腎關穴透過脾與小腸通,治肩背痛非常好,這些年我就用腎關來治療肩背痛。

早期我亦隔衣進針,用胃經的髀關穴治肩連背痛,髀關穴有個特點,肩膀連著背痛,整個很大片的痛,愛打麻將的人常見此症狀,髀關穴就在膝蓋上 12 寸,一坐好,隔衣就扎,馬上見效,現在我就不用了,因為要注意消毒,針大腿要脫衣服不方便,所以後來研究用腎關取代。

早期治肩背痛,若只是一邊痛,最常用重子、重仙,若兩邊肩背都痛我就常用髀關。後來為了方便,治療兩邊肩背都痛,我就一邊針重子,一邊針重仙,再後來發展就用腎關,非常好。

治肩連背痛,也可以腎關配重子、重仙,效果更好。有些學生學過奇穴後,治肩連背痛就用對側的腎關,配對側的重子、重仙,也就是一次用三針。其實腎關是頸背、肩背都能治,可以就針腎關一穴,如果是肩背痛加重子穴,頸背痛加重仙穴,未必要用三針。"
46,背連下腿痛,下背痛,matched,痛症,第六節腰背部位痛,2985,,,,"- 1. 針馬快水甚效。
- 2. 背痛及腰痛向腿部放射痛,常用馬快水穴。","背痛、腰痛向腿部放射,範圍比較大、比較遠,可用馬快水。馬快水原是治膀胱結石的,表面看起來好像沒有什麼經絡聯絡,但這個背痛、腰痛、腿痛其實是膀胱經的病變,因為馬快水是治膀胱結石的特效針,因此治療疼痛的趨向是一樣的,能治膀胱結石,也能治膀胱經絡疼痛,而且此穴基本上與腰臍線的水溝(人中)穴平行,還是有一定聯絡的。"
47,脊椎中央痛,脊椎中央痛,matched,痛症,第六節腰背部位痛,2998,,"| 腰脊椎痛<br>(腰脊椎骨痛) | 77. 正筋穴、正宗穴、人皇穴;88. 中九里穴;1010. 馬快水穴、州水穴;1111. 水中穴 |
|-----------------|---------------------------------------------------|
| 脊椎骨疼痛           | 11. 肺心穴;66. 水相穴、水仙穴;55. 花骨三穴、花骨四穴;88. 火全穴         |
| 脊椎骨脹痛           | 44. 後椎穴、首英穴                                       |","脊椎痛,即脊椎的中央痛、腰椎痛,針正筋、正宗非常好。中九里穴也可以治,但是腿上的穴位還是以正筋、正宗最為常用有效。水中穴是三焦俞,水腑穴是腎俞,腎與三焦通,兩者都與腎有關,屬區域性治療,較少用。馬快水可以治背連下腿痛,也治腰椎痛,馬快水位置在馬金水下面一點,基本上在腰臍線,所以它治腰痛是有道理的。

脊椎骨疼痛,肺心穴、水相穴、水仙穴、花骨三、花骨四都可以治。水相就是太溪,它在腳踝上,就是在腰臍線。之前提到了,崑崙能夠治療頸椎病、腰椎病,也可以治療頸連著腰的脊椎痛。老師不是用崑崙,而是用表裡經對應內側的水相。

另外,老師用手上的肺心穴治脊椎骨疼痛,手指上的幾個穴位都與卦象有關,這個穴位在手的中指陽面,中指是先天乾卦跟後天離卦所在的地方。乾卦主督脈,先天乾卦屬陽主陽面,所以可以治療脊椎痛、額頭痛、腰痛,等等。

在上臂的後椎、首英,位於三焦經,三焦與腎通,也治療脊椎痛。","1. 委中穴點刺出血。

- 2. 正筋、正宗。
- 3. 後椎、首英。","治療脊椎痛,董氏奇穴用正筋、正宗比較簡單,又有效,正筋、正宗在跟腱上。手指的肺心穴,雖然也治脊椎痛,對於病痛比較小、輕的一類,或者扭傷不錯。對於久病的脊椎痛,還是扎正筋、正宗比較好,或者針上臂的後椎、首英。我較常用正筋、正宗,只需褲管一卷,就可以針了。若是多年久病,我們就在委中刺血。"
48,脊椎壓痛,脊椎壓痛,matched,痛症,第六節腰背部位痛,3030,,"脊椎長芽骨

88. 明黃、天黃、其黃","老師治療脊椎長芽骨,針明黃、天黃、其黃,脊椎長芽骨就是指椎間盤突出,這三個穴位在大腿的正中央,我們知道大腿這個長骨是全身最大的骨頭,以骨治骨當然是以大腿中央的穴位最好。","- 1. 委中點刺甚效,配合針明黃更佳。
- 2. 針九里、腕順一穴亦特效(維杰特殊經驗)。
- 3. 針四花中、副穴(貼骨進針,即削骨針)。

**十四經效穴:**人中、腕順一(或後溪)、中九里(風市)配合束骨,這是我治療頸椎及腰椎最常用的穴組,已有數百例的治驗。","這裡的脊椎壓痛其實是指椎間盤突出的壓痛,在委中點刺是最好的。老師是針明黃、天黃、其黃,這三個穴位不錯,可後來我改用風市,為什麼用風市,其實風市和明黃,一個在陽面,一個在陰面,是相對的,是互為表裡的,跟明黃還是有關係。我們知道""足太陽主筋,足少陽主骨"",我們身體有兩個系統,一個是臟腑系統,一個是經絡系統。在臟腑系統我們講""腎主液"",可是在經絡系統則是手太陽小腸主液,在臟腑系統我們講肝主筋、腎主骨,但是開啟《靈樞·經脈》篇,經絡

循行後面緊跟著""是動病""""所生病"",比如足太陽經講完經絡循行,後面接著講""是動病""""所生病"",就講""足太陽主筋病"",足少陽的經絡循行講完以後,就講""是主骨病""。

我們看""足太陽主筋"",頭後面的脖子是個大筋,腰也是個大筋,腿彎也是個大筋,腳踝跟腱處也是個大筋,足太陽走的都是筋。

再看""足少陽主骨"",足少陽經絡從額旁邊的額骨、顴骨、肩骨、肋骨、髖骨, 到陽陵泉的腓骨頭、腳踝的懸鐘,這些都是骨頭,足少陽主骨。所以,髓會懸鐘也在少陽經上。

足太陽主筋,筋的病變多與太陽經有關。足少陽主骨,骨的病變多與少陽經有關,所以後來我就用風市取代上三黃,最早我都針很深,抵到骨頭,後來我不抵骨也有效,按三才天人地,針到中部、人部就有效。不用足少陽經其他穴位,而用到大腿的風市,就是因為大腿長骨在這裡,以骨治骨當然取大腿。

董老師常在委中點刺,然後針明黃,我後來發展出自己一套特別的方法,我本來用九里、腕順,後來發展為後溪、九里。

董老師還有一套治療針,就是在四花中穴、四花副穴或者四花下穴,緊貼著骨頭進針,這叫作""削骨針"",也是一組治療骨刺壓迫的,這組""削骨針""最常用在膝蓋與足跟骨刺,雖然脊椎也可以用,但用得不多,老師主要都是針明黃,甚至上三黃皆針。我以前有一位老師兄,他當年在加州,就是以針上三黃為主,專門治療脊椎骨刺壓迫疼痛。

我治療脊椎骨刺壓迫疼痛,後來用人中、後溪、束骨,配合九里更好,基本上就是人中、後溪、束骨一組,或者人中、後溪、九里一組,輪流針刺。這是我治療頸椎和腰椎最常用的特效穴位,許多病人稱之為""椎骨特效楊三針"",之前我講了治療坐骨神經痛,也是這麼扎,常配合靈骨、大白輪流針,效果極佳。"
49,脊椎扭挫傷(脊椎骨閃痛),脊椎扭挫傷,matched,痛症,第六節腰背部位痛,3072,,"脊椎骨閃痛

77. 正筋穴、正宗穴","治療脊椎骨閃痛老師取正筋穴、正宗穴,道理可參看脊椎壓痛,原理基本上類同。","- 1. 針刺正筋、搏球有效。
- 2. 委中穴點刺特效。
- 3. 七里、九里。

十四經效穴:人中、崑崙。

#### 【解析】

我們看腰扭傷、脊椎扭傷,取正筋、正宗有效,取搏球也有效。脊椎扭傷在委中點刺最好。針十四經的人中、崑崙,或人中、後溪都可以。更詳細的應用可參看後面的""閃腰岔氣""。",
50,腰痛(慢性腰痛),慢性腰痛,matched,痛症,第六節腰背部位痛,3098,"慢性腰痛臨床常見,腰肌勞損是引起慢性腰痛的主要原因。

引起腰肌勞損的主要原因有幾個方面:①外傷(扭創傷):患者多有急性腰部扭傷史;②過勞所致:長期過度使用或長期姿勢不良(如長期彎腰工作),和重體力勞動等可造成累積性的勞損,引致腰痛;③寒溼因素:腰部感受風寒溼邪。

臨床表現以腰痛為主,病程較長,反覆發作,往往遷延數月甚至數年。腰痛多為隱痛、脹痛、痠痛,有的伴有沉重感及僵硬感,一種姿勢一般難以持久, 久站久坐都能使疼痛加重,彎腰或伸腰都會引起腰痛,就連翻身也能引起疼痛。

腰肌勞損屬中醫之""腰痛""範疇,初期治療宜活血散瘀、消腫止痛,後期及慢性者應補腎強腰、舒筋通絡。慢性者並宜避免風寒,不要勞累過度。

在治療中還要注意兩個問題:①去除發病原因。如長期彎腰工作應定時直腰活動,使連續收縮的豎脊肌能得以休息。轉腰要有心理準備,抬物最好穿上護腰。②加強腰背肌的訓練,增加承受力,減少勞損等。","| 腰痛      | 22. 靈骨穴;44. 後椎穴、首英穴、水愈穴;66. 水曲穴;55. 花骨三穴;<br>77. 正士穴;88. 中九里穴;1010. 水通穴、水金穴、州火穴 |
|---------|---------------------------------------------------------------------------------|
| 血管硬化之腰痛 | 1111. 五嶺穴(三稜針);1111. 頂柱穴(三稜針)                                                   |
| 腎痛      | 11. 二角明穴;1212. 腑巢二十三穴(三稜針)                                                      |
| 重性腰兩邊痛  | 22. 腕順一穴、腕順二穴                                                                   |
| 腎臟病之腰痛  | 22. 中白穴(鬼門穴)、下白穴;77. 地皇穴                                                        |
| 腰部兩邊痛   | 99. 水耳穴                                                                         |","腰痛,老師設有這麼多穴,需要略加解析,有助於據病選穴。

老師治療急性腰痛,也就是一般的閃腰岔氣疼痛,常用二角明穴。腰兩邊痛,用腕順一、二,腕順一在手掌腰臍線,再透過手足太陽經相通,治療腰椎痛、足太陽經之坐骨神經痛及腿彎痛等有特效,配合腕順二,效果更佳。此處常作為腎虧之診斷點,腕順一、二穴掌緣處軟弱無力多系腎虧,治腎虧之各病甚效。

老師治療腰痛最常用的是靈骨,有時配大白倒馬並用,靈骨治各種腰痛都很好,配大白可以腰腿並治。閃腰岔氣就以二角明為主,嚴重一點的腰痛及腰腿痛就在委中放血。

水耳穴治腰兩邊痛也有效,本穴同耳穴之腎炎點,能治與腎有關之病。腎臟病的腰痛,一般來講有水腫和腎炎腰痛,用中白、下白,既治腎炎,又治療腰痛。也可以用地皇穴,在脾經上,脾腎雙補。

馬金水、馬快水穴在腰腎線下,治療急慢性腰痛都有效。水金、水通也可。

後椎穴及首英穴皆位於三焦經上,基於腎與三焦通之原理,治療與腎有關之腰痛確有顯效。基於三焦與腎通,腎主骨,貼骨進針以骨治骨,以骨應腎,治療腰痛甚佳。

水愈穴位置與小腸經之臑俞相符,基於手足太陽經相通,可治腰痠腰痛。臑俞穴在腋後直上,肩胛骨下緣,則本穴亦在活動中樞下緣,對應於腎,能治腰痛。

水曲穴位置與膽經之臨泣穴相符,臨泣為八脈交會穴之一,通於帶脈,帶脈環腰一週,故能治腰痛。

花骨三穴與木留穴相對,在四組花骨穴中,位置約在中下,以全息對應而言, 主治腰痛、坐骨神經痛。

正士穴為膀胱經所過,治腰痛、坐骨神經痛有效。本穴在大太極(腰臍太極)對應坐骨、肩背,治療肩背痛、腰痛、坐骨神經痛;在腕踝太極對應尾骶稍上,故亦能治下腰。

中九里穴能治各種疼痛,包括腰痛。

腑巢二十三穴以三稜針刺血為主,不必全部皆針,只要選腰部對稱之臍部周圍穴位即可,此即為前後對應之應用。

五嶺穴(三稜針)包括頂柱穴(三稜針),治療血管硬化之腰痛。頂柱穴計有十一穴,兩側合計則為二十二穴,分兩行排列:①第四椎至第九椎,每椎旁開三寸各一穴,計六穴;②第四椎至第八椎,每椎旁開六寸各一穴,計五穴。治療血管硬化之腰痛、閃腰、岔氣。頂柱穴包括金林穴,金林三穴為金神、木原、木太,分別位於第四、五、六椎外開六寸處,可治療血管硬化之坐骨神經痛。這樣,五嶺穴既可治療腰痛,亦治坐骨神經痛。","- 1. 靈骨、大白甚效。
- 2. 二角明甚效。
- 3. 委中放血甚效。
- 4. 馬金水穴甚效。
- 5. 水金、水通有效。","治療腰痛,可用的有效穴,不論十四經或董氏奇穴都很多,董氏奇穴以靈骨、大白應用最多,大白位於腰臍線,靈骨位於腰腎線,兩個穴一起用治療腰腎痛,效果非常好,急慢性皆有效。二角明則用於急性腰痛較多。一般治腰痛,我們針靈骨穴就可以了。

至於委中刺血,急性有效,對於久病瘀血尤為特效。馬金水穴亦位於腰腎線,治療腰痛甚效。水金、水通穴為金水兩性之穴,基本上有金水兩性者都能治腰痛。"
51,腎虛腰痛,腎虛腰痛,matched,痛症,第六節腰背部位痛,3168,,"| 腎虧之頭暈腰痛 | 88. 通腎穴、通胃穴、通背穴                               |
|---------|-----------------------------------------------|
| 腰痠      | 22. 中白穴(鬼門穴)、下白穴;33. 火腑海穴;44. 支通穴、落通穴;66. 火散穴 |
| 腰痠背痛    | 77. 搏球穴;1111. 水腑穴                             |","老師治腎虧腰痛,包含腎虧所致的頭暈腰痛,用位於膝蓋上的通腎、通胃、通背,三穴可治腎虧,例如陽痿、早洩等,也可治腎炎水腫。

腰痠及腰痠背痛,也多是腎虧,腰痠針中白、下白,是很好而常用的穴位。因為這兩個穴位,一個在上腰臍線,一個在下腰臍線,上面是腰臍線,下面等於腰腎線。

火腑海穴透過三焦與腎通,以筋治筋及肘腰對應,治療腰痠有效。支通穴、落通穴亦在三焦經上,亦為腎與三焦通,且在上臂之部位,三焦對應於腰腎。火散穴相當於腎經滎穴然谷穴,滎輸治外經,治療腎虧之腰痠有效。

腰痠背痛,老師扎的是水腑穴,水腑就是在背後的腎俞穴。搏球穴緊鄰承山穴,承山穴素為治療腰背痛要穴,治療腰痠背痛當然有效。","- 1. 針中白,配腕順一穴甚佳。
- 2. 水通、水金有效。
- 3. 腎關配復溜亦甚效。
- 4. 馬金水或馬快水亦有效。","治療腎虛腰痛,上述幾組穴位皆有效。

一般來講,我治療腰痛常用兩組穴位交替輪換,一個是靈骨、大白,一個是中白、下白,基本上這樣就夠了,這兩組穴位都在腰臍線,一為上腰臍線,一為下腰臍線,上面是腰臍線,下面等於腰腎線。靈骨、大白倒馬,或中白、下白倒馬,可以

說是雙腰臍線穴並用,當然有效。

中白配腕順一穴甚佳,其原理在前面已經談過了。其他,如水通、水金、馬金水或馬快水有效的原理也已說得很清楚,這裡就不再多提。

我前面講過,治腰痛可用心門配中白,這是我的""腰痛楊二針"",這組穴治療腎虛腰痛也是很好的,甚至急性腰痛都有效。

治療腎虛腰痛,十四經的復溜非常好,復溜是補腎要穴,因為它是腎經的母穴,腎虧腰痛,就是動不動腰痠背痛,帶著酸性的那種疼痛,就可以復溜配伍董氏奇穴。腎關配復溜、中白配復溜很有效。中白配腎關也可以,這幾組都不錯。

老師的設穴我只取中白穴,至於通腎、通胃、通背,在膝蓋的上面,對應膝蓋下面,則通腎等於陰陵泉(天皇),再上面的通胃等於腎關,這樣我用膝蓋下面的天皇就是通腎,天皇下面的腎關就等同是通胃,所以我就用腎關代替了上面的通腎、通胃、通背。再加復溜。

或者說我用中白,為什麼呢?它在腰臍線,對應腰腎,又透過三焦與腎通,能夠治腎炎的水腫,也能夠治一般的腎虧,所以我治療腎虧腰痛也常常用中白配腎關。

另外一組,就是心門配中白的""腰痛楊二針"",有沒有腎虧都可以用,它治腰痠,也治腰痛。"
52,閃腰盆氣,閃腰盆氣,matched,痛症,第六節腰背部位痛,3216,"急性腰扭傷,俗稱閃腰,多因活動時用力不當或姿勢不正確,或外力撞擊損傷,或劇烈運動突然閃扭腰骶部肌筋,致腰部肌肉、韌帶等遭受強力牽拉,引起腰痛和屈伸活動受限制。另外,一些平時不太勞動的人,突然搬運重物,過度負重,當力量超過肌肉所能承受的負荷時,也可引起肌肉損傷。

扭傷時,病人大多能聽到""喀嚓""的斷裂聲,腰部有突然""爆裂""或""閃斷""的感覺,隨即發生腰部劇烈疼痛,活動受限,次日腰痛加重不能起床,翻身困難,重者疼痛劇烈而不能繼續活動,甚至不能側彎,腰肌痙攣。咳嗽、打噴嚏或用力時疼痛加劇。病人處於強迫體位,腰部一點也不敢活動。檢查時可發現腰部肌肉緊張,有明確的壓痛部位,壓痛明顯。甚則疼痛向下方放射。如有明顯的根性神經痛症狀者,應懷疑為腰椎間盤突出症,X線攝片檢查可做鑑別並排除骨折等其

他疾病。

急性腰扭傷的治療,針灸常有出乎意料的效果,腰背為太陽經脈所循行,急性腰痛以循經遠取為主。在留針捻轉時,囑患者做腰部翻轉(臥位時)或屈伸(坐位或立位時)動作。可立刻輕鬆而趨愈。

急性腰扭傷須臥床休息,以助腰部肌肉的放鬆,應臥木板床(或硬床鋪厚點)休息(不可睡沙發軟床),儘量減少活動,以助速愈。平時工作要注意姿勢正確,避免因用猛力而引起復發。",閃腰岔氣 (呼吸時感覺痛楚) 11. 二角明穴;1010. 馬金水穴、水通穴、水金穴;1111. 頂柱穴(三稜針)、水腑穴、三江穴(三稜針),"閃腰岔氣,老師最常用二角明,中指對應督脈及人之中央,故治腰脊痛。

閃腰岔氣與腎虧有關,針馬金水有效,水通、水金、水腑穴也有效,這幾個穴都是補腎穴,前面講過,腎虛就要補腎,馬金水、馬快水、水金、水通都有補腎的作用。為什麼會閃腰岔氣?多半是因為腎太虧了,所以容易岔氣。","- 1. 針馬金水、水通有效。
- 2. 針二角明。
- 3. 委中點刺出血效果尤速。

十四經效穴:人中穴、後溪穴、中渚穴、束骨穴、復溜穴,皆甚效。","閃腰岔氣,老師最常用二角明,二角明位於中指,中指對應督脈及人之中央, 故治腰脊痛。在中指微太極中,中衝穴對應頭頂;木火穴對應風府穴;肺心穴對應肺心(及上段脊椎);二角明穴對應腰脊。所以二角明穴治療腰椎痛尤效。又,穴在中指上,中指的穴位與後天離卦心臟,及先天乾卦督脈有關,陽面的穴位與陽卦督脈有關,所以二角明穴能治閃腰岔氣及腎虧腰痛。

閃腰岔氣,十四經裡面最常用的特效針是復溜,為什麼用復溜?因為它是腎經(水經)的金穴,就是腎經母穴。腎經虛證,均可針本穴補之。看一下古歌訣

即知,《席弘賦》:""復溜氣滯便離腰。""《醫宗金鑑》:""復溜血淋宜乎灸,氣滯腰疼貴在針。""

一般來說,閃腰岔氣就是腎(水)虧了,倒過來講就是水的氣病,岔了氣是""金"",腰是""水""位,所以是水的金病。因此只要有""金""""水""兩性的穴都能治閃腰岔氣。如水金、水通、馬金水、復溜,都治閃腰岔氣,效果非常好。

水通、水金是坎卦所在,所以才叫水通、水金。這裡有大腸經經過,有金,所以水通、水金有""金""""水""兩性。馬金水主要是跟腰腎線有關。復溜就不用講了。

此外,肺經的魚際穴也治閃腰岔氣,老師叫它叫""土水"",但它是肺經穴位, 所以它有""金""""水""之性。這樣說來,尺澤也治閃腰岔氣,因為尺澤是肺經的水穴,而且還對應到腰。

董老師也偶爾在背後的頂柱穴放血,治療閃腰岔氣,但老師最常刺血的穴位是委中,委中放血的確是治療閃腰岔氣最特效的穴位,不少閃腰病人,由兩三個人扶著進來,在委中放血後,跑出去的都有。

老師最常用二角明,輕的用它就好了,重的就還得在委中刺血。

十四經治療腰扭傷的穴位,可以說多在太極全息的腰臍線,我最常用的幾個穴,就是人中、中渚、後溪,有人把閃腰疼痛分為中央線、兩邊線、側邊線,據經驗,十四經最常用的是人中配後溪,因為人中在督脈,能治中央,後溪就治到兩邊,因為後面的經絡是太陽經,包括足太陽及手太陽。靠側面一點的話可以用中渚,因為偏於少陽。

復溜能補腎,也可以治閃腰岔氣,或者就是加扎馬金水一針,來配合更好。"
53,尾椎痛,尾椎痛,matched,痛症,第六節腰背部位痛,3272,"尾椎痛是指尾骶部的骨或軟組織的疼痛,尾骨或骶骨下端挫傷或骨折是最常見的原因,常因跌打挫傷或急性損傷未徹底治癒轉為慢性疼痛。尾骶骨位於脊骨下端,痛時常連腰部,稱為腰骶痛。一般來說,常因腎虛、血瘀、氣滯、寒溼外邪乘襲或久坐凹凸不平處引起。中醫學認為是氣滯血瘀、經脈不通導致此病發生。

如無外邪,腎虛最為常見,但婦女在行經、產後、附件炎、宮頸炎、盆腔炎時均

可有腰骶疼痛,子宮後傾者在經期因充血壓迫亦常見尾骶疼痛。因此,接診育齡婦女時要注意有無婦科疾病,可按婦科原因治療。若為老年人,如無外傷應注意骨質疏鬆引起的腰骶痛。

尾骶骨痛可根據原因治療,①腎虛:尾骶部為督脈和足少陰腎經所過,腎主骨,腎虛可引起尾骶痛。其疼痛特點為喜溫喜按,勞累後加重,治宜補腎壯骨,貼骨取穴可溫陽祛寒。②瘀血:有尾骶部外傷史。尾骶骨疼痛,按壓加劇,行走坐臥等活動受限,或區域性有瘀血腫脹,治宜活血化瘀止痛,可在委中刺血。③溼熱:腰骶部疼痛,伴有小便黃赤短澀,在婦女可有白帶腥濁,舌苔黃厚膩,脈弦滑,治宜清熱利溼。","脊椎骨痛(對第十九至廿一椎最有效)(即尾椎痛)

1010. 後會穴","尾椎痛主要講的就是第十九椎到二十一椎這一帶,老師用後會穴,就是百會穴後面一寸半,這是上下對應的效用。尾椎痛的機會很多,常見的原因就是不小心摔倒所致。","- 1. 心門穴特效(維杰特殊經驗)。
- 2. 正會、後會。
- 3. 海豹(大都)穴。","治療尾椎痛,我用心門穴特效,為什麼呢?首先是對應的關係,心門在前臂最下面,相當於是在腰椎的下面,屬下焦,對應尾椎;其次,心門是手太陽經的穴位,手足太陽相通,足太陽經別至尾椎,所以心門穴治療尾椎甚效。

心門穴在董老師的書裡沒有治療尾椎痛,也沒有治療膝蓋痛,我發揮用來治膝蓋痛、尾椎痛都是特效的。我的尾二針,又叫楊氏骶二針,就是心門配後會,治療所有的尾椎病,效果非常好。

董師經驗治療尾椎痛用海豹穴也有效,由於扎針要脫鞋襪,我後來不太用。

# 內科病變(臟腑疾病)

針灸醫生當然要掌握痛症,一般人認識及尋找針灸治療,多由痛症開始,把痛症治好,是對針灸醫生最基本的要求。但要做一個真正好的醫生,不論是方藥或針灸,治好內科病,絕對是重要的前提,內科病是其他各科疾病的基礎。

關於內科病的治療,我們先從五臟講起,從上而下,先講肺心,再講脾胃肝腎,然後再講腑病。

# 第一節肺系疾病"
54,感冒,感冒,matched,內科,第一節肺系疾病,3320,"感冒是由多種病毒引起的常見呼吸道傳染病。流行性感冒,簡稱""流感"",俗稱""傷風"",是由流感病毒引起的有強烈傳染性和流行性的急性呼吸道傳染病。臨床特點為發病急,患者畏寒、高熱(有時體溫迅速達到 39℃以上)、頭痛、全身肌肉酸楚重痛、乏力、食慾減退,並伴有鼻塞、流涕、咳嗽、咽痛等症狀。

本病多發於冬春季節,常可在短時間內造成流行。中醫學認為此病屬於 ""風溫""""冬溫""""春溫""等外感範疇。

感冒是季節多發病,針灸能透過調整機體氣血,提高抗病能力,驅邪外達,從而起到治療作用。","| 感冒    | 22. 重子穴;33. 火腑海穴、地士穴、天士穴;44. 分金穴(特效針)、人宗穴;99. 耳三穴(耳上穴、耳中穴、耳下穴三稜針) |
|-------|-------------------------------------------------------------------|
| 重感冒   | 88. 感冒一穴、感冒二穴;1111. 五嶺穴(三稜針)、後心穴(三稜針)、感冒三穴                        |
| 感冒頭痛  | 88. 感冒一穴、感冒二穴;1111七星穴(三稜針)                                        |
| 過敏性感冒 | 99. 金耳穴                                                           |
| 風寒入裡  | 1111. 後心穴(三稜針)                                                    |","老師書中所列治療感冒的穴位很多,重子,火腑海,地士、天士,分金、人中, 二二、三三、四四部位都有,耳朵刺血也能治感冒。當然不是每穴都用,一般只用一組即可。老師最常用的是感冒一穴、感冒二穴。

治療輕重感冒,老師都喜用感冒一穴、感冒二穴。感冒一穴在姐妹二穴向裡橫開一寸。感冒二穴在感冒一穴直上二寸半處是穴。主治:重感冒、發高燒、發冷、感冒頭痛。感冒一二穴對感冒確能收到減輕症狀之效,當年嘗見老師經常使用。穴在大腿上部,對應上焦肺,且肉多,走陽分、表分,故善治感冒。穴位在大腿上部,位置很高偏內側,幾乎跟陰部左右平行,30年前老師是隔衣進針,當時並無不便。現今對於尷尬穴位就要特別注意。

五嶺穴(三稜針)位於背部,因穴位呈五行排列,且位於身體較高之背脊部位,故得名。總計有四十穴。治療感冒時一般只取第一行二、三椎之穴位,及第二行(第二椎旁開三寸)二、三椎之穴位即可,這幾個穴在背後督脈,及膀胱經所在,用三稜針點刺出血即見效,善於治重感冒、發高燒、發冷,此與督脈主陽,膀胱經主表有關。五嶺穴雖然有效,但是要脫衣服,如果冬天感冒,房間的採暖裝置不夠,並不是很方便。

感冒三穴包括督脈之安全(一穴)及膀胱經之金斗(左右各一穴),共三穴, 治感冒甚效,用三稜針點刺療效更佳。安全穴(即陶道)在督脈上,為督脈與足太陽膀胱之會,督脈統諸陽,足太陽主表,有解表退熱安神的功效,金斗(即魄

戶)在膀胱經主表,亦在後背與肺相應,三穴一起用,治感冒甚效。

後心穴(三稜針)也是在背後,計有十三穴,兩側合計則為廿穴,散佈在背部三行,皆是從第四椎起算,較少應用。

重子穴、地士穴、天士穴、分金穴(特效針)、人宗穴治感冒有效,基本上都在肺經,當然有一定效果。重子穴治療感冒不錯,但我現在多以土水穴代替,兩穴鄰近,土水穴相當於肺經之滎穴魚際,滎穴善治外感。

金耳穴在耳朵的上方,耳背後面,治療感冒也有效果,但不如耳三穴。在耳三穴的耳上穴,也就是耳尖穴點刺出血,治療一般的感冒也有效。

分金穴,老師說是特效針,它在尺澤上一寸半,跟尺澤倒馬,治療感冒的確很有效。

治療感冒,我後來研究以三叉三配土水為主,就很少再用老師書上的設穴,可是為什麼還要列在這裡呢?一是尊重原文,二是列出來讓大家多一些比較選擇。我們不能否定曾經走過的一段路,是跟從老師的路走過來的,早期我也用過重子、分金,也用過感冒一二穴,當時隔衣進針,不必脫衣服,治療感冒真有效。後來時代改變了,做醫生也要轉變,用感冒一二穴,要叫病人脫下外褲,內褲還得往上掀一掀,因為穴位在褲腳的兩邊上面一點,非常不方便,後來我就不用感冒一二穴了。","- 1. 三叉三穴(維杰特殊經驗)。
- 2. 木穴。
- 3. 五嶺穴點刺出血能退熱。
- 4. 鼻塞時取側三里穴甚效,針門金穴或木穴也能很有效(維杰特殊經驗)。
- 5. 感冒針大白穴亦效。
- 6. 三叉三穴配土水中穴最特效(維杰特殊經驗)。","治療感冒,近二十年來維傑皆以三叉三穴配土水中穴為主,療效極佳,較感冒一二穴療效更好,且取穴方便。

三焦少陽為樞,""三焦者,決瀆之官,水道出焉"",液門穴在手少陽三焦經循行部位,三焦經有增強免疫之作用。液門穴為津液出入之門,《針灸甲乙經》說:

熱病汗不出,刺之能促使發汗;《備急千金要方》提出:治熱病……頭痛面熱無汗,等等,這些都說明本穴具有發汗解表、散風清熱的作用。三叉三穴緊鄰三焦經液門穴,液門穴為滎穴,滎主身熱且屬水,有解熱作用,能疏通經氣、清熱解表。三叉三穴退燒效果甚好,臨床運用治療感冒效果極佳。

三叉三穴在四五指間,尤其貼近第四指,從骨下筋旁進針,即貼筋貼骨進針, 透過腎與三焦之臟腑別通,也能補腎,因此能肝腎並治。又透達中白(中渚)、下白等輸原穴之位置,可健脾益氣。本穴脾肝腎皆治,能增加免疫功能,治療感冒發燒諸症確實有效,本穴貼皮進針,以皮應肺,療效更速。

土水穴即肺經之魚際穴,""經脈所過,主治所及"",本穴有調理肺經之氣的作用。魚際穴為肺經滎穴,""滎輸治外經"",滎穴善治外感病及外感引發之本經病。 ""滎主身熱"",又本穴屬火,雙向調節可清火熱治肺炎,亦可溫陽祛寒治肺寒,因此,取魚際穴治療哮喘有突出的療效。董師稱本穴為土水穴(此穴位於手掌大魚際之艮土卦與坎水卦之間,故名土水),位於肺經上,肺經屬金,如此則土水穴實具土金水三性,肺脾腎皆能治,最善理氣,治療咳喘確有大效。

讀書要讀於無字處。名叫土水穴,但千萬不要認為它只是土水穴,因為肺經也經過,所以它叫土金水穴;就如同水金穴,也千萬不要認為它只是水金穴,胃經也走過這裡,胃經屬土,所以它也是土金水穴,土水穴配水金穴,兩個土金水配合,就是治療咳嗽氣喘的特效針。

土水中、三叉三,都在滎穴的位置。滎主身熱,一起用,對發燒絕對有效。三叉三也是五官病要穴,感冒時五官的症狀最明顯,尤其是鼻子及喉嚨。魚際常用於治療肺炎、肺熱。所以這兩個穴配在一起,不但治感冒好,治肺炎、發燒也很好。

那年,我家附近有個老太太,90多歲了,下午3點請我去出診,她的肚子、臉很燙,我就給她紮了三叉三、土水中,扎完針起來,肚子熱退了,臉上的熱也退了很多,當晚我再過去看的時候,已經在自己煮飯了。前年我在某中醫大學講課,一個學生感冒了,畏寒發抖,給他紮了土水中與三叉三,他馬上出汗,就舒服了。還有一次,一位哈佛大學的學生,寒假回洛杉磯度假,那天感冒了,有點發燒,我就給她紮了三叉三及土水中,取針以後還有發燒,還不太好,我就給她開了柴胡桂枝湯,第二天她來了就說,楊醫師,昨天我當時沒有好,回家以後精神就開了,完全好了,你給我開的藥都沒有吃。我原以為這個病人用這兩穴失敗了,結果還

是成功了。所以,這兩個穴搭配治感冒很有效,學生稱之為""感冒楊二針""。

這個""感冒楊二針""治療感冒可以代替幾個方子,就是所謂的""針方對應"", 這裡就來跟大家簡單介紹一下""針方對應"",中渚是三焦經的本穴輸穴,對應本經的方劑就等於小柴胡湯。三叉三進針從滎穴透到輸穴中渚,就如同小柴胡湯加上治外感的桂枝湯,即柴胡桂枝湯。

近三十年,我治療感冒,最常用的就是柴胡桂枝湯。為什麼?它本來就善治虛人感冒,現在我們絕大多數都市人,久坐辦公桌,虛人為多,不像在室外工作的勞工及農民,餐風飲露,體質不同,感冒就可能要用到麻黃劑之類的。

2012 年我到澳洲教課,要上飛機前,女兒發高燒了,怎麼辦? 我趕快給她抓了服中藥,就是柴胡桂枝湯加石膏,我說你自己煮吧,我與愛人就匆忙趕往機場了。到了悉尼,下了飛機馬上打電話回家。女兒說:我好了,都已經退燒了。你們看,十來個鐘頭而已,很快就好了,沒有發高燒不必加石膏,有發高燒加個石膏,真的很好。

有一次我治一個澳洲來的學生,他那天下午,坐在後面發抖,給他吃了柴胡桂枝湯,晚上他就逛街去了。

三叉三穴從液門透過中渚,再往裡透,可以透到手解(少府)穴,這是心經的火穴,就有附子溫陽的作用,這樣,類似麻黃附子細辛湯的作用也就涵蓋進來。

魚際(土水中)穴,是肺經火穴,同辛溫藥物一樣,《醫宗金鑑》:""魚際更刺傷寒汗不出。""可以調節汗液,因為針灸穴位多有雙向調節作用,它本身就有桂枝湯的作用,也有麻黃湯的味道。《傷寒論》講,心下有水氣會引致咳嗽,它叫土水穴,土水就是胃裡面有水,土水穴就能治心下有水氣,善於治咳嗽氣喘。

魚際穴一穴等於多方,如此這兩個穴一結合,可以等於大青龍湯、小青龍湯、麻黃湯、柴胡桂枝湯、麻黃附子細辛湯,這兩個穴合用就包括了多個方子。我這裡只是簡單的提示。

近年我已經把董氏奇穴的研究都公開了,現在研究及教學的層次重點是在""區位針法""與""針方對應""。因為最近幾年在很多國家講學,知悉瑞士不能用細辛,澳洲不能用附子,美國不能用麻黃,有些地區甚至這三味藥都不能用,這幾味藥物不能用,《傷寒論》中的方子,幾乎將近三分之一沒有藥物可用。有學生問我怎麼辦,我說:你找得到藥物你就用,找不到,就用我的針灸,以針代方。有方當然用方,沒有藥就用針灸。若同時用了方藥又用了針灸,那效果更快。

缺方缺藥,還有偽藥重金屬的問題,的確困擾不少人,所以近幾年我常應邀在一些中醫大學講授經方的""針方對應""。也在一些國際中醫大會擔任主講,講授""針方對應""。如果下工夫仔細研究針穴原理,一些穴可以等於很多方。若能將方子的理論放在穴位上,那麼治病也更能得心應手。"
55,高熱,發燒,matched,內科,第一節肺系疾病,3416,"高熱指體溫升高達 39℃以上,是臨床上常見的急症之一,多由感染、過敏反應、變態反應等引起。中醫稱之為""壯熱""""實熱""""大熱""。常伴有肌膚灼熱、出汗、口渴、喜飲、呼吸及心率加快、煩躁不安等全身症狀,嚴重者則可出現意識障礙。","| 退燒  | 22. 重仙穴                           |
|-----|-----------------------------------|
| 發高燒 | 22. 大白穴(特效);88. 感冒一穴、感冒二穴;99. 土耳穴 |","發高燒,老師用的穴位有重仙穴、大白穴、感冒一穴、感冒二穴、土耳穴等,這幾個穴,跟治感冒差不多。前面老師治感冒用了重子,這裡退燒用重仙,這樣,重子、重仙一起合用就可以治感冒發燒,也是一組倒馬,一組區位針。雖然是分開來寫,但是老師書中提到兩個穴常一起用,所以這兩個穴一起用是治感冒發燒的有效針。","- 1. 大白穴刺血退熱效果極佳(小孩尤佳)。
- 2. 感冒發燒,三叉三穴配大白穴甚效(維杰特殊經驗)。
- 3. 感冒發燒,三叉三穴配土水中穴亦甚效(維杰特殊經驗)。
- 4. 背部五嶺穴點刺出血亦佳。

按:此處之發燒包括髮燒怕冷。","老師治療嚴重發燒在背後刺血,若為小孩,則只在大白刺血就很有效,大人就在五嶺穴刺血。

老師講大白可以退燒,三叉三配大白退燒更好。我治療發燒仍然是以三叉三配土水中,這是我的特效經驗。三叉三配土水中,不但治感冒,連發燒也能治。

但病人若在發燒感冒的時候,還有咳嗽,我就直接以三叉三配土水中,因為土水中是肺經的穴位,等於魚際,可以治咳。大白是大腸經的穴位,當然,大腸與肺相表裡,也可以治咳,而且叫白,這兩組作用是差不多的。

但是有一點區別要注意,三叉三配大白,治療感冒兼頭疼最好,三叉三配土水中,治療感冒兼有咳嗽的症狀最好,若感冒兼有喉嚨痛,也是三叉三配土水中。《肘後歌》說:""喉痛兮,液門魚際去療。""喉嚨痛,液門配魚際很有效。在我 1979年寫的《針灸經穴學》裡有下面一段話:""喉嚨痛,針魚際配液門,不必兩手都針,一手一穴,針完之後叫病人吞嚥口水,疼痛可以立止於頃刻。""

液門配魚際可以治喉嚨痛,董氏奇穴的土水中就包括了魚際,三叉三包括了液門。所以刺三叉三配土水中,可以治療感冒兼有喉嚨痛的症狀。若有咳嗽的症狀,也是這兩個穴相配。

如果是頭疼,就用三叉三配大白,大白屬大腸經,跟肺經有一定關係。如果流鼻涕,三叉三配大白也有效,但木穴治感冒流鼻涕特效,可以用三叉三配木穴。

感冒兼有發高燒,取用大白跟土水中,或三叉三配土水中就是區位針法的""發燒二針""。歸類治療發燒的針,可以有兩組:A組就是三叉三配土水中;B組就是三叉三配大白。"
56,咳嗽(支氣管炎),咳嗽（支氣管炎）,matched,內科,第一節肺系疾病,3457,"咳嗽是肺部疾患的常見症狀,是一種將呼吸道的分泌物或異物排出體外的保護性反射動作,引起咳嗽的原因很多,其發病有外感和內傷兩種原因。外感風寒之邪,從口鼻皮毛而入,肺失肅降;脾虛生溼,溼聚成痰,痰溼阻滯,肺氣不降;肝鬱化火,火盛爍肺,肺失肅降;腎氣虧虛,腎不納氣等,均可導致咳嗽。臨床上多見於現代醫學之急慢性支氣管炎、肺炎、支氣管擴張、上呼吸道感染、感冒等疾病。","| 支氣管炎 | 11. 小間穴          |
|------|------------------|
| 咳嗽   | 22. 重子穴;33. 火腑海穴 |
| 吐黃痰  | 11. 小間穴          |","支氣管炎在臨床上較為常見,以咳嗽為主症,老師的設穴較少,有小間、重子、火腑海。臨床驗證治療支氣管炎咳嗽有效,但總覺力量尚差一著。

吐黃痰,倒不一定有咳嗽氣喘,多半是肺有熱,可以用小間穴。小間穴的位置在大腸經上,大腸與肺相表裡,此穴位置屬滎穴範圍,能清熱,可治療肺熱吐黃痰。","- 1. 針水金、水通特效(維杰特殊經驗)。
- 2. 曲陵、土水亦甚效(維杰特殊經驗)。
- 3. 老慢支,再加上腎關、靈骨更好(維杰特殊經驗)。

十四經效穴:魚際穴、尺澤穴。","治療支氣管炎,水金、水通最有效。魚際(土水中)、曲陵(尺澤)也有效。

治療咳嗽,用水金、水通特效,是我個人發展的。嘴唇下的太極對應倒象為支氣管,包括了水金、水通。皮下針進針,往兩邊腮骨刺入,兩個腮骨的太極對應是肺,這樣進針就從支氣管透到肺,治療咳嗽、氣喘都非常有效。目前我一般只用嘴角下面的水通穴。

在老師的書裡面,沒有提到水金、水通治療咳嗽或氣喘。老師的水金、水通只有下列主治:""腎臟性的風溼病,腎機能不夠的疲勞頭暈眼花,腎虛腎虧腰疼, 閃腰岔氣。""

我發揮水金、水通成為治療咳嗽氣喘的特效針,原理除了太極對應之外,還有就是它既然能夠通金水,那麼金是肺,主肅降,水是腎,主受納,理氣作用很好。再加上這裡又是胃經所過,土金水三性都有,它治療咳嗽氣喘的作用跟手上的土水穴一樣,土水穴在肺經上,也是含土金水三性。讀書要讀於無字處,有的時候沒有明寫出那個字來,並不表示它沒有,因為這是基本知識,應該瞭解,所以省略不必講。

含土金水三性的穴位,治療咳嗽氣喘都是很好的,肺金主肅降,腎水主受納, 再有土在中焦斡旋,這樣完成了整個呼吸功能,含土金水三性的穴位理氣作用最強。

有一點值得注意,三焦都能治的穴位,也可以治療糖尿病,這是我對穴位五行的發揮,在我的五輸穴書裡介紹得相當清楚。

事實上,只要有金水兩性,就可以理氣,治療咳嗽氣喘。含有土金水三性更好。含金水兩性的穴位,治療閃腰岔氣也非常有效,之前在痛症已經講過,因為閃腰岔氣可以算作是腎的氣病,就是水的金病,所以含有金水兩性的穴,都可以治療閃腰岔氣,例如土水穴(魚際)、水通穴、水金穴。

前面講痛症時也講過,復溜穴也治閃腰岔氣,尺澤穴含金水兩性,也治閃腰岔氣。能治閃腰岔氣的穴也能治療氣喘咳嗽。

土金水三性都有的穴還有不少,例如腎關穴,它在陰陵泉和商丘之間,陰陵泉屬水,商丘屬金,腎關在金穴跟水穴中間,所以也有金水兩性,但它又在脾經上,所以它也有土金水三性。

金是上焦,土是中焦,水是下焦,含土金水三性的穴位,三焦皆治,就能治糖尿病,所以土水(魚際),水金、水通,腎關都能治療糖尿病。這就是五行的發揮, 很有趣味而且實用。

時間久的慢性支氣管炎,老年患者較多,常兼有脾腎陽虛症狀,就可以加針有木火兩性的穴位溫陽,可針靈骨,因為它介於合谷與陽溪中間,即介於木與火中間,當然有木火兩性。此外,大白穴緊鄰三間屬木,靈骨、大白兩穴一起用,木火之性很強,能溫陽,治陽虛之證很好。

十四經治療咳嗽的取穴,我過去早期就在用魚際、尺澤。尺澤有金水兩性,可以理氣治咳嗽氣喘,但尺澤更重要的是肺經的合穴。《難經·六十八難》講:""井主心下滿,滎主身熱,輸主體重節痛,經主喘咳寒熱,合主逆氣而洩。""每一經都有一個逆氣的病。肺的逆氣就是咳嗽氣喘,胃的逆氣就是嘔吐,腎的逆氣就是小便不通。尺澤是肺的合穴,能治療肺的逆氣咳嗽氣喘,再配合魚際,魚際與奇穴的土水中相符,魚際是肺經的滎穴,治外感及咳嗽很不錯,但是治氣喘更好,還有一個原因就是:氣喘是心肺兩髒的病,很多人肺病會轉為心臟病,例如肺源性心臟病就是,心臟病也會有氣喘,都是合在一起的。魚際穴是肺經的火穴,能夠治肺又能治心,治咳嗽及氣喘很好。而且,魚際是土金水三性,還能斡旋中焦。

每一經的五輸穴都是該經的全息點,透過全息點聯絡到其他的五臟。肺經同時有脾胃病就針肺經的土穴;肺經同時腎也不對,就針肺經的水穴;肺經同時有肝病就針肺經的水穴;肺經同時有心臟病就針肺經的火穴。這就是透過全息

而治到與其相關的臟腑,每一髒都跟其他四髒有關係,透過這個全息點就跟其他臟腑發生了關係,所以五輸穴一定要背熟,穴性更要熟記。

以五輸穴為主的用穴醫生,可以說就是十四經針灸的經方派,我們知道,經方派用藥都很少,就是三五味而已,但是藥量很重要,效果很好。五輸穴也是一樣,擅用五輸穴,在五行穴裡面轉來轉去,兩針搭配就能治很多病。該深的就深,該淺的就淺,很注重深淺,例如井穴都在手指頂端,當然針最淺,合穴都是肌肉肥厚部位,就針得較深,這是穴位的空間性。穴位還有時間性,井穴放血治病最急,合穴治腑病要留針久一點,而且久病入腑,治病時間就較長,所以說穴位也有時間性。這些應用與發揮,是我四十年來的研究及臨床成果,在我寫的《實用五輸穴發揮》一書中有很詳細的說明,大家可以自行參考。

每個穴位都有陰陽、太極、三才、五行,甚至卦象。大家應用針灸就要這樣去用,在每個穴位應用的時候,首要考慮它的空間性,它在整個太極、陰陽、三才的空間定位在哪裡,它能治什麼病,其次要考慮它的時間性,它能夠治急病、治慢病,還是""時間時甚""的病。當然,經絡也是不可忽視的。

穴位之間的五行搭配結合,是一門很大的學問,這是我們研究""針方對應""要先了解的。瞭解了以後,才會知道什麼時候辛開苦降,什麼時候土水兩治,怎樣補土生金,等等。知道方子的意義,再知道穴位的屬性,就可以以針代方。從事針灸,必須把五行搞透,如此才能提升至較高的境界。

在臨床中,我研究太極、三才,發展出區位針法(楊二針),研究五行發展出針方對應,這樣我就發展出了兩大系統。這裡是給大家提供一個研究方向。"
57,氣喘,氣喘,matched,內科,第一節肺系疾病,3526,"支氣管哮喘(簡稱哮喘)是一種常見的支氣管變態反應性疾病。常由各種不同過敏原(如花粉、灰塵、獸毛、細菌、黴菌等)所引起。以支氣管痙攣、黏膜水腫、分泌物增多而使支氣管阻塞為病理特徵。患者有胸悶、氣急、咳嗽、喘憋、哮鳴、張口抬肩、多汗、呼吸困難、咳出黏液樣痰等症狀。往往反覆急性發作,患者多被迫採取坐位或跪位。一般每次發作幾十分鐘內可緩解,緩解期症狀和體徵可完全消失,也有數日不緩解者。本病屬於中醫的""哮證""""喘證""等範疇。

哮喘病因複雜,大多是在遺傳基礎上受到體內外某些因素而激發。這些激
發因素包括吸入物,呼吸道或其他部位感染,氣候、藥物、飲食、精神因素、內分泌、運動等。

本病發作前多有先兆,發作時可有典型的喘息樣呼吸,呈呼氣性,氣急、哮鳴、端坐、咳嗽、多痰。體徵可有桶狀胸、哮鳴音,嚴重者有發紺。由於本病有特殊的呼吸系統症狀和體徵,臨床診斷較容易。本病好發於冬春季,夏季減輕。不少哮喘患者的發病與精神因素有關。

氣喘病不可小覷,嚴重時是會要命的,要注意保養,並爭取徹底治療。","| 哮喘                            | 77. 四花上穴、四花中穴、四花副穴、四花外穴(三稜針黑血);<br>88. 駟馬中穴、駟馬上穴、駟馬下穴             |
|-------------------------------|-------------------------------------------------------------------|
| 氣喘                            | 22. 重子穴(小孩最有效);33. 火腑海穴、人士穴、地士穴、天士穴、曲陵穴;44. 人宗穴;1010. 州圓穴、州昆穴、州侖穴 |
| 血管硬化之哮喘                       | 1212. 十二猴穴(三稜針)                                                   |
| <b>痰塞喉管不出</b> (呼吸困<br>難、狀如哮喘) | 1212. 喉蛾九穴(三稜針)                                                   |
| 氣管不順                          | 1212. 金五穴(三稜針)                                                    |","老師把治療氣喘及哮喘的穴位分別提列,哮喘跟氣喘差不多,哮的特徵是發作性的痰鳴氣喘,喉間有哮鳴聲音;喘則是以呼吸急促,甚則張口抬肩,鼻翼煽動為特徵。

老師治哮喘的用穴,有四花上穴、四花中穴、四花副穴、四花外穴(三稜針黑血)、駟馬中穴、駟馬上穴、駟馬下穴等穴,**都在胃經上**,但都能治肺病,在我的奇穴穴位學裡都有說明。

治療氣喘的用穴,如重子穴(小孩最有效)、火腑海穴、人士穴、地士穴、天士穴、曲陵穴、人宗穴,都在肺經上,跟肺有關;火腑海老師主要是灸的,其他都是用毫針。州圓穴、州昆穴、州侖穴在正會、後會、前會旁開的膀胱經上,它們在頭上最高的部位,能理氣、溫陽,治療肺系病,治氣喘,印證了肺與膀胱通。

經過驗證,老師的這些穴,有的很不錯,例如四花上穴。關於本穴,我有一個經驗,四花上穴就相當於胃經的足三里。有一年我在洛杉磯的韓國城教課,教的都是韓國籍的醫生,當時有一位坐在前面的韓國醫生臉色蒼白,我說:你怎麼了?

他說:我胃疼,還有點氣喘。我就先針了梁丘,他說:胃好一點了,還有點氣喘。我看他的四花上穴有些青筋,就說:我給你直接刺血吧。一刺,血就噴出來了。當時他就立刻不喘了,胃也好了。四花上能夠治療氣喘,刺血更好。當年我在讀大學的時候,學校附近有個姓秦的醫生,他每個病人都留針兩個小時,一天就看兩輪,上午下午各一輪,專治心臟病、氣喘。他主要就是針內關、足三里。四花上穴就是足三里,治氣喘很不錯,要留針留久一點。

一般認為痰為哮喘的""宿根"",又有人提出瘀血為哮喘""宿根""的見解,我用活血化瘀的桂枝茯苓丸加入辨證處方中治療各型哮喘,療效不錯。因此,在四花外穴刺血,可以痰瘀並治,治療氣喘有根本的效果。

四花中穴治療氣喘有效,刺血更好。四花外也是如此,但更多用於刺血,可治很多病。四花中穴與四花外穴鄰近,兩穴常一起合用刺血治療各種疑難雜症。

另外,血管硬化的哮喘就在十二猴穴刺血,喉嚨有痰咳不出,在喉蛾九穴以喉結為主上下左右前後扎針,氣管不順也可以在金五穴也就是任脈的幾個穴刺血。","- 1. 水金、水通穴特效(維杰特殊經驗)。
- 2. 重子、重仙甚效。
- 3. 土水中穴特效(維杰特殊經驗)。
- 4. 四花中穴、外穴點刺特效。
- 5. 大白刺血有效。
- 6. 曲陵刺血甚效。
- 7. 太陽穴刺血甚效。
- 8. 四花上穴點刺甚效。

十四經效穴:魚際穴或尺澤穴。","治療氣喘及哮喘,我個人首選穴位是水金、水通,我剛才講過,董老師的水金、水通穴的主治沒有提到治療氣喘,只提到了閃腰岔氣。我講過具有金水兩性的穴都治閃腰岔氣,也治氣喘,如果再加上土性,治療氣喘更好。水金、水通跟土水中(魚際)穴,因為都是土金水三性的穴位,治氣喘特效。

對於穴位的五行屬性,有些人很死板,認為只有五輸穴才有五行屬性,事實上被五輸穴所夾的穴位,五行也很重要,前面我們說靈骨穴,它在木穴、火穴中間,就有木火之性。腎關在屬水的陰陵泉與屬金的商丘之間,就有金水之性。

又如治療半身不遂很重要的木火穴,為什麼叫木火?它在井穴(屬木)、滎穴(屬火)之間,在木穴與火穴中間,所以叫木火。再說大家知道的內關穴,治氣喘胸悶很有效,它不是五輸穴,它是心包經的絡穴,但是它在大陵與間使中間,大陵屬土,間使屬金,內關穴在土金中間,它就有土金兩性,因為從大陵土到間使金的過程必然會經過內關,不是一下子就由土變金了,這中間有一個過程,它在土金中間,所以它有土金兩性,這是我從夾穴理論發展出來的""夾穴五行"",確實是很實用,一般的書上沒有。董氏奇穴要從這方面來發揮、發展,才能擴大董氏奇穴的應用,這也是一個方向。

重子、重仙兩穴夾著土水穴,所以治療氣喘及哮喘還是很有效的。也可以在四花中、外點刺。在四花上點刺也可以治氣喘,我剛才已經舉了一個例子說明。

治療氣喘的穴位很多,曲陵(尺澤)穴用針或刺血都可以,刺血更效。太陽穴刺血也非常有效。

十四經穴我最常用的就是魚際與尺澤。魚際是肺經的滎穴,火金兩治,強心又治肺,尺澤是肺經的合穴,合治逆氣而洩。

我個人最常用的是水金、水通兩穴取一針就好了。我現在多半取水通,因為它直接從支氣管往肺的方向比較好進。另外再扎一個土水中。土水中(魚際)配水通,就是我的""喘二針""。"
58,肺炎,肺炎,matched,內科,第一節肺系疾病,3599,"肺炎是一種常見的呼吸道疾病,有大葉性肺炎、支氣管肺炎等,是由肺炎鏈球菌等細菌感染引起的。大葉性肺炎是呈現大葉分佈的肺部急性炎症,支氣管肺炎在肺部則呈現散在性小塊炎症。主要屬於中醫學""風溫""""咳喘""範疇。","| 肺炎   | 22. 重子穴(有特效)、重仙穴 |
|------|------------------|
| 急性肺炎 | 22. 大白穴(特效)      |","治療肺炎,老師在書裡寫了幾個穴:重子、重仙有效,大白也有效。這幾個穴基本上都與肺有關,大白在大腸經,緊鄰輸穴三間,大腸與肺相表裡,此穴老師說能治小兒發高燒,尤其是刺血。

綜合起來,臨床用穴就是重子、重仙治肺炎,配大白穴刺血就更好。","- 1. 重子、重仙。
- 2. 大白穴刺血。
- 3. 曲陵刺血。
- 4. 土水中穴(維杰特殊經驗)。","重子、重仙治肺炎,配大白穴刺血就很好,已經在前面講過。

曲陵穴也可以治肺炎,曲陵穴扎針就有效,嚴重時才刺血。

曲陵穴相當於肺經的合穴尺澤,善治逆氣的喘咳,五行屬水,能清肺熱,治肺炎。我個人還是以土水穴為主,土水穴就是肺經的滎穴魚際,滎主身熱,最擅退熱。肺經的滎穴,當然退肺熱。重子、重仙和土水中都能治肺炎,為什麼?重子、重仙就在土水旁邊,兩個穴夾了土水中,可以說整個拇指的金星丘(八卦的艮卦所在),都是屬於肺經的區域,所以重子、重仙有效,土水中也有效。臨床可以用土水中配大白,或者土水中配大白刺血,或者土水中配曲陵刺血,治肺炎很好。"
59,心臟病(冠心病),心臟病（冠心病）,matched,內科,第二節心系疾病(附血液病),3632,"冠心病為冠狀動脈粥樣硬化性心臟病的簡稱,是因冠狀動脈粥樣硬化導致心肌缺血、缺氧而引起的心臟病變。以胸骨後、心前區出現發作性或持續性疼痛為特徵。根據病變程度不同,臨床上分為心絞痛、心肌梗死等。心絞痛表現為突然發生的左胸前疼痛,偶向左肩後背及左上肢放射,呼吸困難,胸部有壓榨感。

治療不及時或嚴重者,可致心肌梗死。

冠心病相當於中醫學的""真心痛""""厥心痛""""胸痺""""胸痛""等範疇,本病的發生與年老體衰、腎氣不足,膏粱厚味、損傷脾胃,七情內傷、氣滯血瘀,思慮勞倦、傷及心脾等因素有關。本虛以髒氣虧虛為主,標實則以血瘀痰阻多見。","心臟病

11. 大間穴、心常穴;33. 人士穴、地士穴;44. 地宗穴;77. 四花上穴、四花裡穴;88. 通關穴、通山穴、通天穴","心臟病的治療,董老師書中寫的穴也非常多。四花上、四花裡穴皆在小腿, 四花裡穴針深一寸半至二寸;四花上穴就是足三里,老師說針深二寸治氣喘;三寸治心臟病。皆須針略深。

大間、心常,此兩穴相當於滎穴水平。人士、地士、地宗等穴則在肺經上,肺經中的經穴,用於呼吸系統的最多,其次用於心臟病的也有,這就是董氏奇穴中許多穴既能治療呼吸病,也能治療心臟病的原因,如人士、地士、天士、曲陵等。

觀察董師臨床,他治心臟病最常用通關、通山(夾伏兔穴)來治療。通關、通山、通天是通治心臟病的主穴,我稱之為""心三通"",可治各種心臟病。老師不論是什麼心臟病,一來就是在通關、通山、通天穴中選兩針治療,通常皆選通關、通山兩穴。

通關、通山夾著伏兔穴,伏兔穴是脈絡之會。""以脈治心"",所以這兩穴能總治各類的心臟病,當遇見心臟病搞不清楚怎麼治時,就針這兩穴。通關、通山、通天一般兩邊不能六穴一起針,只要四穴就夠了。老師的意思是說,這類的病四針就可以了,多了也沒有作用,也未必能太好。

地宗穴下有橈動脈、肱動脈,能調整血液迴圈,強心復甦,效同火硬,道理相同,所謂""以脈治脈""也,亦""以脈治心""也。針深一寸治心臟病及血管硬化。","- 1. 心門穴、四花上穴。
- 2. 通關穴、通山穴。
- 3. 四花中、外點刺出血。

十四經效穴:①內關;②足三里;③尺澤、曲澤刺血。

治心臟病,我臨床常用心門穴,此穴老師沒有說能治心臟病,只提了心臟炎,還有心跳、胸悶、嘔吐、乾霍亂。事實上心門穴治心臟病是很好的。

老師所講的心臟炎相當於心肌炎,心肌炎是一個常見的病,即病毒性心肌炎,多半在感冒以後發病,很多年輕人來說胸悶,氣短,心律不齊,或者心悸,心跳加快,仔細問問,幾周或幾個月前感冒過,治療病毒性心肌炎可以用心門穴,配四花上很好。心門穴相當於十四經的內關。

另外,通關、通山是老師總治心臟病的常用穴,各位遇到心臟病一時不知道怎麼治療,可以先針這兩穴。

四花中、四花外刺血治心臟病非常好。我講過曾經有一位老太太年輕時,來找我治膝蓋痛,她還有心臟病,等著手術,後來我治好她的膝蓋,並幫她在四花中、外刺血,也在肘彎刺過血,刺完血就針內關、四花上(足三里),就是這樣,經過兩三個月的治療,檢查狀況很好,就沒有做手術。後來到 90 多歲得了腸癌,在開刀手術之前,檢查心臟還是很好。

在四花中、四花外刺血,能夠痰瘀並治。膽固醇高、脂肪高,最後不是脂肪肝就是心臟病。我們知道冠心病,是冠狀動脈粥樣硬化性心臟病的簡稱,冠狀動脈粥樣,就像稀飯一樣,黏黏膩膩的,就是油脂把血管堵塞了,在中醫來說那就是痰及瘀,所以在四花中、外放血,就是消心臟的痰脂及瘀血。

嚴重的心臟病,在四花中外點刺,配合肘彎刺血非常好。有心臟病的人很多都有氣喘,心肺病常常連在一起。肘彎一帶刺血包括了筋內的尺澤,及筋外的曲澤,刺血的時候常常一起刺,心肺都治了。

心臟病在十四經的用穴,我就是以內關、足三里為主,內關為心包經絡穴,《靈樞·經脈》篇說其主治""心繫實則心痛,虛則為頭強""(按:頭強兩字,《甲乙經》作煩心),在心臟病中應用最多。足三里能補益正氣寧心,《玉龍賦》有""心悸虛煩足三里""。內關、足三里配伍治療心悸虛煩甚效。

在肘彎及四花中、外刺血是治療心臟病最根本、最有效的方法。",
60,心臟麻痺,心臟麻痺,matched,內科,第二節心系疾病(附血液病),3688,"心臟麻痺,即急性心肌梗死,是心臟冠狀動脈或其分支梗死後,心肌急性缺血、壞死的一種病症。發病急、病情重,以突發劇烈胸痛如刀絞,大汗淋漓,手足

口唇發紺,呼吸困難,甚則休克為主要表現。《甲乙經》說:""真心痛,手足青至節。""","| 心臟麻痺                | 33. 曲陵穴(三稜針);66. 火主穴;77. 四花裡穴 |
|---------------------|-------------------------------|
| 心臟麻痺<br>(心悶難過、坐臥不安) | 77. 四花中穴(三稜針黑血)、四花副穴(三稜針黑血)   |
| 急性心臟麻痺              | 1111. 後心穴(三稜針)                |
| 強心(昏迷狀態時使用)         | 66. 火硬穴                       |","心臟麻痺是一種急症,後心穴在背部,由火金兩大類穴組成,選穴以靠近心臟的幾個穴為主,不必十三穴皆針,治療心肺之病確有卓效,以三稜針刺血,治療急性心臟麻痺甚效。

老師是在肘彎曲陵穴,用三稜針來刺血。另外針四花裡也有效,四花裡很貼近骨頭,要注意刺血不要太貼骨。

我也是在肘彎曲陵刺血,然後針火主,火主穴不必刺血。針火硬也有效,火硬穴能夠強心,在昏迷狀況可以使用。火硬、火主位於太沖跟行間後面。火主穴貼骨。

治療此症,比較多采用刺血針法。也可以在四花中、四花副刺血,但有的時候遇上這種病,沒帶三稜針或者一下子不方便用,那就趕快針火主,火主配火硬倒馬,或配內關更好。

我個人在肘彎刺血,包括了尺澤跟曲澤,心肺都治,前面已經講過了。肘彎刺血,自古以來都被認為治療急性心臟麻痺有效,四花中、外刺血也有效,但似乎沒有曲陵效果快,而且曲陵取穴比較方便。

在肘彎刺血以後就針火硬、火主,如果能配內關更好。這是急救的治法。","- 1. 曲陵穴點刺放血效果很好(維杰特殊經驗)。
- 2. 四花中、外放血效果很好。
- 3. 火包穴點刺出血甚效。
- 4. 針火硬、火主有效。

5. 針地宗穴有效。","火硬穴能夠強心,在昏迷狀況可以使用。火主穴能治心臟麻痺(下有太沖脈, ""以脈治心""),其次在肘彎及四花中、外刺血是治療心臟病最根本、最有效的方法。

一般的急救,我都先針內關,雖有效果,但其實不如火主、火硬。急救我用過內關穴,當時效果還差點,就加了太沖後面的火主,針了以後就轉好了。後來我也看了一些文獻報道,說太沖能治療心臟麻痺,急救心臟病有時候比內關好。所以我們用內關配火主當然更好。

老師說地宗穴""針深二寸治重病,兩臂之穴同時下針""。所謂重病者,指""能使陽症起死回生"",當是心臟麻痺、心絞痛一類重病。"
61,真心痛,真心痛,matched,內科,第二節心系疾病(附血液病),3737,"心絞痛屬於中醫""胸痺""""真心痛""""厥心痛""的範疇,多為冠狀動脈粥樣硬化性心臟病的一個主要臨床症狀,是由於急劇的暫時性心肌缺血、缺氧所致。多因體力活動、情緒激動、飽餐等而誘發。為胸骨後或左前胸的壓榨性、壓迫性疼痛或燒灼感,疼痛部位比較固定,並向左肩及左臂放射。時間大多持續3~5分鐘,一般不超過半小時。休息或服用硝酸甘油可得到緩解。","心痛

55. 火包穴","真心痛,也就是心絞痛,與心臟麻痺一類,但還有更嚴重的心肌梗死,治用火包穴。火包一名相當於心包,火包穴位於第二個腳趾的腳底下,本穴在胃經上,透過""胃與包絡通"",治心絞痛甚效。本穴位置接近井穴,故能急救,治真心痛,痛如絞,甚效。用三稜針扎出黑血立即見效。","- 1. 在火包穴點刺出血甚為有效。
- 2. 肘彎(曲澤、尺澤一帶)點刺出血甚效。
- 3. 地宗。

- 4. 火主、火硬。
- 5. 通關、通山。","在火包點刺出血甚效,是老師的經驗,已在前面講過。地宗穴能治心臟麻痺、心絞痛,也已在前面講過。肘彎刺血是我的經驗,也是非常好,可以治療急性心肌梗死、心絞痛。也可以在肘彎刺血後,再針火包或火主、火硬更好。

通關、通山,老師的主治是心口痛、心兩側痛,治療的是比較緩和的疼痛,也是平時的固本治法,不用於急救。"
62,胸悶,胸悶,matched,內科,第二節心系疾病(附血液病),3770,,"| 胸部發悶  | 11. 小間穴、中間穴;77. 四花中穴(三稜針) |
|-------|---------------------------|
| 胸痛及發悶 | 33. 火陵穴、火山穴               |
| 胸部發脹  | 33. 天士穴;77 四花外穴(三稜針黑血)    |
| 心跳胸悶  | 33. 心門穴                   |","胸悶不一定是心臟病引起的,但常常胸悶久了就要小心是否患有心臟病了。治療胸悶,老師有幾個穴位:小間、中間、四花中用三稜針;胸痛及發悶用火陵、火山;胸部發脹用天士、四花外刺血;心跳胸悶老師用的是心門穴。

火陵穴位於三焦經,在火串穴(支溝穴)後兩寸處取之。火山穴在火陵穴後一寸五分,兩穴皆手撫胸取穴。老師書中火陵穴的主治是:""胸痛及發悶、發脹。""火山穴主治寫""同火陵穴"",又說:""胸痛及發悶、發脹,則火陵、火山兩穴同時用針,但注意只宜單手取穴,不可雙手同時用針。""

火陵、火山穴治療胸痛、胸悶、胸脹有顯效,據經驗兩手同時下針,並無不良作用。單手取穴則以右邊穴為主。

三焦經與心包經相表裡,火山、火陵是透過三焦與心包通來用的。董氏奇穴在心包經上沒有穴位,這與董氏奇穴""重陽輕陰""有關,所以治心包經的病變,用三焦經的穴位來代替,火山、火陵老師用來治療心包的病變。

嚴重的胸痛及發悶、發脹,在四花中、外刺血比較好,能夠痰瘀並治,已在冠心病的部分說過了。

心跳胸悶就是心悸胸悶,心肌炎多見此症,針心門穴甚效。","- 1. 火山、火陵同時下針(禁用雙手)。
- 2. 四花中及四花外點刺甚佳。

十四經效穴:內關。","火山、火陵,這兩個穴在三焦經上,透過三焦與心包通來治療心包的病變,已如前述。事實上,針火串穴也有效,火串穴在火陵下兩寸處,等於三焦經的支溝穴。四花中及四花外點刺甚佳,也已在前面說明。

心臟病在十四經的用穴,我以內關、足三里為主。一般胸悶針內關穴就很有效,常常是內關一針紮上去,症狀立刻就會緩解,心胸開闊。內關我們現在絕大多數都是握手取穴,在《內經》中是伸手取穴的,內關穴很容易有觸電感,很多人握手取穴,一有觸電感,中指伸開來,針就彎了。"
63,心悸,心悸,matched,內科,第二節心系疾病(附血液病),3807,"心悸是指病人自覺心跳異常、心慌不安。中醫學文獻中另有""驚悸""""怔忡"" 的名稱。心悸顧名思義,因悸而驚是指因受驚而發,病情多較輕;怔忡乃無故而心動驚惕,多見於器質性病變,病情較重,病程較長。

心悸是一個常見症狀,在許多疾病中均可出現。有心神不安所致者,有心血不足所致者,有心陰不足者,有心陽不振而致者,病情多重,且多有心臟器質性病變,應慎重處理。有瘀阻心絡所致者,則多表現為心絞痛,心悸亦成為次要問題,宜按心絞痛處理,治宜活血逐瘀、通絡止痛。","| 心跳 | 11. 小間穴、中間穴、心常穴;22. 重仙穴;33. 人士穴、火串穴、曲陵穴;44. 肩中穴;66. 火硬穴、火連穴、火菊穴;77. 四花上穴、四花裡穴;88. 通關穴、通山穴、通天穴;1010. 州火穴;1212. 胃毛七穴(三稜針)。 |
|----|--------------------------------------------------------------------------------------------------------------------------|
| 心驚 | 11. 膽穴                                                                                                                   |","董老師書上的心跳,就是心悸,即心慌不安,忽然亂跳。老師治療心跳的穴位很多,幾乎每個部位都有穴位可治,小間、中間在手指,心常穴也在手指,重仙在手掌,人士、火串、曲陵在前臂,肩中在上臂,火硬、火連、火菊在腳上,四花上、四花裡在小腿,通關、通山、通天在大腿,州火在頭上,胃毛在胸部。這麼多穴,怎樣選用?一是看取穴方便,二是看有什麼其他症狀,例如肩背痛兼有心悸,就用重仙;膝蓋痛兼有心悸,就用肩中。

有其他心臟病兼有心悸,就針火硬穴,或者通關、通山、通天三穴選二。若有頭暈、血壓高的症狀,就針火連、火菊穴。

如果是心跳加胸悶,我個人常用心門穴。現在很多人有胸悶心悸症狀,我們就針心門。

另外,心驚是指因受驚而發,針膽穴,這個心驚主要是容易害怕受到驚嚇,不一定是心悸。例如小兒夜裡做噩夢,會哭,那種心驚就用膽穴。小兒受到驚嚇哭得厲害,叫家長按壓他的膽穴,就可緩和下來。膽穴能治療小兒夜哭,小兒受驚也有效。心驚而兼心悸的可按心悸加針。","- 1. 心門穴。
- 2. 心常穴。
- 3. 火串穴。
- 4. 耳尖點刺出血
- 5. 火硬穴。
- 6. 火菊穴。

十四經效穴:內關。","心悸就是心慌慌的,心臟忽然跳動不正常,突然受到驚嚇也會如此,因受驚而發的可以針膽穴。

一般的心悸針心門穴、心常穴就夠了。十四經常用內關,配神門更好。

心門是治心臟病很好的穴位,但如果是心律不齊,跳得太快太慢就用心常穴,使心臟正常。

至於火硬穴及火菊穴。在有其他心臟病兼有心悸,就針火硬穴。若有頭暈、血壓高的症狀,就針火菊穴。

耳尖穴點刺治心悸也有效。根本治療應該要扎心門,再點刺耳尖。

關於耳尖點刺,《傷寒論》第 64 條說:""發汗後,叉手自冒心,桂枝甘草湯主之。""發汗過後,手摸到心這裡,就是叉手自冒心。因為發汗太多了,心陽虛了,所以如此,要用桂枝甘草湯辛甘溫,復心陽。《傷寒論》第 75 條說:""未持脈時,病人叉手自冒心,師因試令咳而不咳者,此必兩耳聾無聞也,所以然者,以重發汗虛故如此。""醫生問病人,病人好像沒有聽到,有耳聾的現象,這個可能是發汗過多傷到了心陽。因為汗為心液,心主汗。耳朵聽不到,大家都認為是腎開竅於耳,不知《素問·金匱真言論》裡面講了""心亦開竅於耳"",遇見這種心悸,可在耳朵點刺。

桂枝甘草湯是中醫治療心悸的基本方,所有治療心悸、氣衝、心跳、心律不齊的方子,都在其基礎上加減變化。例如炙甘草湯、小建中湯、苓桂術甘湯、茯苓甘草湯、苓桂甘棗湯、桂甘龍牡湯等。"
64,心律失常,心律不整,matched,內科,第二節心系疾病(附血液病),3860,"正常成年心臟跳動頻率節律規整。心律失常是指心臟活動的規律發生紊亂,心臟內衝動的起源或其傳導發生異常,或順序發生改變,引起心律不規則。

臨床主要症狀為心悸、胸悶、氣急、頭暈、乏力,偶有噁心、嘔吐、心前區疼痛或暈厥。心律失常可見於心臟的多種器質性病變,屬於中醫""驚悸""""怔忡""""胸痺""範疇,主要由於心血不足、心陽不振或瘀血阻絡所致。",,,"- 1. 心常穴甚效。
- 2. 心門穴甚效。
- 3. 通關、通天有效。
- 4. 四花中、外穴點刺出血有效。
- 5. 三叉三穴(維杰特殊經驗)。
- 6. 耳尖穴點刺出血甚效(維杰特殊經驗)。

十四經效穴:心率慢:通裡、素髎;心率快:內關、間使。","治療心律失常,心常穴效果很好,心門穴也不錯。三叉三也有效,為什麼?因為三叉三透針以後就到了少府(手解)。少府(手解)是火經的火穴,滎穴主身熱,可清火,治心跳太快。

通關、通山、通天,三穴選二,也是不錯的。我剛才講了,心臟病不論是心臟麻痺、心肌梗死、心跳過速或是心驚心悸,都可以針這三穴。老師治心臟最常用的就是通關、通山。病人說心臟不好,大概症狀瞭解了,只要不是急性的,不必放血,就在通關、通山、通天扎針。我為了方便,最簡單的就是針心常穴,心律不齊,跳得太快、太慢都可用。

心跳過速最常用心門穴。通關、通山、通天比較偏向於治療慢性的。四花中外點刺是善於治久病的。三叉三因為治的病很多,在兼有其他症狀的時候,可以選用。

有一次我在洛杉磯教課,有個學生,下午第一節課沒來,等到第二節上課時才到。我就問他怎麼回事,他說自己一到中午心跳得特別快,必須去睡個午覺。我替他針了心常穴,說看看明天會不會好一點。由於針過心常穴,次日就很好,再針了一次,第二天上課也很好,就叫他回家以後自己針幾次。這個心常穴就是治療心臟跳動不正常,尤其心跳得太快,針此穴很好。

十四經用穴,可就心率快慢擇穴治療。心率慢,針通裡、素髎,素髎在督脈,能溫陽提振,通裡為心經絡穴能活血調脈。心率快,針內關、間使,內關為心包經絡穴,間使為心包經經穴,兩穴倒馬亦常用於心臟病。"
65,病毒性心肌炎,病毒性心肌炎,matched,內科,第二節心系疾病(附血液病),3891,"病毒性心肌炎多發於兒童和青壯年,當前已成為常見的心臟病之一,很多患者在發病之前常有感冒病史。

各種病毒都可引起心肌炎,最常見的是腸道和呼吸道病毒。多數患者在發病前可有發熱,全身痠痛,咽痛,腹瀉等病史。稍後即出現胸悶,呼吸不暢,心前區隱痛,心悸,乏力,噁心,頭暈等心肌炎的表現,部分患者還可能以心律失常為首發症狀。

病毒性心肌炎在中醫無特定的病名與其對應。相當於中醫的""心悸""""胸痺""""怔忡"",及""溫病""等範疇。正氣不足、邪毒侵心是發病的關鍵,情志、疲勞、外感等因素又成為發病的誘因。","心臟炎

33. 心門穴;77. 四花中穴、四花副穴",,"- 1. 心門穴。
- 2. 通關、通山、通天。
- 3. 耳尖刺血(維杰特殊經驗)。
- 4. 四花中、外穴刺血。

十四經效穴:內關及足三里合用很好。

# 【解說】

我個人經驗,用心門穴治療心肌炎確實不錯,按照三焦部位對應,從倒象來看,心門穴偏於上焦,而且它位於小腸經,小腸與心相表裡,相當於小腸經的合穴,合治內腑,能治療心臟病。

通關、通山、通天為通治心臟病要穴,可從根本上治療心臟病,不用三個穴都取,一般兩邊各取兩針,四針就可以了。

耳尖刺血也是治療心肌炎很好的穴位,這幾針就夠了,急性期可在四花中、四花外刺血,有助於清熱解毒。

十四經穴,用內關配足三里合用很好。","董師書中沒有心肌炎之名,只有心臟炎。治療的穴位有心門、四花中、四花副,心門可用於心前區隱痛、心悸、心律失常。

心肌炎大多熱重傷陰,早期以清熱解毒為主,佐以滋養心陰;後期著重滋養心陰,清熱解毒為輔。四花中、四花副刺血能清熱解毒,掃除原發病灶,有利於心肌恢復。"
66,心臟血管硬化,心臟血管硬化,matched,內科,第二節心系疾病(附血液病),3934,,"| 心臟血管硬化 | 77. 四花中穴(三稜針黑血)、四花副穴(三稜針黑血) |
|--------|-----------------------------|
|        | 77. 四花中穴(三稜針黑血)、四花副穴(三稜針黑血) |
| 兩側痛)   |                             |","剛才講冠狀動脈粥樣硬化性心臟病,簡稱冠心病,跟油脂太高有關,所以在四花中及四花副穴刺血。老師這裡寫的是四花中,沒有寫四花外穴,但老師常在四花外刺血。

四花外穴在四花中穴旁邊,緊鄰豐隆穴旁,可以豐隆穴論之,""痰會豐隆"", 能清降痰濁。中醫認為脾胃聚溼為生痰之源,本穴為胃經絡穴,能溝通脾胃表裡,因此有清降痰濁之功。

痰為致病重要元素,脾胃為生痰之源,肺為儲痰之器,針刺四花外穴可調整脾胃氣機,使氣行津布,中土得運,痰溼自化。因此,凡與痰有關的病患,包括血管硬化,皆有療效。油脂太高系脂肪在體內代謝失調所致,屬中醫瘀濁阻滯,豐隆穴(四花外)可疏通脾胃二經的氣血阻滯,除溼化痰,化瘀通腑,治療高脂血症所致之心臟血管硬化。

""痰會豐隆"",刺之能化痰,以三稜針點刺出血,又能活血,如此則痰瘀並治, 專治各種疑難雜病,與四花中穴並用點刺尤佳。","- 1. 四花中、四花外穴點刺放血特效。
- 2. 委中穴點刺放血有效。
- 3. 五嶺穴(第4~7椎外旁開1.5寸及3寸)點刺法特效。","老師說四花中穴(三稜針黑血)可治心臟血管硬化,沒有提到四花外穴,我們要將四花外穴補進去,因為該穴緊鄰豐隆旁邊,豐隆是痰會,心臟病多半是血脂高造成瘀血,所以要痰瘀並治,在四花外刺血,不但治瘀還治痰。四花中、外一起刺血

當然最好,因為四花中善於治心肺的病,它在足陽明經,經絡走向能治心肺。四花外是根據病理來治療心肺,由於肺臟的病多半都有痰,還有咳喘等,胃為生痰之源,肺為儲痰之器。所以你愛吃生冷的,胃生痰,影響肺就變成咳嗽氣喘。

愛吃甜的、油的,長此以往,就容易患粥樣動脈硬化。所以四花中、外一起刺穴很好,可治療各種心肺疾病。我看董老師治療一些疑難雜症,就四花中、外一起刺血,包括肺癌,能延緩病勢。肘彎刺血也能治療呼吸系統疾病,因為肺經的合穴尺澤在這裡,心包經的合穴曲澤也在這裡,所以肘彎刺血也是治心肺很有效的穴位。

血管硬化,在五嶺穴(第4~7椎外旁開1.5寸及3寸)點刺出血,屬於區域性治療,這是在背後的心肺部位點刺,非常有效。

至於委中刺血,我現在不太用了,在我早期的書裡面有記述。"
67,白細胞過少,白血球過少,matched,內科,第二節心系疾病(附血液病),3973,,"白細胞症

66. 木留穴;88. 明黃穴(特效)、天黃穴(特效)、其黃穴(特效)","我們看白細胞過少,我把幾個血液病都放在心繫疾病下來敘述,用的穴位基本上都與上三黃穴有關。

白細胞過少,董老師的書裡面寫了木留,還有上三黃。上三黃包括明黃、天黃、其黃穴,臨床驗證確實特效。

木留穴位於足三四趾之間,胃經支脈行於此,陽明經多氣多血,此穴調氣血作用甚強。又介於少陽及陽明經脈之間,主治病以少陽陽明合病及肝脾兩髒之病為主,所治之病皆屬肝脾之病。肝主血,脾統血。本穴治療血液病甚為有效。

若以中趾尖為足厥陰井穴(有此一說及考究),則木鬥穴可比擬為足厥陰之滎穴,木留則可比擬為足厥陰之輸穴。本穴尚能治脾腫大、消化不良、肝病、疲勞、膽病等,此皆屬肝脾之病,與上三黃穴亦有類似之處。","- 1. 針上三黃穴。
- 2. 針木鬥、木留穴。","血液病一般都是針上三黃。木鬥、木留,也可以治這些病(血液病),因為它們在第三、四趾之間,主要可以調肝脾。

其實我們治療一些血液病,以上三黃配下三皇最好,就是上三黃取二針,加一針腎關,或者三陰交,血液病針三陰交(人皇)甚好,也就是上三黃配人皇。有的時候也可以用下三皇配上三黃的明黃,總而言之,上三黃一定要有一針。

血液病為什麼要針大腿的上三黃?因為大腿是我們人身最長骨頭的所在,骨髓跟造血有關,天黃、明黃、其黃這三針剛好就在大腿的長骨上。中醫講血液病並不是只與心臟有關,心生血,肝藏血,脾統血,心、肝、脾都與血液有關。貧血的病人,我們常用歸脾湯心脾兩治。"
68,白細胞過多,白血球過多,matched,內科,第二節心系疾病(附血液病),4008,,"白細胞症

66. 木留穴;88. 明黃穴(特效)、天黃穴(特效)、其黃穴(特效)","白細胞過多、過少都是針上三黃,及木留穴,這些穴對血液病有雙向調節作用。","- 1. 三黃穴特效。
- 2. 木鬥、木留穴。
- 3. 下三皇穴。","血液病針上三黃或木鬥、木留的方法與原理,及與下三皇的配用,已在前面講述得很清楚了,這裡就不再多說了。"
69,貧血,貧血,matched,內科,第二節心系疾病(附血液病),4028,,"貧血

33. 火腑海穴;77. 天皇副穴(腎關)","貧血的治療,老師說在火腑海穴灸治,先針再灸更佳。火腑海穴與手三里位置相合,由於大腸經多氣多血,調理氣血作用極強。天皇副(腎關)是扎針,此穴在天皇穴下,本穴具土水二性,亦有脾腎雙補作用,治血液病亦甚效。

老師書上寫了通關、通山治療腦貧血,一般的貧血也可以治療,蓋通關、通山為脈絡之會,能調理血脈治心,且在胃經上,胃經多氣多血,所以亦能治貧血。","- 1. 上三黃穴有效。
- 2. 木鬥、木留穴。
- 3. 下三皇。
- 4. 通關、通山。","貧血的治療,也是上三黃比較好。也可以針木鬥、木留,肝脾兩治。上三黃可以配腎關,因為腎關位於脾經,是很重要的穴位。若能灸,灸火腑海最好,若不灸,就用天皇副(腎關)配上三黃,這是很好的治法。基於雙向調節,這樣來治療血液病,包括了白細胞過少、白細胞過多、紅細胞過少等,都有效。除了下三皇配上三黃,也可用木鬥、木留配下三皇或配上三黃,這些穴可以互動輪用。

以上幾個血液症,大概就不出上三黃配下三皇,上三黃配木鬥、木留,下三皇配木鬥、木留,掌握兩組穴位就可以了。

通關、通山為脈絡之會,能調理血脈,且在胃經上,胃經多氣多血,能治貧血。十四經取穴,可針內關、足三里,或內關、公孫,心脾兩治。"
70,其他血液病,其他血液病,matched,內科,第二節心系疾病(附血液病),4059,"| 紅細胞過多                         | 99. 土耳穴           |  |
|-------------------------------|-------------------|--|
| 止血(包括跌傷,刀<br>傷出血或是打針血<br>流不止) | 66. 六完穴;55. 花骨四穴。 |  |",,"來看看其他血液病,紅細胞過多是指紅細胞超過正常值,會引起血液變濃,

不易流動,血管容易阻塞。症狀有:頭痛、面色紫紅、目眩、血壓高、脾腫大、胸部壓迫感等。真性紅細胞過多是骨髓異常增生的疾病,繼發性紅細胞過多是組織缺氧的代償反應。老師書上只寫了針土耳穴。土耳穴相當於於耳穴之脾區,能治與脾相關之病,用於紅細胞過多有效,但只此一穴,力量顯然不足,仍然要從肝脾著手,上三黃、木鬥、木留、下三皇都可作為治療針。

止血用六完穴,此穴在第四、五趾後面,膽經俠溪穴後五分,一說與俠溪相符。為什麼叫六完,這是從河圖而來,天一生水,地六成之,一為水之生數,六為水之成數。這個六就是水,水能滅火,止血藥也多為黑色,黑色為水之色,故止血甚效。止什麼血最好呢,對出血遷延不止有效,例如拔牙、打針以後的出血不止等。

但用六完穴有一點要注意,如果是氣喘咳嗽,尤其是慢性氣喘的,一般不宜針這裡,因為本穴穴性屬水,一則水性寒斂,有收斂作用,二則利於血分不利氣分,因此哮喘、肺病、痰多等病多禁用此穴,或恐止血有礙化痰,反而對病不利。

花骨四穴也能止血,而且就在六完穴腳底,兩穴只是腳面腳底的不同而已。六完穴一般是在俠溪後面,俠溪也可以止血,可以止血主要是它有水性。有一點值得探討,老師把第四、第五腳趾的兩個穴位,一個叫六完(俠溪),一個叫水曲 (臨泣),都把它歸為水,俠溪叫六完,五行本身也屬水,這個沒有問題。但後面的臨泣,董師把它稱為水曲,是因它能利水,與腎相應,曲者彎曲也,彎曲者筋之作用也。臨泣為八脈交會穴之一,通於帶脈,常配外關穴治療手、足少陽經所經過部位與其所屬絡之臟腑的病症,本來就治帶脈的病,但臨泣為膽經輸穴,五行屬性為木,董師叫它水曲,為什麼把它歸屬於水呢?這可以從五行對應來講。

手掌與腳掌各有一個小太極,有縱太極,就是我們前面說的正象和倒象。還有橫太極,是按三焦五行排列的,手掌與腳掌的太極上下是對應的。例如:**手大指二指之間**的靈骨、大白有木火性,腳上蹬趾跟第二趾之間,火硬、火主也是木火,因為是肝經的穴位,老師叫它們火硬、火主,也是有木火兩性。**手上二三指間**有上白穴,白與金性有關,腳上二三趾間的穴位門金,也是有金性。腳上第三、四趾間跟肝膽有關,有木性,腳上的穴也就取名是木鬥、木留。**手上三四指間**老師沒有穴位,我根據腳上的木性,發現了次白穴,穴性亦為木,善於治腳抽筋,及小腿痛。**手上四五指間**老師叫中白,開鬼門治水病,有水性。那麼腳上四五趾間的穴,就有水性,六完、水曲也就能治水病。而事實上臨泣也確實能治水病,《玉龍

歌》就說:""小腹脹滿氣攻心,內庭二穴要先針,兩足有水臨泣瀉。""

腳的最內緣,董氏奇穴有火連、火菊、火散。火連、火菊是脾經的,火散是腎經的,具有土水之性。手上拇指內緣的穴位就叫土水,土水穴或許就是這樣來的,根據上下的五行相對,而這樣相配的。也許老師及其先祖都不知道有這樣的對應,但我將其規律找了出來,是有這樣聯絡的。其實稱為土水應該與卦象有關,太極包括了五行及八卦。

這種五行定穴,可以說是橫太極,也有著橫三焦的意味,大家自己思索一下,是否如此。",,
71,胃病,胃病,matched,內科,第三節脾胃病,4089,,"| 胃病   | 66. 火主穴;88. 通關穴、通山穴、通天穴;1111. 後心穴(三稜針);1212.<br>胃毛七穴(三稜針) |
|------|-----------------------------------------------------------|
| 久年胃病 | 22. 土水穴                                                   |","我們看脾胃病。火主穴為木經土穴,主要是治肝脾不和,肝脾鬱滯,情緒影響所致的胃病,很多人情緒不開朗會有胃病,那就扎火主穴。

當年跟診,我看老師治一些重性的胃病,在四花中、外刺完血以後,就在通關、通山、通天三穴,取兩穴扎針。這三針都在胃經上,治胃病當然合拍,但這三針老師主要是用來治療心臟病的,此時則有點補火生土的味道。

久年胃病,可以針土水穴,土水穴在肺經。我們知道肺經""起於中焦,下絡大腸,還循胃口……"",所以肺經到了大腸也到了胃,土水穴雖在肺經上,治腸胃病也很有效。","1. 四花中、外穴點刺出血特效。

- 2. 四花上穴點刺出血甚效。
- 3. 刺血後針通關、通山甚效。

十四經效穴:梁丘。","我們看臨床用穴,四花中、外點刺出血,治療慢性病、久年胃病非常好。四花上也可以點刺出血,有的人四花上不一定有青筋,但是他四花中、四花外比較多,那就刺四花中、外。有的人小腿中下段可能青筋不多,但四花上青筋多,那就在四花上刺血。刺血後再扎通關、通山,這是老師的扎法。對於久年胃病,我有時也在小腿上刺血。

我治療胃痛,常用內關、足三里,與通關、通山有異曲同工之妙。梁丘是胃經的郄穴,治療急性胃痛非常有效。"
72,胃炎,胃炎,matched,內科,第三節脾胃病,4124,"胃炎,發病率居各種胃病首位,是以胃黏膜炎症為主要病理變化的慢性疾病。慢性胃炎缺乏特異的臨床症狀,一般有食後飽脹、噯氣、納差等。萎縮性胃炎有貧血、消瘦、腹瀉等。

本病屬中醫""胃脘痛""""痞滿""等範疇。主要是由於飲食不節和情志所傷而發病,中醫治療有良好效果。

一般將慢性胃炎分為慢性淺表性胃炎、慢性萎縮性胃炎和慢性肥厚性胃炎。積極防治慢性胃炎,是降低胃癌發病率的有效措施。

由於在眾多臨床分型中脾胃虛寒型佔大多數,故益氣健脾最為廣泛。活血化瘀可增加胃黏膜血流量,改善微迴圈,促進胃黏膜固有腺體再生,使腸化消失, 胃黏膜恢復正常屏障。","胃炎

22. 土水穴;66. 門金穴","老師的書上胃炎就是針土水、門金這兩個穴。門金是治療胃痛非常好的穴位,就在胃經陷谷後面貼骨,據《針灸大成》之定位:""陷谷穴在內庭後二寸。""並

且有些書指出陷谷在第二、三蹠骨結合處,則本穴與陷谷相符。陷谷是胃經的輸穴,輸主疼痛,門金是治療胃痛首選,一般只需要針此穴就可以了。胃炎還包括胃痛、嘔吐,土水穴、門金穴都可以治,但主要是門金就夠了。慢性胃痛,門金穴一針也可見效。","- 1. 針門金穴。
- 2. 四花上。
- 3. 通關、通山。
- 4. 四花中、外點刺。

十四經效穴:內關、足三里、公孫、中脘。","治療胃炎,主要針門金,像胃痛、胃脹,都有效。如果配合梁丘,對於急性的胃痛,能立刻見效。或者說針門金配合四花上治胃炎也很好,四花上就是足三里。

十四經穴方面常用內關、足三里、公孫、中脘。內關透過心包絡與胃通,善治胃病。內關配足三里,常用於治療各種胃病。內關配公孫,是八脈交會用法,公孫與內關兩穴透過足太陰脾經、手厥陰心包經、衝脈、陰維脈會合於胃、心胸,能治心胸胃部病變,如胸悶、胸痛、心悸(各類心臟疾病皆效)、腹脹、嘔吐、呃逆、胃脘痛、洩瀉等疾病。中脘穴位居胃脘之中,正當胃的中央,又為胃之募穴,是胃腑之氣會聚之處。胃屬土,居六腑之中,""六腑皆稟氣於胃"",脾胃同為後天之本,胃在六腑中有重要作用,中脘尤其善於治療各種胃病。"
73,胃酸過多,胃酸過多,matched,內科,第三節脾胃病,4165,,"胃酸過多

77. 天皇穴、天皇副穴(腎關)","治療胃酸過多,老師書裡寫的是針天皇穴、天皇副穴。天皇就是陰陵泉,是脾經合穴,合治內府,也包括了胃。腎關在天皇穴下一寸半,兩穴倒馬治療胃酸

過多有效。

老師在天皇穴及天皇副穴的主治專案,寫著胃酸過多,接著寫反胃(倒食症),兩病有關聯性,胃酸過多反流,就成倒食症了。

胃經的梁丘,可以治療胃酸過多。梁丘是郄穴,可以抑制胃酸。","- 1. 針天皇穴、腎關穴。
- 2. 針通天穴、通胃穴。","治胃病,另外常針大腿上的通天穴、通胃穴,通胃這個名字,顧名思義能治胃病,這也是一組扎法。但最常用的,還是天皇配腎關,這兩針倒馬一起用。

## (一)董師原書設穴

反胃(倒食病)

77. 天皇穴、天皇副穴(腎關)

## 【解析】

我們看反胃,董老師原來的書裡面,天皇穴及天皇副穴的主治專案,寫著胃酸過多,接著寫反胃(倒食症),用括號強調反胃與倒食症是一回事。天皇穴與天皇副穴,同在脾經上,可以治胃酸反流、反胃(倒食症),這兩穴倒馬一起用針,效果不錯。

# (二)臨床常用選穴

- 1. 針天皇、腎關。
- 2. 門金。
- 3. 總樞點刺出血。

## 【解說】

天皇穴及天皇副穴,單獨皆可治療倒食症、胃酸過多,兩穴相配倒馬更好。

老師在天皇穴主治下,寫""胃酸過多,反胃(倒食症)"";在天皇副穴主治下,寫""胃酸過多,倒食症""。一起寫,表示倒食症與胃酸過多有關,我們知道胃酸過

多,如果反流就是倒食症了。目前食管反流的病人很多。據統計,在美國有7%~8%的人有胃酸反流。在中國臺灣,患此病者保守估計亦達百萬人之多。

現代人工作壓力大,作息不正常,食無定時,喝咖啡提神減壓,都易造成本病。心口灼熱,感覺酸液反流,口吐酸水,是胃食管反流的典型症狀。胃酸反流如果處方用藥,就用小柴胡湯和半夏瀉心湯合方,我已經治過很多病例,很快就見效。

針刺就用天皇穴、天皇副穴倒馬,它們同在脾經上,治胃酸反流效果不錯。

門金是胃經的木穴,有木土兩性,善於調治肝脾不和、精神壓力大形成的疾病,治療胃酸反流有效。比較嚴重的胃酸反流,也可以在總樞穴點刺放血。"
74,消化性潰瘍(胃、十二指腸潰瘍),消化性潰瘍（胃潰瘍、十二指腸潰瘍）,matched,內科,第三節脾胃病,4226,"本病為一多發病,總發病率佔全人口的 10%~12%,男性比女性多見。十二指腸潰瘍比胃潰瘍多見。

本病病因複雜,有遺傳因素,地理環境因素,精神因素,飲食、藥物與化學品, 吸菸等。近年有人提出幽門螺桿菌感染是胃潰瘍的主要病因。

臨床表現最常見呈長期規律性發作的上腹部疼痛。胃潰瘍多在食後 1 小時內發生,十二指腸潰瘍多發生在兩餐之間直至下次進食,定時發生的半夜疼痛具有特徵意義。其他症狀還有反胃、泛酸、噁心、嘔吐、噯氣等。",,,"- 1. 四花中、外穴點刺特效。
- 2. 解溪穴至門金穴一帶青筋點刺甚效。

十四經效穴:梁丘。","治療胃、十二指腸潰瘍,董老師最常在四花中、外點刺。另外一組就是在腳掌腳背上,從解溪到門金一帶有青筋處刺血。就這樣兩組,治療胃病,尤其是胃潰瘍,效果很好。

據我的經驗,可先針梁丘抑制胃酸分泌,然後針四花上配門金,這是我的一組針法,門金就是陷谷,是胃經的輸穴,治胃痛很好,四花上等於足三里,能調理脾胃,治療各種胃病。早期我沒有學董氏奇穴前,是針足三里、陷谷。學董氏奇

穴後,是針四花上配門金,但最好先針梁丘抑制胃酸。如要更快治好,就在四花中、外刺血。"
75,嘔吐,嘔吐,matched,內科,第三節脾胃病,4251,"嘔吐是指胃內食物逆上流出口腔的現象。有聲無物為嘔,無聲有物為吐。常伴有噁心、胸悶、腹脹、腹瀉、食慾不振等症狀,可見於多種疾病。

嘔吐是由胃失和降,氣逆於上所引起的病症。在一般情況下,嘔吐是一種保護性反射動作,可使某些對胃有刺激性的物質經口吐出,但是嚴重的嘔吐可引起機體的水、電解質代謝紊亂,甚至造成休克,因此除了對症處治外,還須尋找病因,及時予以診斷和治療。

嘔吐有見食即吐,或食後移時而吐,常伴有胃滿脹、胃痛、吞酸噯氣等症。","| 嘔吐       | 33. 心門穴;1010. 總樞穴(三稜針);1111. 五嶺穴(三稜針) |  |
|----------|---------------------------------------|--|
| 止嘔吐      | 99. 耳環穴                               |  |
| 嘔吐(五臟不安) | 1111. 七星穴(三稜針)                        |  |","治療嘔吐,在董氏奇穴中有多個穴位可針。心門穴、總樞穴、五嶺穴、耳環穴七星穴都有效。

七星穴的主治是""嘔吐(五臟不安)"",總樞穴的主治是""嘔吐(六腑不安)"", 五臟不安及六腑不安,都會引起嘔吐,七星穴包括總樞穴,及其上下左右的幾個穴,共七個,顯然病情較重。

嘔吐的五臟不安及六腑不安,是怎麼回事?比如你平時很少運動,突然跑了個1500米,跑下來臉色慘白,噁心嘔吐,這類的五臟不安,有點要急救了,那就扎七星穴,其實七星穴主要的穴位,還是總樞穴,所以就先在總樞穴點刺治療嘔吐,病況較重,再加用其他幾穴。

耳環穴止嘔吐,在書上是接在解酒之後,重點在解酒醉的嘔吐。

五嶺穴治嘔吐,在書上是這樣寫的:""陰霍亂、陽霍亂、嘔吐及各種痧症。""可見這種嘔吐與陰、陽霍亂有關,病情較重較急,取穴較多,而且是以刺血為主。

心門穴主治,老師寫了一個""嘔吐"",值得思考,之前一段時間我沒有用心門穴來治過嘔吐,後來一想也有道理,因為董老師治療一些心臟病,在手上的穴位就是心門,一般治療心臟病主要的穴位是內關,也在手上。同時,內關也是治療嘔吐很有效的穴位,內關治胃,大家知道心包絡與胃通。董老師用心門來治療一些與心臟有關的病,等於有點代替內關的作用。老師用它治嘔吐,這與用內關強心有異曲同工之妙。這些機理值得再研究,可是心門是小腸經的穴位,它怎麼治嘔吐呢?或許是小腸與脾通有關。","- 1. 總樞穴點刺特效。
- 2. 四花中點刺甚效。
- 3. 水金、水通穴針刺有效。

十四經效穴:內關、間使、足三里、中脘皆甚效。","嘔吐,我最常在總樞穴點刺治療,然後再配合針十四經的內關穴,或者配合針門金或四花上也可以。一般嘔吐很厲害,我會在脖子後的總樞穴,用採血針刺一刺,出點血,效果很好。

四十多年前,有一天坐計程車,跟司機聊起來,談到針灸,他說我告訴你一個妙招,是我家傳的,我們家裡碰到嘔吐就拿一個縫衣針,燒一燒,在脖子後面淺刺幾下,出點血,嘔吐就好了。當時我想,這不就是董老師的總樞穴嘛。

民間有些穴位,跟我們的穴位有時不謀而合,可能董氏奇穴也是收集了一些民間的特效方法,也有另一種說法,董氏奇穴的先祖,有自己的一套穴位,然後又收集了一些民間驗穴。

臨床上我常會遇梅尼埃病,嘔吐得很厲害,就在總樞穴點刺,然後再針內關、曲池,非常有效,常是兩三個人扶著進來診所,針完不用扶持,自己就可以走出去了。

我們知道梅尼埃病的兩大主症,就是頭暈及嘔吐,頭暈是肝風之病,嘔吐是胃逆之病。針內關,透過手厥陰與足厥陰心包同名經相通治頭暈;透過胃與包絡別通治嘔吐。針曲池,透過大腸與肝通治頭暈,透過手陽明與足陽明同名經相通治嘔吐。內關、曲池一起下針,可以說是雙治療,極為有效,學生稱此為""暈吐楊二針""。

間使治嘔吐有效,一則胃與包絡通,一則間使為""經穴"",""病變於音者取之

經"",嘔吐、呃逆皆為有聲之病,間使能治之。

水金、水通穴,有大腸與胃經在此透過,治療嘔吐有效,本穴組降氣作用極好,能治咳逆及嘔逆。

四花中點刺亦甚效,但不若總樞穴點刺方便。

其實噁心、嘔吐,四花上還是有效的。因為嘔吐是胃經的氣逆,合主逆氣,胃經的氣逆就是嘔吐,所以四花上(足三里)很有效。

中脘穴位居胃脘之中,正當胃的中央,是胃經的募穴,治療嘔吐甚為有效,我曾經用此穴治療一嚴重嘔吐者,立刻止吐。

治療嘔吐常用的特效針還有很多,如中魁、印堂、金津或玉液、公孫、大陵等,都有效。只是我最習用內關。"
76,食慾不振,食慾不振,matched,內科,第三節脾胃病,4318,,,,"- 1. 靈骨穴。
- 2. 四花上。
- 3. 門金穴。","食慾不振仍然是針四花上、門金較好。靈骨穴在大腸經,手足陽明經相通,穴位介於木火之間,也有溫陽作用,能促進食慾。可以作為四花上與門金的輔助針。

四花上與門金這兩個穴,是董氏奇穴中治療各種胃病最常用的穴位。除了胃酸反流、倒食症,針脾經的穴位天皇、腎關以外,各種胃病大概這就是一個總治的原則,針四花上、門金,基本都有效。"
77,急性腸胃炎,急性腸胃炎,matched,內科,第三節脾胃病,4332,"急性腸胃炎以嘔吐為主症者稱為急性胃炎,以腹瀉為主症者稱為急性腸炎。急性腸胃炎多發生於夏秋兩季。臨床上往往嘔吐、腹瀉並見,故統稱為急性腸胃炎。屬於中醫學""嘔吐""""腹瀉""或""霍亂""等範疇。

本病的發生,多為感受暑溼之邪,或因熱貪涼,感受寒溼,或飲食不潔,過食

生冷、肥膩,以致損傷脾胃之氣,運化失職,升降失常,水谷清濁不分而為病。邪犯胃則上逆而發生嘔吐,邪傷脾則下迫而發生腹瀉。腸胃清濁之氣逆亂,故見脘腹疼痛。本病的主要病因在於溼濁內阻,若因暑溼食積阻滯者,見證多為溼熱;寒溼冷飲傷中者,見證多為寒溼。","| 腸胃炎   | 77. 四花中穴(三稜針黑血)、四花副穴(三稜針黑血) |  |
|-------|-----------------------------|--|
| 急性腸胃炎 | 77. 四花外穴(三稜針黑血)             |  |","腸胃炎就是上吐下瀉。在四花中穴、四花副穴點刺很好。此兩穴皆在胃經, 以三稜針點刺,刺出黑血甚佳。

急性腸胃炎就在四花外刺血,效果較四花中穴、四花副穴更好。董氏奇穴治這種急性的病就以刺血為主。","- 1. 四花外穴(三稜針黑血)。
- 2. 門金、腸門。
- 3. 天皇、地皇。

十四經效穴:①中脘穴扎針以後拔火罐;②委中、尺澤刺血;③針曲池、陷谷。","治療上吐下瀉,可在四花外穴三稜針刺血,也可以針對性地用穴,比如說胃炎,就按胃炎治法,取用土水穴及門金。腸炎腹瀉,就按腸炎治法,針門金、腸門,也可以參看後面腸炎部分的取穴。

十四經方面,胃炎就針內關、足三里,腹瀉就針曲池、陷谷。

上吐下瀉可以在中脘穴扎針以後拔火罐,非常好。這是我的特殊經驗。

急性腸胃炎還有一種治法。古人治療像霍亂這樣嚴重的急性吐瀉,就在委中、尺澤刺血。以前疫癘流行,上吐下瀉,有醫師於腿彎、肘彎刺血,愈活無數。委中是膀胱經的合穴,尺澤是肺經的合穴。一個是手太陰,一個是足太陽,都是開闔樞的""開""。溫為陽邪,溫熱病最容易傷手太陰,所以溫病先從肺開始;寒為陰邪,寒病易傷陽,寒病先從足太陽開始,這種嚴重的上吐下瀉,多是寒熱交集、

寒熱混雜,要寒熱並治。這時在肘彎和腿彎刺血,一個溫開祛寒,一個寒開去熱,就能治到。

這個從開闔樞來解說就容易理解。開闔樞還可以解說經絡穴位的配置,是很值得研究的。

急性胃腸炎常在天皇、地皇之間有壓痛。天皇(陰陵泉)本就能治療反胃嘔吐,其位置相當於脾經合穴,""合主逆氣而洩"",針此穴能治洩瀉。地皇在天皇下四寸半,兩穴包圍脾經郄穴地機,郄穴善治急症,脾經急症為洩瀉。因此天皇、地皇合用,治療腹痛、嘔吐、洩瀉甚好。因系急腹症,得氣後宜強刺激,久留針、多捻針。留針半小時以上,每5分鐘捻針1次。

# 第四節肝膽病"
78,黃疸,黃疸,matched,內科,第四節肝膽病,4382,"傳染性肝炎是由肝炎病毒引起的一種消化道急性傳染病,以食慾不振、乏力、肝區疼痛、腹脹、噁心、大便不成形、低熱等為主要症狀。部分病人可有黃疸、發熱、肝臟腫大、壓痛,並伴有不同程度的肝功能損害。

急性黃疸型肝炎的發病原因,中醫認為主要是由於脾胃溼熱,肝膽之氣鬱結所致。本病臨床上均有溼熱、脾虛、肝鬱等表現,治療也是針對這三方面,即清利溼熱、健脾、疏肝。

針刺治療急性黃疸型肝炎,雖然對黃疸的下降和谷丙轉氨酶的恢復有明顯的療效,但是針刺對本病的使用,還只限於一般輕型的病,對於病情較重的患者,還需強調綜合治療。","| 面黃(膽病)           | 44. 人宗穴                       |  |
|------------------|-------------------------------|--|
| 膽病               | 66. 木鬥穴、木留穴                   |  |
| 黃疸病              | 88. 火枝穴、其黃穴、火全穴(三針齊下治黃疸病並治膽炎) |  |
| 黃疸病之頭暈、眼<br>花及背痛 | 88. 明黃穴、火枝穴、其黃穴               |  |","肝膽病,老師基本上都常針上三黃,上三黃是一個總治穴組,如果是針對性地一個病一個病來治療,當然是最好。

膽病面黃,可以針人宗穴,用毫針,老師說:""人宗穴針深五分治感冒氣喘, 針深八分治臂腫,針深一寸二分治肝、膽、脾病(面黃、脾腫大等)。""主要是透過手足太陰同名經相通,通足太陰脾,能祛溼,故治面黃、脾腫大等。

膽病可以針木鬥、木留,兩穴在腳上的第三、四趾,若以中趾尖為足厥陰井穴 (有此一說及考究),則木鬥穴可比擬為足厥陰之滎穴,木留則可比擬為足厥陰之輸穴。可治脾腫大、消化不良、肝病、疲勞、膽病等,亦常用治慢性肝炎、肝硬化。此皆屬肝脾之病。

黃疸病,老師是用其黃配火枝、火全,三針齊下治黃疸病,且治膽炎。上三黃三個穴,上面穴是天黃,中間穴是明黃,下面穴是其黃,各距離三寸,三寸的大倒馬是治肝病的。在明黃與其黃中間夾了一個火枝,其黃下面一寸半有個火全,也就是說其黃上一寸半是火枝,下一寸半是火全,這三針一起配就是肝的分支,一寸半的小倒馬就是治膽,治療黃疸病非常好。

黃疸病的頭暈眼花,又有背痛,老師取火枝、其黃、明黃。其實這個黃疸病的背痛,有可能是膽囊炎、膽石症放射至後背,取明黃、其黃加火枝就能肝膽並治。","- 1. 針上三黃穴。
- 2. 肝門配腸門。
- 3. 腕順一穴、二穴(維杰特殊經驗)。
- 十四經效穴:腕骨穴。","我們看黃疸的臨床用穴,也是以上三黃為主。肝門配腸門治療肝炎,尤其是急性肝炎,療效很好。

也可以針奇穴腕順二穴,此穴緊鄰腕骨穴,《通玄賦》說:""固知腕骨祛黃疸。""《玉龍歌》說:""黃疸亦須尋腕骨。""《玉龍賦》說:""脾虛黃疸,腕骨、中脘何疑。""《臥巖凌先生得效應穴針法賦》說:""固知腕骨祛黃,應在至陽。""可見腕骨穴

自古為治療黃疸之首選。腕骨穴為小腸經原穴,小腸為分水之官,與脾通能利溼治黃疸,肝門配腸門,亦皆在小腸經上。

《百症賦》說""治疸消黃,諧後溪勞宮而看""。後溪也能治黃疸,腕順一穴及腕順二穴被後溪、腕骨所夾,當然也能治黃疸,療效甚好。"
79,肝炎,肝炎,matched,內科,第四節肝膽病,4433,,"| 急性肝炎 | 33. 肝門穴(特效)                          |
|------|--------------------------------------|
| 肝炎   | 11. 木炎穴;44. 上曲穴(三稜針);88. 明黃穴、天黃穴、其黃穴 |","治療急性肝炎,老師特別強調肝門穴特效,確實如此。

另外,治療肝炎,還可取木炎、上曲、明黃、天黃、其黃等穴。木炎穴,位於手指滎穴水平,滎穴能清火,木炎穴主要治療木旺上火之病,雖能治肝炎但力微。上曲穴,老師說用三稜針出血治肝硬化及肝炎。一般在上曲穴點刺出血後,再針肝門、明黃穴較佳。上曲穴亦在小腸經上,小腸為分水之官,與脾通能利溼治肝炎。

明黃穴、天黃穴、其黃穴為總治肝病之主穴,急、慢性肝炎都能治。","- 1. 急性肝炎,首先可針肝門,再配腸門。
- 2. 肝門、明黃治急慢性肝炎皆甚效,配腸門穴更佳。
- 3. 針上三黃。

十四經效穴:腕骨穴。

## 解說:

治療急性肝炎首選肝門穴,再配腸門尤佳。肝門和腸門一起扎最好,老師說:""手術:針深三分至五分,針下後立止肝痛,將針向右旋轉,胸悶即解;將針向左旋轉,腸痛亦除。""又說:""運用:腸門穴與肝門穴同時使用,可治肝炎引起之腸炎,單用左手穴,禁忌雙手同時取穴。""

就是說""要捻一捻腸門,肚子痛就會好轉,捻一捻肝門,肋骨痛會好轉"",因

為肝在右邊,所以單用左手穴。

急性肝炎先針肝門、腸門就可以了。若是慢性肝炎,可針肝門配明黃,肝門穴其實急慢性肝炎都可以治,配腸門更好。

慢性肝炎也可以針上三黃,也很有效。

在十四經穴方面,腕骨穴最好,其他如後溪、至陽、中脘皆能治肝炎。

在三陰交下面,內踝上面兩寸有一個穴叫肝炎穴,是後來發現的,不是董氏奇穴,是一般的奇穴,各位可以考慮應用,在內踝上三陰交下一寸。

一般的急性肝炎就是針肝門、腸門,但是注意扎左邊,因為肝在右側。慢性肝炎上三黃都扎的時候,可以兩邊都扎。",
80,肝硬化,肝硬化,matched,內科,第四節肝膽病,4475,"肝硬化是一種慢性疾病,可有肝炎、慢性腹瀉、長期營養不良、嗜酒、血吸蟲等病史,最常見為門脈性肝硬化。

肝硬化的臨床表現複雜,早期可無症狀或有右上腹疼痛、飲食減退、噁心、腹脹、腹瀉、疲乏等症狀。晚期多見消瘦乏力,腹脹及出現腹水、浮腫,鼻出血,小便少而黃等現象。可分別概括在中醫的""脅痛""""積聚""""癥瘕""""黃疸""""臌脹""等證內。從中醫的角度看,肝陰虛損、氣鬱血瘀是肝硬化的基本病理變化。","肝硬化

11. 木炎穴;44. 上曲穴(三稜針);88. **明黃穴、天黃穴、其黃穴**;99. 木耳穴","治療肝硬化的穴位,與治療肝炎差不多,都有木炎穴、上曲穴(三稜針)、明黃穴、天黃穴、其黃穴。用法及原理,基本上與肝炎相同。

這裡多了一個木耳穴,本穴在耳背耳甲軟骨上,反面之範圍為肝區、肝炎區、肝硬化區,故能治療肝痛、肝硬化。但需要長扎。","1. 四花中、外穴點刺出血,再針上三黃穴。

- 2. 上曲穴點刺出血,再針肝門、明黃穴。
- 3. 肝俞點刺出血,再針上三黃。

#### 【解析】

肝硬化比較麻煩,可以紮上三黃,已經到了肝硬化的程度,最好還是配合在四花中、外點刺出血,再紮上三黃。或者紮了上三黃後,再點刺出血。另外幾個穴也可以治療,但這一組是最好的。若沒有腹水,基本上這樣扎是不錯的。有腹水,古人一般都要灸水分。我們以太極對應觀來用穴,可以扎通腎和天皇,兩穴治療水腫很好,包括腹水都可以治。",
81,膽囊炎,膽囊炎,matched,內科,第四節肝膽病,4506,"膽囊炎分急性和慢性兩種,女性多於男性,多發生 40 歲以上的肥胖婦女。急性膽囊炎可因寄生蟲、膽結石等造成膽囊出口梗阻而引起。高度濃縮的膽汁或反流入膽囊的胰液所產生的化學刺激,也能引起膽囊炎。慢性膽囊炎過去認為多數病例與膽石症同時存在,但從臨床觀察資料來看,無膽石症的慢性膽囊炎也很常見。

急性發作時全身及區域性症狀均較嚴重,多數起病時有高熱,畏寒或寒戰,噁心嘔吐,膽囊區有明顯壓痛與反跳痛,痛覺過敏與肌肉強直,並有右肩胛下區的放射痛。有時可捫到膨大而有壓痛的膽囊,或有輕度黃疸。

慢性膽囊炎可有輕重不一的腹脹,上腹或右上腹不適,持續性鈍痛或右肩胛區疼痛,胃灼熱、噁心、噯氣、噯酸等消化不良症狀。

膽囊炎可見於中醫""脅氣""""肝氣""""黃疸""等證。",,,"- 1. 火枝、火全、其黃。
- 2. 木枝。
- 3. 七里、九里(維杰特殊經驗)。
- 4. 下白特效;手門金亦效(維杰特殊經驗)。

補充奇穴:膽囊穴。","膽囊炎,可取火枝、火全配其黃。其黃就是上三黃最下面的一個穴,上三黃

以治肝為主,配火全就變成治膽為主。木枝穴也有效,本穴與下關穴緊鄰,即下關前凹陷處,下關為胃經、膽經之會穴,治膽病甚效,木枝穴治膽胃並病之膽結石效果更好。木為肝,木枝即膽,治療各種膽病,包括膽囊穴、膽結石,確具卓效。

七里在九里(風市)下面兩寸,相當於膽經的中瀆穴,治膽囊炎不錯,還能治療血脂偏高。七里、九里一起用倒馬,效果更好。

後來我發現用下白穴也可以,因為它在三焦經上,手足少陽經相通,所以能治膽病,包括膽囊炎、膽結石。按照太極對應,腎跟膽基本上是前後在同一個水平位置上,而且三焦與腎通,本穴貼骨也應腎,也能治腎,我個人常用下白治療腎結石。

哪裡是手門金?在腳上第二、三趾間後面貼骨的穴位是腳上的門金穴,那麼手上相對應的第二、三指後面貼骨的就叫手門金,手門金跟下白都可以治膽囊炎、膽結石。

其實,第三、四指後面往內的話叫內白穴,或者叫手木留,也治療膽囊炎。下白穴、手門金、內白穴,這三個穴在同一水平,都能治療膽囊炎。因為手木留跟腳上的木留對應,與肝膽有關。

我個人是用下白與手門金,或者下白與手木留,都可以治療膽囊炎。

膽囊穴是治療膽囊炎的特效穴,在陽陵泉下面一寸左右,是在膽囊炎疼痛時才有的反應點,有病時壓痛特別明顯,就可以針此穴。膽結石也可針膽囊穴。"
82,膽石症,膽結石,matched,內科,第四節肝膽病,4545,"膽石症以中上或上腹部絞痛為主症。中醫認為此症可因肝氣鬱滯,引起膽汁滯結而成。此外,脾蘊溼熱日久亦可形成膽石,一是因過食油膩辛辣,損傷脾胃,致使溼熱蘊蓄;二是肝氣鬱結,侵犯脾胃,脾的運化功能障礙,而致溼熱滯留。本病可見於中醫的""脅痛""""黃疸""等症。

膽石症辨證要點,一為**膽絞痛**,常在飽餐或進高脂肪餐後發作,疼痛劇烈,多在中上腹部或右上腹,並放射至右肩胛處或右肩部,病人常坐臥不安,彎腰、打滾,甚至哭喊,大汗淋漓,面色蒼白,噁心嘔吐。發作時限長短不一,多數較短暫,很少超過數小時。二為消化不良症狀,如中上腹或右上腹產生飽滿感、胃灼熱、噯氣;噯酸及腹脹,以上症狀在攝取油膩食物後更顯著。

由於膽石症與膽囊炎經常合並存在,因此在症狀與辨證施治上,有類似之處。","| 膽結石   | 1010. 木枝穴       |
|-------|-----------------|
| 膽結石止痛 | 88. 火全穴、火枝穴、其黃穴 |","講到膽囊炎就順便講到膽結石了。膽囊炎與膽結石的治療,基本上是一樣的。也有膽囊炎發展成膽結石的。治療膽石症也是木枝穴特效,下白穴及九里也很有效。

老師治療膽結石除了木枝穴,就是剛才講的火枝、火全、其黃這三個穴,這是老師最常用於治療膽囊炎的特效穴,老師也常用這三個穴治療膽結石。","- 1. 木枝穴特效。
- 2. 下白、九里亦甚效。
- 3. 七里、九里(維杰特殊經驗)。
- 4. 木枝穴與下白穴並用最效(維杰特殊經驗)。","治療膽結石的特效穴很多,老師的木枝穴療效很好,木枝穴即下關穴前凹陷,下關為胃經及膽經之會穴,治膽病甚效,尤其膽胃並病之膽結石效果更好。木枝顧名思義,木為肝,木枝即膽,木枝穴治療各種膽病,尤其是膽結石,確具卓效。

面部穴位,從上面的木枝治膽結石,下來的馬金水治腎結石,馬快水治膀胱結石,六快、七快治尿道結石,這一帶都是治結石的。董老師治療這些結石,在臉上取穴,以上面治下面,這是提壺揭蓋法。水壺的水倒不出來,要把壺蓋掀一下,空氣進去了,水就容易倒出來了,就是這樣的道理。大家都有用吸管喝果汁的經驗,捏住上面的管口,果汁就停在管子裡,上面一放手,水就馬上留下來。這就是開上竅通下竅。

七里、九里,就在其黃、火枝的反面,而且在膽經,治療膽結石及膽囊穴有效。

下白治療結石,是我發現的特效穴,治療腎結石及膽結石,都是特效,治膽囊炎也有效。已在前面講過了。

木枝穴、七里、九里、下白穴,都治膽結石。我個人目前比較常用的,就是木枝穴配合下白穴來治療膽結石,也是我的特效""膽石二針""。"
83,脾腫大,脾腫大,matched,內科,第四節肝膽病,4588,,"| 脾腫大     | 11. 脾腫穴;44. 人宗穴;66. 木鬥穴、木留穴 |
|---------|-----------------------------|
| 脾硬化     | 11. 脾腫穴;88. 明黃穴、天黃穴、其黃穴     |
| 脾腫大(硬塊) | 66. 木鬥穴                     |
| 痞塊      | 77. 一重穴、二重穴、三重穴             |","脾腫大,在董老師的書裡面也設了不少穴位。

脾腫穴在手指上,人宗穴在肩背上,木鬥、木留在腳上。

脾硬化,也可以針脾腫穴、明黃穴、天黃穴、其黃穴,上三黃可以治肝病、肝硬化、肝腫大,也可以治脾硬化、脾腫大。肝脾腫大、肝脾硬化時常連在一起。木鬥、木留可治脾腫大,及脾腫大(硬塊),兩穴在第三、四足趾間。

關於這兩個穴,有一種說法:胃經有一條支脈,從足三里到了姆趾根,在姆趾的地方與脾經相接;一條經過陷谷,到達第二趾尖之厲兌;還有另外一條支脈從解溪到了第三、四趾之間,所以三四趾間也是胃經所過。

另一種講法是木鬥、木留介於膽經跟胃經之間,所以它能少陽、陽明並治。

還有一種講法從上下相對而來,手腳都是相對的,足太陰走腳上蹈趾的內側,手太陰走手上大拇指的內側;手太陽走手小指的外側,足太陽走足小趾的外側;上面中指是手厥陰經,手、足厥陰應該是對應的,那麼腳第三、四趾也應該是厥陰經,木鬥、木留就相當於肝經的滎穴及輸穴,所以兩穴能夠治療肝脾病。

一重穴、二重穴、三重穴也治脾腫大,此三穴在胃經及膽經之間,是少陽、陽明並治。","- 1. 針木鬥、木留穴。
- 2. 三重穴。","治療脾腫大,一般都用木鬥、木留,及三重穴。其原理已在前節之解析說明,可以自行參考。

# 第五節腎、膀胱病"
84,腎炎,腎炎,matched,內科,第五節腎、膀胱病,4627,"腎炎,為腎小球腎炎的簡稱,多與細菌感染及變態反應有關。以浮腫、尿少、蛋白尿、血尿為主要症狀,屬於中醫學""陽水""""風水""範疇。可因外感風寒、風熱、溼毒引起。

腎炎有急性及慢性之分。急性腎炎多因感受外邪,或瘡毒內侵,以熱毒侵襲為主。治療首先是清熱解毒,結合發汗利水等法。

慢性腎炎多由急性腎炎發展而成,也有部分患者急性期症狀不明顯,及至發覺已成慢性。慢性腎炎在中醫臨床多屬""水腫""""虛勞""等範疇。本病病勢纏綿,不易速愈,其重要原因就在於溼熱貫穿於病程的始終。慢性腎炎的發病過程中,瘀血形成與溼熱一樣,存在於本病的各個病變型別和病變階段中。活血化瘀法在腎炎治療中佔有重要地位。

中醫治療,一般在急性期,與肺、脾關係較大,慢性期與脾、腎關係較大。","## 腎臟炎(腎炎)

22. 腕順一穴、腕順二穴;44. 後椎穴、首英穴、水愈穴(三稜針出黃水特效);66. 水相穴、水仙穴;77. 天皇穴、地皇穴、人皇穴;88. 通腎穴、通胃穴、通背穴;1010. 馬金水穴;1111. 水中穴、水腑穴;1212. 腑巢二十三穴(三稜針)","老師說的腎臟炎就是腎炎,最常用的穴位是通腎、通胃、通背,我稱之為""腎

三通"",這三個穴不是都針,老師通常是三個穴取兩個穴,兩邊四針。這樣針也有好處,可以輪流取穴:今天1、2穴,下次2、3穴,再下次1、3穴。這三個都是治療水腫的特效針。

水中穴就是三焦俞,三焦與腎別通,水腑為腎俞穴,本即治腎。因為腎主水,主持和調節水液代謝,治腎水之病常取腎俞。

下三皇三個穴——天皇穴、地皇穴、人皇穴,在脾經上,能健脾利水,天皇穴五行屬水通腎,人皇穴為脾肝腎經交會之處,脾肝腎皆治。因脾主運化、吸收、轉輸、佈散水液,肝主疏洩,疏通三焦水道;所以治療水腫常從脾、腎、肝入手,取用下三皇穴,治腎炎水腫很好。

馬金水穴為治腎結石特效針,治療腎炎也很有效。

後椎穴、首英穴在三焦經上,三焦與腎別通,能治腎炎。水相穴(與腎經原穴太溪相符)、水仙穴與腎有關,當然也能治腎炎水腫。

在肩膀上的水愈穴,用三稜針刺出黃水也治水腫,要脫衣在肩膀上刺血,比較麻煩,我現在不用。

學習董氏奇穴,當然還是以老師應用較多、較常用的穴位為主。以通腎、通胃、通背三個穴選兩穴輪流針刺最常用。我綜合之後更精簡,下面再談。","- 1. 針通腎、通胃、通背穴, 甚效。
- 2. 天皇穴、地皇穴、人皇穴。
- 3. 通腎、天皇(維杰特殊經驗)。

十四經效穴:水分、陰陵泉、復溜。","老師治療腎炎的穴位很多,已在前面講過,最常用的就是腎三通:通腎、通胃、通背。綜合老師對腎炎的治療,我個人予以簡化,在腎三通與下三皇各取一針,就是以通腎配天皇,治療水腫極為有效。病人及學生稱此為""水腫楊二針""。

我為什麼這樣用呢?大家知道:大太極以膝蓋對應肚臍,水分穴就在肚臍之上。通腎及天皇,位置貼近膝蓋,就相當於是水分穴,一個是大腿上的水分,一個是小腿上的水分。

有十四經基礎的就很容易明白,水腫是由於脾、腎、肝、三焦、膀胱等臟腑的功能出現障礙所致,而任脈循行在腹部正中,並與腹部各經交會,透過經絡與各臟腑緊密聯絡,因此古人多取任脈穴,如水分、氣海、神闕等治療水腫,其中最常用的特效穴就是水分。《針灸聚英》《資生經》《玉龍歌》《百症賦》《靈光賦》《醫宗金鑑》等古籍皆認為水分穴為治水病首選穴。但是各家皆認為水分穴以灸為宜。因為針刺腹部穴可能會導致腹水流失過多,產生不良後果,而艾灸無此弊端,因此古人在腹部多施灸法。

古代醫家認為水分穴適當""水液入膀胱、渣滓入大腸""之泌別清濁之分野, 所以取名水分。水分穴為水病(腎炎)之特效穴,本穴治水腫(包括四肢及面皆浮腫)可配氣海(《席弘賦》)或復溜(《雜病穴法歌》),也可配陰陵泉(《百症賦》)並用,都有極好的療效。

# → 二、水腫

#### 臨床常用選穴

- 1. 針通天穴(治腿腫)。
- 2. 針通腎、通胃、通背穴(治臉腫及全身腫)。
- 3. 通腎、天皇(維杰特殊經驗)。

## 【解說】

水腫治法與腎炎一樣,水腫是中醫的名稱,腎炎是現代的名稱。也是這麼針,可以在通腎、通胃、通背取兩穴,三取二,針四針,或者用通腎配天皇,很有效。"
85,四肢浮腫,四肢浮腫,matched,內科,第五節腎、膀胱病,4699,,"| 四肢浮腫 | 22. 中白穴(鬼門穴)、下白穴;44. 人宗穴;66. 水曲穴、水相穴、水仙穴;77. 地皇穴 |
|------|--------------------------------------------------|
| 浮腫   | 77. 四花下穴、腑腸穴                                     |","四肢浮腫,老師有一個穴——中白,又叫做鬼門,中醫說""開鬼門、潔淨府"",

就是發汗利小便,能治水腫。下白穴為治腎結石特效穴,亦治水腫。中白穴與下白穴都在三焦經上,可以倒馬並用,三焦與腎別通,能治腎炎及水腫。

水相、水仙在腳踝附近。水相位置與太溪穴平行鄰近(也可以說與太溪穴位置相符),治腎病常用。太溪為腎經輸穴及原穴,又太溪穴為水(腎)經之土(輸)穴,有水土二性,能治脾腎兩虛之病。腎炎、水腫、蛋白尿、腎功能衰竭,多見脾腎兩虛之證,故能以本穴治之。水仙穴位於水相穴下二寸處,主治與""水相""同,常與""水相""倒馬並用。

水曲就是臨泣。董師用治四肢浮腫,《玉龍歌》亦說""兩足有水臨泣瀉"",可見古人即用此穴治療水腫,本穴為木經木穴,為水之子穴,瀉水甚效。但以淺刺較佳,老師在此穴之手術註明:""針深三分至五分。""古人亦有用淺刺法者,如《針方六集》即說:足臨泣""針入三分,可以出一身之水""。古人只刺入三分,亦可謂淺矣。

胃與脾相配合,主持運化水溼之功能;胃又為陽土,能克陰水,故胃經穴可治療水腫,四花下、腑腸也可以治浮腫。","- 1. 針下三皇和通關穴。
- 2. 天皇、通腎(維杰特殊經驗)。
- 3. 中白配水曲。
- 十四經效穴:陰陵泉、臨泣、水分、陷谷。","一般來說,腿腫跟心臟有關,可取下三皇與通關,簡單一點,就用天皇配通關。臉腫跟腎臟有關,四肢全身都腫也多半跟腎臟有關,肚子腫是腹水,跟肝有關。不論什麼種類的水腫,通腎配天皇都有效。

如果為求方便,扎手上,首選穴是中白穴。其他各家似乎沒有在手上治水腫的,董老師用中白穴來治水腫。水曲穴,董師用治四肢浮腫,配中白取穴方便,療效不錯。

天皇、通腎也可以是一組。天皇與通腎配伍對於整個水腫都可以用。我常用天皇配通腎治療水腫甚效,是為""水腫楊二針"",在前面也已提過了。

前節提過胃為陽土,能克陰水,所以胃經穴可治療水腫,常用穴為陷谷,亦宜

淺刺,《子午流注針經》說:陷谷主""面目浮腫汗不出,三分針人得獲痊""。"
86,腎結石,腎結石,matched,內科,第五節腎、膀胱病,4740,"泌尿繫結石包括腎、輸尿管、膀胱、尿道結石。發作時以劇烈絞痛開始,以腰痛、下腹痛為主,疼痛由腰向下腹、外陰部放散,痛苦難言,並伴有尿頻、尿痛、淋漓不斷、血尿等,中醫學稱為""砂淋""""石淋""。主要由於溼熱蘊積於下焦,尿液受其煎熬日積月累,雜質結為砂石而成。以下分別就腎結石、膀胱結石、尿道結石的特效奇穴為大家介紹。","腎結石

44. 水愈穴(三稜針出黃水特效);1010. 馬金水穴","老師治療腎結石,只列出了兩個穴,一個是水愈穴,在腋後直上,肩胛骨下緣。在肩活動中樞下緣,則此穴對應於腎,另外,此穴屬肩部水分,其所能治療之病即不難理解。老師說:""三稜針扎出黃水者,主治腎臟之特效針。""三稜針刺出黃水,表示系淺針。

另一個穴就是馬金水,此穴之命名與卦象有關,其先天卦位為坎卦(屬水) 所在,後天卦位為兌卦(屬金)所在,此處為太極全息腎之所在。針刺本穴亦可治療腰痛及泌尿系統病變。本穴治療腎結石、腎絞痛特效。","- 1. 針馬金水穴。
- 2. 下白穴甚效(維杰特殊經驗)。
- 3. 馬金水穴配下白穴尤其速效。

十四經效穴:太溪、氣海、足三里、湧泉等穴。","人中線是腰臍線,腰臍線上就是腎線(或稱腎區),馬金水在腎線上,治療腎結石的確有效。

我用下白穴治療腎結石也非常有效。腕太極手腕是腰臍線,此穴就在腰臍線之上,故能治療腎臟疾病。

下白配馬金水一起用,治療腎結石非常好,是我治療腎結石最常用的一組穴位,被稱作""腎石楊二針""。"
87,膀胱結石,膀胱結石,matched,內科,第五節腎、膀胱病,4774,,"膀胱結石

1010. 馬快水穴;1111. 水腑穴","我們看膀胱結石。老師原來的設穴,就是馬快水或者水腑穴,水腑穴就是腎俞,在腰上。主要還是用馬快水。膀胱結石的位置,在腎結石下面一點,馬快水在馬金水下面四分,基本上也在腰臍線。

其實,治療腎結石、膀胱結石,老師都是馬金水、馬快水穴一起用,因為腎結石在治療的時候,它移動了就到膀胱,膀胱結石也是,移動了就到尿道,所以可以兩穴一起倒馬用針。","- 1. 馬快水穴。
- 2. 下白穴。

十四經效穴:氣海、太溪。","馬快水治膀胱結石,是老師原來的設穴,療效很好。我治膀胱結石也是用此穴。下白穴原用治腎結石,用治膀胱結石亦有療效。下白穴在三焦經,透過三焦與腎通,能治腎與膀胱病,而且下白在第四掌骨的微太極中,對應的是下焦尾,可以對應膀胱及尿道。

馬快水與下白穴一齊用,治療膀胱結石,甚效。

氣海是治淋要穴,也可與馬快水或下白穴一起用,療效甚好。

太溪穴系腎經之輸穴,又是原穴,可以調治三焦、暢通氣機、行氣化水。本穴五行屬土,為水經土穴,能土水並治,脾腎兩治。臨床上治療因結石而引起的膀胱絞痛,止痛效果較為滿意。"
88,尿道結石,尿道結石,matched,內科,第五節腎、膀胱病,4807,,"尿道結石

1010. 六快穴、七快穴",,"針六快、七快。

十四經效穴:氣海。

## 【解說】

六快、七快治尿道結石,在前面已講過了,這裡談談十四經針哪裡?基本上結石都可以針氣海。中醫說氣海是五淋要穴,《席弘賦》:""氣海專能治五淋,更針三里隨呼吸。""《靈光賦》:""氣海血海療五淋。""

什麼叫五淋? 所有的小便不利都可叫做""淋"",小便出血的就叫""血淋"",相當於腎盂腎炎。結石我們叫""石淋"",有些結石細化了就變成""沙淋"",所以石淋、沙淋是一種淋。結石摩擦尿管壁有時也會出血。前列腺肥大,小便困難,叫做""氣淋"",小便不利癃閉最常見的就是氣淋。小便油濁,叫""膏淋"",就是乳糜尿。還有最普通的,就是膀胱炎、尿道炎等症,叫""熱淋""。

五淋是所有淋證的總稱,包括濁淋、氣淋、血淋、石淋、熱淋,雖然各有治療的針對穴位,但針氣海都有效。氣海在臍下兩橫指,當臍至關元穴之中間,腹白線上。本穴名為氣海,取意於生元氣之海,具有調補下焦氣機,補腎虛,益元氣,振陽固精之功效。主治五淋,可配合足三里(見《席弘賦》)或血海(見《靈光賦》)應用。","治療尿道結石,老師針六快、七快。六快穴在人中旁開一寸半左右;七快在嘴角旁邊,相當於胃經的地倉。

這兩個穴的位置,全息對應於下焦,在馬快水穴旁略下,治療部位亦較腑快及馬快水略下,治尿道病常用。七快穴在六快穴之下,亦治尿道病。兩個穴都治尿道結石,常倒馬一起用針。"
89,小便癃閉(尿滯留),小便癃閉、尿滯留,matched,內科,第五節腎、膀胱病,4837,"尿瀦留一症,中醫稱為""癃閉"",是指膀胱內大量尿液不能隨意排出的一種常見症狀。以排尿困難,少腹脹滿,甚至小便閉塞不通為主症。

中醫認為多由腎氣不足,膀胱氣化無權;溼熱下注,氣機阻滯,外傷膀胱,氣化受損所致。現代醫學中,尿道梗塞,前列腺肥大,膀胱腫瘤或結石,大腦及脊髓受傷,產後及手術後引起的尿瀦留均在此範疇。癃閉是水液排洩障礙的危重病症。","小便不通

1111. 水腑穴","小便癃閉,董老師用水腑穴,就是腎俞。本穴為腎臟的背俞穴,有滋補腎陰,強健腦髓,聰耳明目,利腰脊的作用,為治療腰部疾患及泌尿生殖器疾病的特效穴。據《玉龍歌》說:""腎敗腰虛小便頻,夜間起止苦勞神,命門若得金針助,腎俞艾灸起邅迍。""又據《玉龍賦》說:""老者便多,命門兼腎俞而著艾。""似以治療小便頻數為主,而不是小便不通。我治療小便癃閉另有其他效穴,後面接著講。","- 1. 針天皇穴、四花上穴。
- 2. 針下三皇穴。
- 3. 針肩中、雲白、下曲。
- 十四經效穴:陰陵泉、足三里。","小便癃閉,據所見氣淋方面最多,氣淋要從理脾補氣著手,我有個經驗特效穴——天皇配四花上,其實就是陰陵泉配足三里,《雜病穴法歌》有一句歌訣說:""小便不通陰陵泉,三里瀉下溲如注。""小便不通,先扎陰陵泉(天皇),再扎足三里(四花上),溲如注,小便就像自來水一樣流出來了。這兩穴治療前列腺肥大導致的小便不通,效果非常好。

有個前列腺肥大的病人小便不通,已經有十個小時了,臉都漲紅了,坐在沙

發上,我針了這兩穴以後,小便就通了。有一點要注意,紮了針以後,患者常會說 ""有尿意了"", 先不要管他, 要多留一會兒針, 如果馬上取針, 讓他去上廁所, 尿意常會消失,又要重紮了。所以,一定要讓他尿意更深,憋不住了也沒關係,比尿不出來好多了。

《素問·刺法論》有一個講法,每一經如果不降,就要扎克它的那一經陽經的合穴、陰經的井穴。比如說""肝氣不降"",就針肺經的井穴少商,大腸經的合穴曲池,因此這兩針也是降血壓的特效針。""小便不通"",是腎氣不降的問題,就要扎克它的土經,即土經陰經的井穴,陽經的合穴。土是脾跟胃,就針脾經的井穴隱白,胃經的足三里,所以隱白配足三里,也是治療小便不通的有效穴。

後來經發展,變成了陰陵泉配足三里,陰陵泉本來也是利水的,與足三里合用,治療小便不通,確實有效。

治療尿瀦留常用的十四經特效穴,還有中極、關元、人中、至陰、膀胱俞、陰谷、曲泉、三焦俞、委陽、行間等,可以參考我寫的《楊維傑一針療法》。"
90,小便不利(膀胱炎、尿道炎),小便不利、膀胱炎、尿道炎,matched,內科,第五節腎、膀胱病,4878,,"| 膀胱炎 | 99. 馬快水穴        |  |
|-----|-----------------|--|
| 尿道炎 | 11. 浮間穴、外間穴、六快穴 |  |
| 小便痛 | 1111. 分枝上穴、分枝下穴 |  |","我們看膀胱炎、尿道炎,及小便痛。

馬快水在馬金水下面,老師寫的是四分,一般四分跟五分沒有什麼差別,為了記憶我們取五分,馬快水也是善於治膀胱結石,也治療膀胱炎。

六快穴全息對應於下焦,在馬快水旁略下,治療部位較腑快及馬快水略下, 治尿道病常用。

浮間、外間治尿道炎,兩穴在食指上,位置在大腸經,大腸與肝通,手腳是對應的,也就相當於腳上的行間穴,行間穴位於肝經上,是治療尿道炎的特效針。行間穴是木經肝經的火穴,火是木之子。我們要瀉每一經,就要瀉其子,所以瀉

肝就要瀉行間。從針方對應來看,行間相當於龍膽瀉肝湯,這樣發揮,行間穴的作用就很大,龍膽瀉肝湯所能治的,它都能治。例如:尿道炎、青光眼、帶狀皰疹,效果都很好。如果不知道肝經的行間沒有關係,針火硬穴是一樣的道理,火硬穴與行間穴太接近了,在同一個區域裡,作用是一樣的。我常用行間穴來治療尿道炎。

小便痛,其實應該也是尿道炎。尿道炎的特點是尿急、尿澀、尿痛。臨床用穴浮間、外間最方便。老師用分枝上下,治的是比較嚴重的、有感染的尿道炎。分枝上下是解毒要穴,在後背腋窩上面,是小腸經經氣循行所過,小腸經是泌別清濁的,所以有解毒作用。

分枝上下我不太用,除非小便痛是有性病方面的原因。治療膀胱炎、尿道炎及小便痛,最主要的就是手上浮間、外間,配腳上行間,或者針臉上的馬快水。","- 1. 天皇、四花上。
- 2. 火硬。
- 3. 天皇、通腎(維杰特殊經驗)。
- 十四經效穴:行間、太沖;氣海、血海。","前面已經講過,天皇配四花上是治療小便癃閉的,小便不利有點尿道發炎之類的,用它也有效。

行間穴就相當於龍膽瀉肝湯,是治療尿道炎的特效針。如果我們不用行間就用火硬,火硬也很好。

剛才我也講了,五淋要穴就是氣海跟血海,氣海是在肚臍下面,水分在肚臍上面,這兩個都是很接近肚臍的,所以從""膝太極""來看,天皇穴倒過來就是氣海,能治療小便不利、淋病。通腎穴相當於肚臍上面的水分,也可以是肚臍下面的氣海。所以這兩個穴都可以治療小便不利、癃閉,也可以治療小便不舒服,如膀胱炎、尿道炎,合用更佳。

另外,老師的馬快水,也能治療膀胱小便不利。

治療小便不利、尿道炎,常用的取穴:一個就是手指的外間、浮間,相當於腳上的行間;一個就是天皇跟通腎,或者天皇與四花上也可以。天皇、四花上治療

比較偏於癃閉的小便不利。"
91,尿意頻數,尿意頻數,matched,內科,第五節腎、膀胱病,4930,,"| 小便過多 | 11. 還巢穴  |
|------|----------|
| 小便頻數 | 99. 馬快水穴 |","我們看尿意頻數,小便太多與小便不通,是相對的。尿意頻數在董老師的書裡寫了個還巢穴,一般人都不會注意,還巢穴主要是治療婦科病,它的主治也包括了小便過多,還巢穴在三焦經上,三焦經跟腎有關,還是有道理的,而且它對應小腹。

另外一個治療小便過多的就是馬快水,馬快水跟膀胱有關,能治膀胱結石,這兩個穴可以互相配伍應用,就是還巢配馬快水。","- 1. 腎關穴特效(維杰特殊經驗)。
- 2. 針海豹、木婦有效。
- 3. 還巢穴。
- 4. 針馬快水亦效。
- 5. 靈骨穴有效。","腎關是我個人的經驗,腎關治療尿意頻數、小便多很有效,當年我在臺北開課,講課時都是先教十四經,然後再教董氏奇穴,講課的前兩週,我發現有個同學還沒下課就動不動要去廁所,可能1個小時不到就要上廁所,我問他原因,他說他膀胱無力,我說那你就扎扎腎關看看,他就開始自己針了,我也就忘了這件事,兩個月後,十四經教完,開始教奇穴的時候,我才想起來,就問他,他說他聽我的話,扎腎關幾次就好了。

另外,馬快水穴是老師書上寫的有效穴位。

靈骨穴治小便頻數也有效,靈骨是溫陽的,溫陽也就能治療陽虛的小便多。可以用靈骨來配腎關,因為老年人多半容易陽虛,我治老年病常用的三個穴道,

就是靈骨、大白、腎關,三個穴一起配用,老年人的尿意頻數也會好轉。

# 一"
92,淋病,淋病,matched,內科,第五節腎、膀胱病,4964,,"| 淋病    | 77. 地皇穴、人皇穴;88. 通腎穴、通胃穴、通背穴 |
|-------|-----------------------------|
| 久年淋病  | 99. 木耳穴(需長期針治)              |
| 性病之淋病 | 1111. 分枝上穴、分枝下穴             |","老師所講的淋病不是指性病之淋病,小便不暢的病就是淋病。我在尿道結石一節已經講過,五淋是所有淋證的總稱,有濁淋、氣淋、血淋、石淋、熱淋等。老師也在此另外提出性病之淋病,以區別於一般的淋病。

治療一般的淋病,老師的設穴——地皇穴、人皇穴、通腎穴、通胃穴、通背穴,全在脾經上,皆能脾腎兩治。地皇穴,這個範圍恰是肝經向後交出脾經之後的區域。人皇穴即是三陰交,能脾肝腎皆治。

通腎、通胃、通背,以通腎為最重要,通腎就相當於是膝蓋上的氣海穴。老師用來治療膀胱、尿道的病變。

久年淋病用木耳穴,老師加了個需長期治療,表示耳朵雖有作用,但很小,要長期治療,那只是方便,所以我一般不考慮用此穴。

性病的淋病就用分枝上下,它是解毒要穴。","- 1. 針通腎、通胃、通背穴。
- 2. 馬快水穴。
- 十四經效穴:氣海、行間。","通腎、通胃、通背穴,每次三穴選二,輪流針,治療一般的小便不利,包括多種淋病,基本上都有效。三穴以通腎穴最為重要。

馬快水在馬金水下面,約當腰臍線,善於治膀胱結石,也治膀胱炎。

十四經有效的穴位就是氣海、行間,前面已經講過。"
93,小便出血,小便出血,matched,內科,第五節腎、膀胱病,4999,,"| 血淋   | 1111. 分枝上穴、分枝下穴 |
|------|-----------------|
| 小便出血 | 77. 地皇穴、人皇穴     |","血淋也就是小便出血,地皇穴、人皇穴,原理可參見前節淋病之說明。分枝上下,是解毒要穴,有解毒的作用,可以治小便痛、性病之淋病,以及血淋等小便不利之病。基本原理也已在前面幾節談過,可以參考。","- 1. 下三皇穴針刺有效。
- 2. 火硬配六完。

十四經效穴:氣海、血海。","老師書上講的血淋,與小便出血是一回事,臨床用下三皇有效。

六完為董氏奇穴止血之穴,可配合治療小便出血症狀。

行間為滎穴,能清火,位於肝經,肝藏血,因此治療小便出血有效。火硬作用與行間類同,下三皇配合火硬或行間,療效更好。

十四經之氣海、血海為治淋要穴,其作用原理也已經在前面說過了。

# 第六節大小腸病"
94,急性腹瀉,急性腹瀉,matched,內科,第六節大小腸病,5030,"腹瀉是臨床上一種常見的症狀。主要指腸蠕動增快而引起排便次數增多, 糞便稀薄或完谷不化,甚至瀉出如水樣或帶有黏液膿血而言。可伴有腹脹、腹痛、噁心、嘔吐、食慾不振、發熱等全身症狀,一般無裡急後重,糞便不夾雜膿血。引起腹瀉的病因很多,臨床常根據其病程長短而分為急性腹瀉與慢性腹瀉兩類。

突然而來的就是急性腹瀉。","| 急性腸炎  | 77. 四花外穴(三稜針黑血)、足千金穴、足五金穴;1111. 三江穴(三稜針) |
|-------|------------------------------------------|
| 肝炎之腸炎 | 33. 腸門穴                                  |","急性腸炎,就是急性腹瀉。四花外跟三江是刺血的,四花外穴在胃經,三江穴在下腰,包括大腸俞、小腸俞,屬區域性刺法。足千金跟足五金可以扎針,""金""跟大腸相應。另外肝炎的腹瀉,用腸門,這是老師的講法,都有一定效果。

腸門頗為實用,我們走在路上,如果突然想拉肚子,可以用手壓住腸門,主要是右腸門,就會緩解症狀。

腸門,在手腕後面三寸。有兩種取法,一是在手腕橫紋後面三寸取穴,二是用腕骨後面三寸取穴,效果是一樣的。因為距離手腕後面三寸、四寸之間都是主治肛腸疾病的,例如手腕後面三寸的火串(即支溝)能治便秘,手腕橫紋大腸經上兩寸是其門,四寸是其正,兩穴主治是痔瘡、便秘。皮下進針從其門透向其正,也就是從手腕的兩寸透向四寸,一定經過三寸的區域。再看,有一個治療痔瘡的特效奇穴叫做二白穴,在間使上一寸,就是手腕橫紋上面四寸。

腸門穴從手腕橫紋量是三寸,從腕骨量,雖然也是三寸,但是腕骨骨頭跟橫紋中間有一寸,兩種取法都可以。我的習慣就是用手從骨頭下抓住用力下壓,治療想拉肚子很好,急了,就這樣壓著就好了,然後再去找廁所。

有一位醫生,從外地來到洛杉磯學習針灸以後,就順便去度假,坐的是中型巴士,車上沒有廁所,到了半途,她發現鄰座的人臉色慘白,就問有什麼不舒服,鄰座回說肚子痛,想拉肚子,她就告之趕快壓住腸門,壓一陣兒後就緩和了,沒有那麼想上廁所了。","- 1. 門金穴針刺特效(維杰特殊經驗)。
- 2. 針腸門穴。
- 3. 四花中、外穴點刺特效。

十四經效穴:曲池穴、天樞穴、上巨虛。","治療腹瀉,我最常用的是門金穴,非常有效。門金就在陷谷後面,我一般是兩側都扎。

腸門穴也有效,那是急性的,門金是急性慢性都有效,所以可以用門金配合腸門。一般的拉肚子我用門金就可以了,只是急性的時候我會考慮用腸門,叫病人自己壓住就可以。

十四經的曲池穴治療拉肚子很好,我常用曲池配門金,就是""腹瀉楊二針""""腸炎楊二針""。"
95,慢性腹瀉,慢性腹瀉,matched,內科,第六節大小腸病,5075,,"腸炎

11. 指五金、指千金穴;66. 門金穴;77. 四花中穴(三稜針)、四花下穴、腑腸穴;1111. 水腑穴、三江穴(三稜針);1212. 腑巢二十三穴(三稜針)","慢性腸炎在董師書裡有很多穴位可治,老師提出了門金,但是門金我在用的時候不只是慢性腸炎,急性腸炎也可以用。

老師寫的指五金、指千金是在食指上,與大腸經有關;四花中穴(三稜針)、四花下穴、腑腸穴在胃經,亦與腸胃有關。

水腑穴即腎俞,治療命門火虛之腹瀉較佳。三江穴在下腰,包括大腸俞、小腸俞,屬區域性刺法。腑巢二十三穴(三稜針),基本上只取肚臍周邊的幾個穴,包括天樞在內。","- 1. 門金穴針刺特效。
- 2. 腸門、足千金穴。

十四經效穴:陰陵泉、曲池穴。","慢性腸炎我仍是以門金為主,門金可以治療多種腹瀉。

我們知道腹瀉分幾種,一種是腸胃的問題,還有一種是肝氣侮木,就是腹瀉

前肚子很痛,大便完了馬上就舒服了,這是肝氣得不到疏解,處方就用痛瀉要方, 針灸就刺土經的木穴門金,門金能夠調整肝脾不和。

還有一種,天一亮就腹瀉,那是命門火虛,門金穴貼骨對應腎,針門金也有效。

我們中醫有兩個系統,一個是經絡系統,一個是臟腑系統。經絡系統方面,如果是腎經,按照子午流注,酉時是腎經流注的時間,腎經最旺,過了酉時,下一個時辰,腎就最虧,這就如同一個人剛剛當班的時候最旺,下了班就垮了。所以針灸要補腎,就要在酉時的下一個時辰戌時來針。臟腑系統則不一樣,例如腎在酉時最強,過了最旺盛的時間,就會越來越弱,到了卯時弱到極點,到了辰時又開始強了,越來越強,到了酉時最強。

這種說法是合理的,冬至一陽生,冬至那天晚上是最長的,過了冬至一陽來複,白天越來越長,子月是一陽,丑月是二陽,寅月叫三陽,所以寅月過年時叫三陽開泰。原來在亥月時是六陰,到了子月就出現一陽,丑月出現二陽,寅月就出現三陽,上卦是地,下卦是天,就成了地天泰卦。接下來四陽、五陽、六陽,到了夏至,白天最長,夏至以後開始晚上越來越長,白天越來越短,到了冬至那天,白天最短,一過了冬至又越來越長,這是十二闢卦與陰陽的關係。

辰時胃最強,一過了辰時就開始弱了,到了對宮戌時的時候弱到極點,然後亥時又強,越來越強,又到了辰時最強,辰戌為對宮,在戌時的時候胃最弱。酉時腎最旺,卯時腎最弱,卯時是5到7點,有些人一起床就腹瀉,中醫叫命門火虛,這是因為腎太虛了,火不能蒸化水谷,所以完谷不化,這樣就要從補命門火虛來治。針灸就是扎火散,火散相當於腎經的然谷穴,然谷就是燃燒稻穀,因為命門火虛,吃什麼拉什麼,完谷不化,要扎然谷穴,這是一種扎法。扎門金,因為門金貼骨,應腎,也可治命門火虛所致的腹瀉。

用針是這樣針,服用中藥就不同,明代李中梓治脾胃病要病人在戌時服藥, 治腎臟病要在卯時服藥。因為卯時腎氣最弱,戌時胃氣最弱。

這是時間治療的兩個系統,五體所主也有兩個系統。根據臟腑所主,腎主骨,肝主筋,這是臟腑系統。經絡系統則是足太陽主筋,足少陽主骨,這兩個系統都掌握了,治病才最有效。

吃藥就要分好幾個系統,而扎針不論是一般的腸胃炎、腹瀉,還是肝脾不和、命門火虛,一個門金穴就解決了。

又比如治療糖尿病,用藥是很麻煩的,如果按照中醫辨證,有陰虛、陽虛。陽虛用藥如腎氣丸、真武湯等,陰虛用藥如麥味地黃湯之類等。針灸就簡單了,就是以天皇、腎關、水相穴為主。天皇、腎關這兩個穴是補脾的,水相是補腎的,但是它們並不相剋,為什麼呢?因為天皇是土經的水穴,水相就相當於太溪,水經的土穴,所以兩個都有交集,天皇配水相一起用,是我的""脾腎楊二針""。脾腎二針用得很多,不論腎陽虛型、腎陰虛型的糖尿病,都能治,因為陽虛陰虛都是腎的問題,糖尿病的陰虛多半是氣陰兩虛,可能是脾氣腎陰,也可能脾陰腎氣,脾腎氣陰兩虛就是麥味地黃湯、參芪地黃湯。或者脾腎陽虛,用真武湯、腎氣丸等,都是脾腎兩虛,但是陰陽藥要分得很清楚。針灸能雙向調節,管你陰虛陽虛,都是天皇、水相、配腎關,脾腎都能治到。再如內關對於各類的心臟病都能治,這就是針灸實用的地方。

針灸比中藥易學,可是難精,因為它太簡單了,裡面蘊含的道理就很深,有時候越簡單的道理越深。

治療腹瀉,十四經有效的穴位就是陰陵泉配曲池。"
96,小腹脹,小腹脹,matched,內科,第六節大小腸病,5128,,"| 腹部發脹及腹痛 | 66. 門金穴                       |
|---------|-------------------------------|
| 腹脹      | 66. 水曲穴;77. 四花下穴、腑腸穴;1010 腑快穴 |
| 腹部發脹    | 99. 水耳穴                       |
| 小腹氣腫脹悶  | 66. 水晶穴                       |
| 腎氣不足之腹脹 | 88. 上九里穴                      |
| 小腹脹     | 11. 婦科穴;99. 四腑二穴、四腑一穴         |
| 腹部發悶    | 44. 背面穴                       |","肚子脹,董老師有多個穴位可治,腹部發脹及腹痛,腹脹,腹部發脹其實是一回事。門金穴,我用了確實有效,金者氣也,門金在胃經。四花下穴、腑腸穴也在胃經,治療的腹脹都與胃有關。

水曲穴、水耳穴、水晶穴都與腎有關,上九里穴則直接說主治為""腎氣不足

之腹脹"",腎虛腹脹一般是指小腹脹而言。

婦科穴所治之小腹脹,一般為婦科疾患之小腹脹。四腑二穴、四腑一穴正當全息之大小腸所在,故治腹脹。

背面穴與肩髃穴相符或相近,肩髃穴原有調理肺氣之效,穴在大腸經上,大腸與肺相表裡,本穴治腹部發悶及發音無力,皆系調理肺氣之功。","- 1. 腕順一、二穴(維杰特殊經驗)。
- 2. 門金穴。
- 3. 靈骨穴。

十四經效穴:內庭、陰陵泉。","肚子脹,門金非常好,我用了確實有效。

天皇也非常好,天皇即陰陵泉,也是治療肚子脹的一個要穴。《席弘賦》說能治""心胸滿"",《醫宗金鑑》說能治""脅腹滿"",推而演之,心腹胸脅之滿皆有療效。滿是一種氣逆的現象,諸溼腫滿皆屬於脾,針刺本穴可瀉脾溼腫滿,天皇為合水穴,又治脾失健運的慢性脾洩。

古人治療肚子脹一般用內庭,《通玄指要賦》說:""腹膨而脹,奪內庭兮休遲。""《醫宗金鑑》說:""內庭主治痞滿堅。""《玉龍歌》說:""小腹脹滿氣攻心,內庭二穴要先針。""我看到內庭可以治肚子脹,再往後移,用陷谷很好,後來我又移到門金,也是很好。

很多人小腹脹,是因為啤酒喝得太多了,即所謂的""啤酒肚"",這是腎虧導致的。我用腕順一、二有效,因為它能補腎。

靈骨治腹脹也不錯。靈骨是大腸經的穴位,治療肚子脹是有道理的。門金是胃經的穴位,所以門金、靈骨一起用,腸胃並治最好。"
97,便秘,便秘,matched,內科,第六節大小腸病,5175,"便秘係指腸內容物在腸內執行遲緩,排便次數減少,糞質堅硬,排便困難。偶可伴有腹痛、腹脹、噁心、嘔吐等其他症狀。多見於各種急、慢性疾病中。便秘是體力活動少或長期臥床患者的常見合併症。便秘中最常見的是習慣性便秘,

以及飲食習慣和生活習慣改變所引起的便秘,某些藥物也有導致便秘的作用。習慣性便秘,大便時困難,常3~5日或時間更長排便1次。

老年人腸道平滑肌衰弱,缺乏張力,以致腸道蠕動減慢,腸黏膜應激性減退, 使腸反射動力不足,從而糞便留滯過久,造成便秘。",便秘 33. 火串穴;1111. 水中穴、水腑穴,"治療便秘,最主要的就是火串穴(三焦經的支溝)。支溝自古即是治便秘要穴(參見《醫宗金鑑》《雜病穴法歌》《玉龍賦》《勝玉歌》)。三焦經調理氣機,可以緩解大便不通。

水中就是三焦俞,腎與三焦通。水腑即腎俞,能補腎滋陰液,意同照海。","火串穴。

十四經效穴:支溝穴、照海。","古人治便秘,一個是支溝,就是火串穴,一個是腎經的照海,因為腎主液,通便要滋潤。支溝常配照海共用,效果甚好。《傷寒論》:""脅下硬滿,不大便而嘔,舌上白苔者,可與小柴胡湯,上焦得通,津液得下,胃氣因和,身濈然汗出而解。""是講大便不通,用小柴胡就能治療。火串穴在三焦經,就有這樣的意味。而且手腕橫紋後面三寸是肛門線,火串穴剛好在肛門線上。可配合照海(《玉龍賦》:""照海支溝,通大便之秘"")、足三里(《雜病穴法歌》:""大便虛秘補支溝,瀉足三里效可擬"")等應用,效果更佳,配大陵、外關亦可治腹痛秘結(《玉龍賦》:""肚疼秘結,大陵合外關於支溝"")。若便秘脅痛,針支溝,效果亦佳。

另外,天樞是大腸經的募穴,上巨虛是大腸經的下合穴,都能治便秘。"
98,闌尾炎,闌尾炎,matched,內科,第六節大小腸病,5207,"急性闌尾炎是常見的急腹症,多由闌尾腔內梗阻或細菌侵入管內,致使管腔發炎。中醫學稱為""腸癰"",多因飲食不節,氣血瘀阻,溼熱積滯所致。

由於本病病情急重,針灸只是作為一種輔助療法,尚應根據病人的具體情況配合藥物及手術治療。

闌尾炎可分為急性和慢性兩種。急性者初起時上腹部或臍周圍疼痛,數小時後轉移至右下腹部,呈持續性並可有陣發性加劇。右下腹闌尾點壓痛明顯,或有反跳痛和肌緊張。帶伴有噁心、嘔吐、食慾減退、腹脹、腹瀉、便秘、發熱等全身症狀。慢性闌尾炎則以右下腹隱痛和侷限性壓痛為主,可反覆發作。","盲腸炎

66. 門金穴","老師說的盲腸炎就是闌尾炎,只寫用門金穴,單一此穴效果似乎不夠。","- 1. 四花中、四花外點刺出血有奇效。
- 2. 闌尾穴、門金穴有效。

特效奇穴:闌尾穴。","盲腸炎可以在四花中、外點刺,一般是先點刺後扎針,很快就可以平息下來。兩穴刺完血,再扎門金、闌尾。

急性盲腸炎是急腹症,治急腹症有幾個原則,第一要深針,第二要強捻針,第三要多捻針。我有個學生曾患盲腸炎,我就是扎闌尾穴配門金穴,強捻針,久留針,把他給治好了。

闌尾穴是奇穴,治盲腸炎是很好的,就在足三里下面,一般來講是一寸,在有盲腸炎的時候,本穴反應敏感,可以在穴區壓到痛點、敏感點。"
99,小腸疝氣,疝氣,matched,內科,第六節大小腸病,5242,"小腸疝氣是小腸脂膜突出臍中或陰囊中的病症。小腸脂膜突入臍中,使臍部突起,稱為""臍疝"",小腸脂膜突入陰囊,使小腹下部突起的稱為""股疝""""狐疝""等,相當於現代醫學的""腹股溝斜疝""。多因陰寒內盛、寒氣凝結,小兒因先天不

足,又因嬰幼兒啼哭叫擾過多,用力努掙等致使小腸脂膜突入臍中或陰囊中形成疝氣。成人中有疝氣者亦復不少。

中醫則責之於任脈與足厥陰肝經,認為多由中氣不足、升提無力或感受寒溼、氣血凝滯等引起。",疝氣 11. 大間穴、小間穴、外間穴、浮間穴、中間穴,"從經絡循行部位來看,足厥陰肝經""循陰股,入毛中,環陰器,抵少腹"",足厥陰絡脈""其別者循經上睪,結於莖"",足厥陰經筋""循陰股,結於陰器,絡諸筋"",因此,肝經與陰器關係非常密切。

大間穴、小間穴、外間穴、浮間穴、中間穴皆在食指上,食指屬大腸經,透過大腸與肝通,治療疝氣當然有效。位置當井滎之間,基於太極對應之手軀順對法, 手指與陰部相對,董師以五個""間""穴治療疝氣,具有一定的道理。

雖然董老師說治疝氣成方:""外間、大間、小間、中間四穴同時用針為主治疝氣之特效針。""但餘個人之經驗,幾個間穴不必全用,可以每次選兩三穴,臨床再以大敦穴或太沖穴配伍牽引,效果尤佳尤速。","- 1. 內踝到三陰交一帶點刺出血。
- 2. 大間、小間、外間、中間、浮間穴任意選二三穴針刺。

十四經效穴:大敦。","臨床大間、小間、外間、中間、浮間穴任意選二三穴針刺,配合特效穴大敦做牽引,治療疝氣極為有效。可以如下應用:這次來的時候針大間、小間,下次來就針外間、中間,每次都加針腳上的大敦。大敦自古為治疝氣特效針,蓋肝主筋,前陰為宗筋所聚,而足厥陰肝經又環繞陰器,抵達小腹,所以各種疝氣皆屬於肝。

我上課講過牽引針,一種就是針""井滎輸經合""的""輸穴""牽引,比如說坐骨神經痛,痛在太陽經就用束骨穴,痛在少陽經就用臨泣穴。

如是膝蓋痛,我都是用火主或者太沖牽引,太沖本來就是治膝特效針,不必

考慮是內側,還是外側的膝蓋痛,就直接用火主來做牽引,這叫""特效針牽引""。

再如治療落枕用後溪、束骨很有效;用重子、重仙也很有效。不論用哪一組,加一個承漿穴更速效。你也許會問:脖子在後面,怎麼會用前面的承漿?這就叫特效針牽引。所以治療鼻病,我們常加一個迎香作牽引,治療耳病就可以加聽會作牽引,這也屬於特效針牽引。

另外有種扎法,老師是在內踝到三陰交一帶刺血,腳內踝到三陰交的這段裡,青筋都是細細小小的,如蚯蚓狀,刺出點血也不錯。多半瘀血比較久了,青筋才會明顯,剛得不久的一般不會那麼明顯,也就不一定要刺血。

為什麼肝經那麼多穴,大敦是此症的特效穴呢?大敦是井穴,太極對應到陰部,而且井穴善於開竅祛寒。另外一個原因是大敦能提升木氣。每條經都有一個提升穴,根據《素問·刺法論》的說法,木氣欲升,針木之木穴;火氣要升,要針火之火穴;水氣欲升,針水之水穴。都是針本經的本穴,疝氣就是肝經的肝氣下墜,要提升肝氣,就要針木經的木穴。木經的木穴就是肝經的井穴大敦,所以大敦是治療疝氣的特效針。

用大敦來配合幾個間穴,療效不錯,上下有針,形成交濟,還有整體調整的作用。"
100,睪丸炎,睪丸炎,matched,內科,第七節前後陰病,5291,,,,"- 1. 內踝到三陰交一帶點刺出血(放血)。
- 2. 針大間、小間、中間、浮間。","治療睪丸炎可以在內踝到三陰交一帶刺血,跟之前講的治疝氣是一樣的,因為治的就是同一個部位,同類病因的病,所以治法一樣。針大間、外間、小間、浮間也有效,針法及選穴可以參考疝氣。"
101,遺精,遺精,matched,內科,第七節前後陰病,5306,"遺精是指未經性交而排精的病症。有夢遺精稱""夢遺"",無夢或在清醒狀態下遺精稱""滑精""。一般成年未婚男子每月遺精 1~2 次,或每週遺精 1 次均屬正常,若遺精頻繁,同時伴有頭暈耳鳴、精神萎靡、疲倦乏力、腰膝痠軟等全身症狀即為病態。本病屬於現代醫學之男性性功能障礙範疇。","| 遺精 | 77. 地皇穴、人皇穴 |
|----|-------------|
| 滑精 | 77. 地皇穴、人皇穴 |
| 夢遺 | 77. 地皇穴     |","遺精是指未經性交而排精的病症,針地皇穴、人皇穴。有夢遺精稱""夢遺"", 針地皇穴。無夢或在清醒狀態下遺精稱""滑精"",針地皇穴、人皇穴。

若是兩三週遺精一次,這很正常,因為沒有使用,精滿自溢。

有的人在大便時一用力,沒解出來先射精了,這種病人我治過不少,多是手淫過度,導致精關不固,所以一大便用力就射精了,這也可以稱為""滑精""。

老師治療這種狀況,不出地皇、人皇範圍。地皇作用就等於地機,地機是脾經的郄穴,有理氣收斂作用。人皇就等於三陰交,脾肝腎皆治,治療泌尿生殖系統病變很好。",針下三皇穴。,"夢遺、滑精,在症狀上略有不同,但治療一樣。都可以針地皇、人皇。其實要加針腎關,腎關配地皇、人皇就等於下三皇了,嚴重的要用下三皇。輕的話就用腎關配人皇或者地皇。"
102,陽痿、早洩(男子性功能障礙),陽痿、早洩,matched,內科,第七節前後陰病,5335,"男子性功能障礙主要包括陽痿、早洩、遺精、性慾低下或無性慾等一系列的

疾病。陽痿是指陰莖不能勃起,或勃起不堅,持續時間短;早洩是指性交時過早的射精;此病多因腎氣虧損、命門火衰,或恐懼傷腎、心腎不交、水火不濟所致。現代醫學認為男性性功能障礙多為中樞神經功能失調,與精神因素關係密切。","| 陽痿 | 77. 地皇穴、人皇穴;88. 通腎穴、通胃穴、通背穴;1111. 水腑穴 |  |
|----|---------------------------------------|--|
| 早洩 | 77. 地皇穴、人皇穴;88. 通腎穴、通胃穴、通背穴;1111 水腑穴  |  |","陽痿、早洩的治法取穴基本上是一樣的。一組是小腿的地皇穴、人皇穴;一組是大腿的通腎穴、通胃穴、通背穴;還有一個就是腰背的水腑穴,這些穴都是補腎的。

水腑穴就是腎俞,能補腎。地皇作用就等於地機,地機是脾經的郄穴,有理氣收斂作用。人皇就等於三陰交,脾肝腎皆治,治療泌尿生殖系統病變很好。通腎、通胃、通背,以通腎最重要,通腎就相當於膝蓋上的氣海。","- 1. 地皇穴、人皇穴。
- 2. 大敦穴、腎關(維杰特殊經驗)。","地皇穴、人皇穴治療陽痿、早洩,其理在前面已經說明。陽痿要配大敦,早洩要配腎關,如此療效較好。地皇穴、人皇穴加腎關即為下三皇。

大敦跟腎關是我個人的經驗,療效很好,稱之為""腎虧二針""或""性弱二針""。因為大敦善於治陽痿,腎關善於治小便過多,能收斂,對於滑精早洩有效。陽痿、早洩,這兩個病常會連在一起論治,有些是勃起不久就洩了、軟了。

在治療陽痿、早洩的期間,絕對要禁止房事,要忍耐至少三個星期,然後才行房,一試他就覺得好多了。

治療後有一個特點,他本來一直都很難勃起,紮了這幾針,幾天以後睡覺,在天快要亮的時候,會覺得有點勃起的現象。因為經過一個晚上的睡眠休息,精氣比較充足了,快要天亮時就會容易勃起。這樣越來越有效,繼續扎,差不多了,就可以行房了。

水金、水通也能治陽痿、早洩,因為它們也是補腎的。以前做過一個試驗,有人在水通、水金紮了兩針,貼上膠布,然後行房比較耐久,說明水金、水通能夠治療陽痿、早洩。

為什麼大敦是治陽痿的特效針?我們知道能屈能伸是筋的病,陰莖能伸縮,屬筋,肝經繞過陰部一週,它又對應陰竅。陰莖不能勃起是肝筋的病。肝氣不升,就勃不起來。而且不少人是越緊張越勃不起來,就要疏肝。大敦是木經的木穴,治療木不能起來,並能治療緊張。

每一經要升,就針本經的本穴;所以木氣不升,就要針木經的木穴大敦;火氣不升就要針火經的火穴少府;土氣不升就要針土經的土穴太白,一般以陰經為主。這是一個很重要的原則,在《素問·刺法論》裡介紹得很清楚,在我寫的《實用五輸穴發揮》裡,也有專章詳細介紹。"
103,失眠症,失眠,matched,內科,第八節神志病,5378,,( ) 重からに,"失眠

失眠,老師的書上寫著:正會、鎮靜、水腑。

1010. 正會穴、鎮靜穴(皮下針);1111. 水腑穴

正會、鎮靜皆在督脈上。正會穴為諸陽經所聚之處,精神之疾多火熱熾盛灼津為痰,上湧清竅,耗精擾神。對於陽熱熾盛的精神疾患,刺之則瀉火開竅,熱除神安,腦清神明,則能安睡。

鎮靜穴當兩眉頭之間正中,針刺時從眉頭間稍上橫針穿過鎮靜穴。從太極全息對應來看,兩眉中間主肺;兩目之中主心;本穴約當肺心之對應區,從肺透心,理同間谷穴之對應肺心能鎮定,心主神,故治震顫失眠。亦能治胸滿煩驚,睡臥不安。

水腑則是腎俞,能補腎。

但隨師跟診所見,董師治療神經衰弱失眠常用下三皇配鎮靜。","- 1. 下三皇穴配鎮靜穴效果極佳。
- 2. 針大白、九里極有效(維杰特殊經驗)。
- 3. 耳尖刺血特效(維杰特殊經驗)。","近年失眠病患急劇增加,我治療許多病例,發展出有效穴甚多,九里、間谷、開四關皆為極有效之治療穴,其中以耳尖點刺最為神效。失眠雖然看起來是很難治的病,但針灸卻很有效果。

早期我用間谷治失眠,就是在大白和合谷中間取穴,叫做間谷穴,治失眠非常好,因為大白對應到頭,合谷對應到腹部,那麼大白和合谷的中間就對應心胸,失眠時常是心胸這一帶煩躁,虛煩懊惱不眠就是指心胸這一帶,所以針間谷治失眠很好。之後我用間谷配九里更好。九里與風市同一位置,是治風症要穴。風症的範圍很大,風市的""市""是聚集、來往的地方,所以用風市治療各類的風很有效,治療痛症、癢症常取風市。此外,膽與心通,所以膽經的風市就可以治療""諸痛癢瘡""這類的病變,鎮定的療效極好。

後來我發展用耳尖刺血,極為特效。為什麼耳尖治失眠特效?《素問·金匱真言論》說:""心亦開竅於耳。""不只是腎開竅於耳,心也開竅於耳,所以耳朵這個地方,可以說心腎都治,失眠最大的原因就是心腎不交,火往上不往下,就很煩躁,很興奮,睡不著。水不往上,只往下,無法滋潤濟火,就動輒要小便,一夜起來幾次,睡不好。那麼一交通心腎,水上來讓火不太熱,火下去讓水不太寒,水火交濟,自然就不會失眠了。

你們看梔子豉湯,梔子顏色比較偏黃紅人心,豆豉是黑的人腎,這是最簡單的交通心腎;黃連阿膠雞子黃湯也是治失眠的效方,黃連偏黃紅,清心火,阿膠黑的人腎,這樣紅黑一配,交通心腎就治失眠了。

在耳尖刺血,就能交通心腎。那為什麼不是扎針,而用刺血呢?我們知道王清任的活血化瘀第一方——血府逐瘀湯,主治就是""久年不眠"",它裡面有疏肝理氣的四逆散,有活血化瘀的桃紅四物湯,能疏肝化瘀。我們在耳尖刺血其實就是疏肝化瘀。膽經繞過這裡,肝膽相表裡,在耳尖刺血就相當於血府逐瘀湯;交

通心腎就相當於梔子豉湯、黃連阿膠雞子黃湯;少陽膽經經過這裡,也相當於溫膽湯,這一針等於多方,所以耳尖刺血,縱然是嚴重的失眠,刺血當天都會好一些。

但是耳尖刺血有一個前提要注意,有人說我刺了血沒效,一問是在上午針的。上午針,當作用要來的時候,還沒到睡眠時間,到了睡眠時間,作用過了。最好是下午來刺血最好,尤其在申時以後最好。大家知道有一種講法,陽虛常在白天表現得厲害,白天陽旺,它就能夠與疾病對抗,所以陽虛的病表現在早上,例如過敏性鼻炎,就是早上起來打噴嚏、流鼻水,晚上因為它陽虛對抗不了陰旺,就反而平靜了。陰虛失眠主要表現在晚上,所以我們應該在下午申時以後刺血,效果就好,不要太早刺。耳尖刺血治療失眠真的很有效,每個禮拜一次,最短5天刺一次,幾次就好了,不少人幾十年的失眠,在耳尖刺血幾次就完全好了。"
104,癲癇,癲癇,matched,內科,第八節神志病,5430,,"| 癲癇病 | 77. 天皇副穴(腎關)  | -, |
|-----|---------------|----|
| 羊狗瘋 | 88. 金前下穴、金前上穴 |    |","老師講的羊狗瘋,就是癲癇,在書裡寫針天皇副穴(腎關)。金前下、金前上就在膝蓋外緣,金前下在膝蓋骨外上角一寸,金前上在金前下穴直上一寸半。穴名金,與肺有關,能治肺病。在膝上一寸之筋旁,筋亦與肝應,故治肝風之病。兩穴包圍梁丘穴,梁丘為胃經郄穴,多氣多血,作用於肺(氣)肝(血),故用金前下、金前上能祛風化痰,治療癲癇有效。","- 1. 腎關、上瘤穴。
- 2. 腕順一、二穴。
- 3. 金前上、下穴。
- 4. 背部第3 椎旁 1.5 寸金吉、金陵(肺俞、厥陰俞)點刺出血,治療效果很好。

5. 火枝、火全、腎關合用(維杰特殊經驗)。

十四經效穴:後溪、間使。","癲癇,老師在書裡寫著取用天皇副穴(腎關)、金前上、金前下等穴。金前上、金前下能祛風化痰,因此是治癲癇很好的穴位。中醫認為癲癇跟腦有關,補腎是很重要的,治腎即能治腦,我常用腎關,另外,上瘤亦能治腦病。在背部第3椎旁1.5寸金吉、金陵(肺俞、厥陰俞)點刺出血,亦能治療與肺及肝風有關之病。

我曾用腕順一、二穴治癲癇。腕順一緊鄰後溪,後溪為治癲疾要穴,腕順二穴作為腕順一的倒馬加強針。

後來我研創了一組針穴,治療癲癇,效果很好,就是用火枝、火全配腎關,這是從""針方對應""來的。因為我最常用少陽經來治療癲癇,我用方子治過很多病例,最常用柴胡加龍骨牡蠣湯,臨床效果非常好。推演到針灸,上三黃是治肝的,上三黃下面的火枝、火全是治膽、治少陽的,就相當於小柴胡湯,腎關本來就能治癲癇,也可以治小便多,相當於龍骨、牡蠣,還有收斂的作用。我就用火枝、火全(小柴胡湯),加腎關(龍骨、牡蠣),這樣一配合,治療癲癇很好。

十四經穴最常用後溪治療癲癇,《蘭江賦》:""後溪專治督脈病,癲狂此穴治還輕。""《通玄賦》:""癇發癲狂兮,憑後溪而療理。""《醫宗金鑑》:""後溪能治諸瘧疾,能令癲癇漸漸輕。""間使穴亦常用治癲癇,如《靈光賦》:""水溝間使治邪癲。""《雜病穴法歌》:""人中間使去癲妖。""應用時配合人中穴針刺,效果較佳。

癲癇症過去多系遺傳造成,近年來由於外傷如車禍等造成的也不在少數。"
105,精神病,精神病,matched,內科,第八節神志病,5467,,"| 神經病     | 77. 天皇副穴(腎關)       |
|---------|--------------------|
| 神經錯亂    | 1010. 正會穴、鎮靜穴(皮下針) |
| 治妖邪(鬼迷) | 1010. 正本穴          |","董氏奇穴有幾個是治精神病的穴位。

- 一個是**腎關**,為補腎最常用之穴。神志與腦相關,腦與腎關係密切,故此穴能治癲癇、神經病,對神經衰弱、失眠皆效。
- 一個是**正會**,能健腦,平肝息風,鎮定作用甚強。臨床上常用於治療頑固的腦部疾患,具有顯著效果。如癲癇發作、舞蹈病、大腦發育不良等。

鎮靜穴,與印堂相符,在督脈上,本就有很好的鎮靜作用。

另外一個是**正本**,即素髎,在督脈上。督為諸陽之會,能鎮定。本穴鄰近大腸經及胃經(手足陽明經),陽明經多氣多血,因此本穴調理氣血及鎮定作用甚強。本穴另有開竅、回陽救逆之功。","- 1. 天皇副穴(腎關)、鎮靜穴(皮下針)。
- 2. 鎮靜穴。
- 3. 火膝穴。","治療精神病,除了天皇副穴(腎關)、鎮靜穴(皮下針)、正會、正本外,老師還用火膝穴治療因生氣而痰迷心竅之神經病。井主神志,此為井穴,心主神志。小腸與心相表裡,本穴在小腸井穴附近,為經絡加穴位之雙重治療。此穴是董老師少用之井穴之一,亦具開竅作用。督脈與小腸亦相關,因此本穴治療神志作用極好。

十四經穴治療精神病,常用孫真人十三鬼穴,就是:一針鬼宮,即人中;二針鬼信,即少商;三針鬼壘,即隱白;四針鬼心,即大陵;五針鬼路,即申脈;六針鬼枕,即風府;七針鬼床,即頰車;八針鬼市,即承漿;九針鬼窟,即勞宮;十針鬼堂,即上星;十一鬼藏(會陰);十二針鬼腿,即曲池;十三針鬼封,即海泉。

我個人最常用人中、少商、隱白,人中為督脈與手足陽明經的交會穴,陽明多氣多血,能調理氣血,督脈可疏通閉塞之陽氣;少商為手太陰之井穴,隱白為足太陰之井穴,手足太陰皆主開,能將邪氣驅於外,而兩穴皆為井穴,具開竅作用,亦主神志。配合前述之董氏奇穴治療,效果甚好。

# 第九節雜症"
106,高血壓,高血壓,matched,內科,第九節雜症,5505,"高血壓是以動脈血管內壓力增高為主的一種疾病,血壓可長期超過 140/90mmHg。本病常為慢性,多伴有頭暈、頭痛、頭脹、心悸、失眠、耳鳴、心煩、記憶力減退、顏面潮紅或有肢麻等症狀。如血壓突然顯著升高,出現劇烈頭痛、噁心嘔吐、氣喘氣急、煩躁、抽搐甚至昏迷者,稱為高血壓危象,為危重之症。

高血壓屬於中醫""眩暈""""頭痛""等範疇,多為肝陽上亢,風熱上擾,氣血逆亂,上衝腦部所致。","血壓高

44. 富頂穴、後枝穴、支通穴、落通穴、下曲穴、上曲穴;66. 火菊穴;77. 四花外穴 (三稜針黑血)","來看血壓高,老師也寫了不少穴位。富頂、後枝、支通、落通、下曲、上曲,這6個穴都在上臂。

支通穴、落通穴在手太陽小腸經上,能去溼,善治疲勞,手足太陽同名經相通,此穴又系在上臂上位,故治後頭強硬如血壓高、血管硬化、頭暈甚效。

下曲穴、上曲穴以三才全息論,從上往下,穴在上臂之上部,又肩三角肌為塊狀肌肉,屬筋應肝;穴在小腸經線上,手足太陽經相通,能治頭項強、血壓高。

富頂、後枝兩穴皆能治肝及調整血液迴圈,可治肝之血壓高、頭暈、頭痛、疲勞等。兩穴同時下針,可治頸項疼痛扭轉不靈(多與血壓高有關)及面部麻痺。

上臂距肘 4.5~8 寸的範圍,包括了三焦經富頂、後枝,小腸經支通、落通、下曲,皆治高血壓、頭暈、血管硬化。反映了老師奇穴系區位取穴針法。

火菊穴相當於公孫穴,治療高血壓,或因扶脾胃、理氣機、清心火,具有厚土滅火及子能令母實之雙向作用,也有疏土緩肝之意。火菊穴對應前頭,治療頭腦脹、眼昏、眼皮發酸、頸項扭轉不靈,道理類同。

四花外治血壓高,以三稜針刺出黑血。刺血擅治急病及多年病患。四花外

在豐隆穴旁,豐隆為痰會,刺血則痰瘀並治,治療血壓高甚效,亦可治療高血壓危象。","- 1. 五嶺穴(第四胸椎至第七胸椎兩旁 1.5 寸,膀胱經線上厥陰俞、膈俞)、火雲至土洩穴點刺放血。
  - 2. 委中穴青筋點刺出血。
  - 3. 四花中、四花外點刺出血。
  - 4. 中白穴有效。
  - 5. 耳尖刺血。
  - 6. 太陽穴刺血(維杰特殊經驗)。
  - 7. 火菊、火硬穴。
  - 十四經效穴:曲池、陽陵、太沖。","當年隨師觀察,董師治療血壓高,常用下述穴位:中白、下白,火菊、火硬;對於血壓高的刺血,最常用的部位就是在四花中、四花外放血,再來就是在委中,另外是在背部的五嶺穴,選偏上面的幾個穴刺血。

我個人一般取下面幾個穴:在太陽穴刺血最好,當場即能降壓,刺血幾次後, 血壓可以穩定相當長時間。若是不敢或不方便在太陽刺血,就在耳尖刺血,然後針火菊、火硬,火菊就是公孫,可以像菊花一樣清降血壓;火硬相當於行間,能洩肝陽。此外火菊、火硬的部位對應到頭部,治療血壓高很好。

十四經降血壓,可取曲池、陽陵泉、太沖,主要還是曲池、太沖,可以用鄰近的奇穴火菊、火硬配曲池。奇穴可以與十四經互動配合,曲池、太沖是我常用來治血壓高的,曲池、火硬也可以,道理是一樣的,再加個火菊就更好了。

用上述幾個穴位降血壓,不一定要在四花中、外刺血。針曲池、火硬,再在耳尖刺血,幾次就降下來了。血壓高的人有時候容易睡不好,耳尖一刺血就能睡得好,睡得好血壓也就能降下來。

前面在講疝氣時,提到每經欲升,要針本經的本穴,火氣要升,要針火之火穴;水氣欲升,針水之水穴。都是針本經的本穴,就是真五行。

每一經欲降,就針克它的那一經,取陰經的井穴,陽經的合穴,例如降肝氣上

逆、肝陽上亢,就要針克肝木的陰經肺經的井穴少商,陽經大腸經的合穴曲池。其他經氣欲降,都是如此。這是一個原則及方法,在《素問·刺法論》裡介紹得很清楚,在我寫的《實用五輸穴發揮》裡,也有專章詳細介紹。"
107,中風昏迷症,中風,matched,內科,第九節雜症,5566,"中風是以猝然昏僕、不省人事為主症。因其發病急驟,症情兇險,變化迅速,與自然界中的風善行數變的特徵相似,所以古代醫家稱其為中風。現代醫學之腦出血、腦血栓形成、腦栓塞、蛛網膜下腔出血等多種腦血管疾患,均屬中風範疇。中風嚴重者可造成突然死亡。若能恢復意識,往往留有手足麻痺、語言障礙或半身不遂等後遺症。",,,"- 1. 十二井穴點刺(放血)。
- 2. 人中、內關、湧泉、太沖穴針刺。","在老師的書裡,沒有談到治療中風的穴位,這裡給大家介紹一些我個人的特殊心得,是很有用的經驗。

中風昏迷急救首先在十二個井穴放血,《傷寒論》說:""凡陰陽不相順接便為厥。""井穴都是經絡的起點或終點,在井穴刺針尤其是刺血,能""接通陰陽""。又《內經》說:""病在髒者取之井。""中髒即不識人,井穴治療突發之神志改變甚效,所以治中風急症甚佳。

如果不知道井穴,那麼在十個手指頭的頂端,也就是十宣穴刺血,也有急救效果。因為太極全息,指尖對應於頭部。腳上可以選擇性地刺血,如大敦、隱白、厲兌等穴可先放,再看狀況刺其他穴位。刺血後再取百會、人中、內關、太沖等穴位針刺,治療效果非常好。

四十多年來,我治療過的中風患者非常多,包括急性發作昏迷與後遺症半身不遂,在初級治療講座中,我曾經介紹過幾個病例。一例昏迷、小便不通的尿毒症患者,主要是在手上的井穴都放血,腳上只放大敦、隱白、厲兌穴,放血後再針百會、內關、湧泉。治療後沒多久,他的小便就通了,然後鼻飼安宮牛黃丸,兩天後就醒過來了。另一個病例是腦血管動靜脈畸形血管瘤破裂,患者昏迷五十多

天,也是用井穴放血治療,然後再給予服用活血化痰的處方。以二陳湯化痰加三七粉活血,再加瓜蔞化痰,一點大黃通便行血,又加葶藶子瀉上部的水,龍膽草瀉肝火。葶藶子、龍膽草兩者合用,對治療昏迷的腦水腫、腦壓高甚效。這個病人在治療中間階段,就漸漸有意識了,在昏迷九十天以後就完全醒了過來,之後還到我那裡去治後遺症半身不遂,後來完全恢復如常人。"
108,半身不遂(中風後遺症),中風後遺症,matched,內科,第九節雜症,5589,,"半身不遂

11. 木火穴(奇效);22. 靈骨穴;44. 肩中穴、下曲穴;88. 駟馬中穴、駟馬上穴、駟馬下穴、中九里穴、內通關穴、內通山穴、內通天穴;1010. 正會穴、州圓穴、州昆穴、州侖穴、後會穴、鼻翼穴;1111. 五嶺穴(三稜針)","半身不遂,有這麼多穴位可治。先講木火穴,此穴的產生,是董老師給某國總統治病的時候,觀察他的手,發現他的木火位置特別黑,有青筋、瘀絲,他就扎扎看,一紮發覺有效,而且第二天病人就反映說腿腳有力了,老師就知道起作用了,當時先叫無名穴,後來就改為木火穴。

木火穴,老師在書上寫著""半身不遂,奇效"",又說""注意:第一次限用五分鐘,五日後限用三分鐘,又五日後限用一分鐘。時間及次數均不可多用""。本穴接近中衝穴,有強心活血作用,中衝穴為井穴,主治最急之症,善治中風發作之急救。本穴在中衝之後,治療次急之證,治療中風後遺症對其他各穴有加強作用。

木火穴位在井滎之間,較適於治新病,且不宜久留針。第一次限用五分鐘, 留針時間與五輸穴區位有關,等一下我來說明。

取名木火是一名雙關,它在木穴(井穴)與火穴(滎穴)之間,所以叫木火。為什麼用來治療半身不遂、中風後遺症?我們知道陽經一般都到頭上,陰經只有肝經和心經到頭上。肝經從喉嚨深處上來,到了頭頂,所以肝陽上亢嚴重了,就變成血壓高,甚至腦出血。心經也到臉上,心臟血管的栓子脫落,到了上面阻塞腦部的血管。中風一個是心經火的問題,一個是肝經木的問題,就是木火。木火穴的命名,包括了它的位置,也包括了它的主治。

外面有人說木火穴有四個,大指以外的每個指頭都有木火,那是不瞭解五輸

穴才這麼說的,真正的木火只有中指這個穴,為什麼?食指大腸經的井穴與滎穴是金水;無名指三焦經的井滎穴,也是金水。小指有兩條經絡,有陽經小腸經的金水,有陰經心經的木火。中間怎麼定?所以只有中指的木火穴才是真的木火。

這個木火穴名是老師自己取的,可見老師對五輸穴的觀念是很深的。

靈骨穴以治療半身不遂為主,董老師常用靈骨、大白治療半身不遂,我們也就用靈骨、大白。但為什麼書上沒有寫大白穴?這中間有一個時間差,老師的書是在1973年寫的,他1973年以後,靈骨、大白用得比較多,可在1972年的時候治療半身不遂沒有用大白穴,只有靈骨穴。老師後來就都是靈骨、大白一起用了。

另外,肩中穴治療半身不遂也很好,剛才下課有同學問我,半身不遂抬腿無力用哪個穴位呢?答案是肩中穴,因為該穴的部位肌肉肥厚,治療抬腿無力很好。肩中也治療中風後對側的肩膀疼痛及抬舉無力,治療膝蓋痛的效果也很好。駟馬上、中、下穴也可以治療半身不遂,中九里穴也可以。這兩處的肌肉都非常肥厚,能治療舉肩及抬腿無力。駟馬上、中、下穴還可以益氣,中九里穴可以祛風。

正會、後會、州圓、州昆、州侖等幾個在頭上的穴位,溫陽甚好,還能鎮定,若有顫抖之症狀,更為適宜。

五嶺穴主要以三稜針刺出黑血為佳。患者第一次來,老師會在病人背後的五嶺穴刺血,隔兩三個禮拜會再刺血,可以活血化瘀,加速痊癒。五嶺穴不必都刺,可以選擇性地輪流刺血。","- 1. 靈骨、大白穴特效。
- 2. 九里穴倒馬針特效。
- 3. 對側重子、重仙穴(維杰特殊經驗)。
- 4. 腎關(維杰特殊經驗)。
- 5. 正會、後會穴。
- 6. 五嶺穴放血。
- 7. 肩中。","據臨床隨師觀察,董師治療半身不遂,先刺木火穴,再針靈骨、大白,也可以

加上七里、九里倒馬針,有時候也針正會、後會穴倒馬針來配合。嚴重狀況的病患可以每隔一個禮拜在背部的五嶺穴放血。

木火穴可以作為治療半身不遂的起手針,老師說不能用太久。一般第一次五分鐘,以後三分鐘,再來一分鐘。為什麼這樣留針?如果不對五輸穴深入研究,根本無從理解,所以要深入奇穴,還是要多多理解十四經穴相關的理論。

五輸穴有時間性。據《靈樞·五十營》篇所言:""二十八脈……漏水下百刻, 以分晝夜……氣行十六丈二尺……一週於身,下水二刻。""指出氣血執行一週, 需時二刻,一晝一夜為一百刻,則二刻為 0.48 小時,為 28 分 48 秒。

又據《靈樞·營衛生會》篇所言:""營在脈中,衛在脈外,營周不休,五十而復大會,陰陽相貫,如環無端。""營衛一晝一夜在人體執行 50 周,以一天 24 小時 (1440 分)計算,即 28 分 48 秒迴圈一週。從上述兩點看來,留針至少宜超過 28 分 48 秒,目前為求計算方便,一般留針 30 分鐘是合理而適宜的。

把這個作為中間點或一般平均點,那麼五輸穴的中間穴,也就是井滎輸經合的""輸穴""可以此為標準。輸穴留針 30 分鐘是最為普遍的;井穴一般以刺血為主,不留針;滎穴位於井輸之間,可取 0~30 分鐘的中間數,就是 15 分鐘;輸穴居於中,合穴最後,可取輸穴之倍數時間。合穴治療腑病,宜較長時間留針,60 分鐘是合理的,治療一些久病臟腑病留針 1 個小時,效果確實較好(其實老師對於一些久病、重病,有時還是會留針達 1 小時)。經穴在輸穴與合穴之間,可取 45 分鐘。

中指從手指間之井穴位置,至一般滎穴指間合縫,有三節,木火穴在第一節,也就是三分之一處,是不是留 5 分鐘?答案出來了。這個研究過程,是經過了多年的結果。研究通了,就一通百通。老師為什麼一般都留 45 分鐘,為什麼合穴可以留 1 個小時……這就是穴位的時間性。

總結一下,董老師治療半身不遂最主要的穴位就是:①靈骨、大白;②中九里穴加七里倒馬,這兩組最為常用。有的時候還會針正會(即百會)、後會穴。大概就不出這六針。

第一次患者來,老師會在背後的五嶺穴刺血,或者隔兩三個禮拜再刺血,扎針就是正會、後會,然後靈骨、大白,讓患者來回走路。一次來如此針,靈骨、大白,百會、後會,讓患者走路。一次來不讓患者走路,針靈骨、大白之後扎七里、九里(風市)。

就這樣兩種方法:①靈骨、大白、七里、九里,躺在那裡;②靈骨、大白、正會、後會,走一走。

針法是動氣針法,縱然躺在那裡,患者的手、腳還是要活動的。半身不遂來診時,前三次基本上都是先扎木火,起針以後再扎其他穴。腎關治療上身之活動不利效果甚好。如有肩膀不舉,常可加取腎關穴。上述各穴,治療半身不遂,皆是在健側取穴。"
109,中風舌強不語(失語症),中風失語症,matched,內科,第九節雜症,5661,,中風不語 88. 內通關穴、內通山穴、內通天穴;1010. 正會穴、後會穴,"正會穴位置與督脈之百會穴相符,溫陽作用極好,足厥陰肝經與督脈合於巔頂而交會於百會(正會),故本穴可有平肝息風之功效。凡肝鬱氣滯、肝陽上亢、實熱內蘊等所致的頭痛、眩暈及高血壓等症皆可治之,在臨床上可以治療各種證型的高血壓病。本穴鎮定作用甚強,善於治療風病及抖動病。

董師常用正會穴治療半身不遂,配靈骨、大白療效更高。本穴治中風不語,配合總樞穴點刺,療效更好。

後會穴位置與督脈之後頂穴位置相符,常作為百會之倒馬針,原理同百會穴。

雖然老師也寫了內通關、內通天、內通山可以治中風不語,但沒有看過老師用來治療此症。","- 1. 正會穴、後會穴。
- 2. 總樞穴點刺出血。
- 3. 水金、水通。
- 4. 失音穴。

十四經效穴:啞門點刺,商丘。","治療中風舌強不語,我首先用總樞穴,總樞就在風府與啞門中間,啞門可以治療聲音沙啞。所以,在總樞穴刺血,對於中風失語很好。

總樞穴的治療,老師原寫""發言無聲"",沒有寫中風失語,我個人常用總樞穴點刺來治療中風失語,配合針正會、後會。

在總樞穴點刺還有一個好處,因為總樞在風府與啞門中間,風府穴有一個作用,《肘後歌》說:""腳腿有疾風府尋"",又""足不仁兮刺風府""。在總樞刺血以後,患者說腿有力了,不但治療失音,半身不遂也能治療。中風不只是失音、講不出話來,吃東西有時也是吞不下去,這是球性麻痺,導致吞嚥也困難,在總樞穴刺血後,可以發音,吞嚥也好了,腿腳也有力。可以說一穴多治。

水金、水通對於發音無力、聲音發啞的中風也有效,我前段時間治了一位律師,他中風以後聲音沙啞無力,我在他的總樞穴每週點刺一次,其他時間針水金、水通,他的聲音很快就好了。

一般的失音我們可以針失音穴,當然中風失語也可以針。

#### 臨床常用選穴

- 1. 針對側重子、重仙穴有效。
- 2. 曲陵瀉針或放血。

# 【解說】

中風手拘攣,我曾舉過一個例子,有一位先生愛喝酒,喝酒之後常常手就伸不開,要用另一隻手用力扳開來,給患者針了重子、重仙,他立刻就可以伸開。重子、重仙可以治療肩背痛,以及中風手蜷縮不能伸開,療效極好。

我們也可以在曲陵穴瀉針或刺血,效果也很好。"
110,中風手拘攣(痙攣),中風痙攣,matched,內科,第九節雜症,,,,,,
111,四肢發抖(帕金森症),帕金森症,matched,內科,第九節雜症,5715,,"| 四肢顫抖 | 1010. 正會穴          | 4 |
|------|--------------------|---|
| 四肢發抖 | 1010. 正會穴、鎮靜穴(皮下針) |   |
| 各種風症 | 1010. 正會穴          |   |",,"- 1. 腎關、復溜、明黃穴。
- 2. 明黃、其黃、腎關穴。
- 3. 正會、後會、鎮靜穴。

十四經效穴:四關(合谷、太沖)。

#### 【解說】

手拘攣,四肢發抖,帕金森病也是這樣的症狀,此病多為肝腎陰虛或血虛動風。治療可採用""兩肝一腎""或者""兩腎一肝""。""兩肝一腎""就是在上三黃取兩針、下三皇取一針;""兩腎一肝""就是在下三皇扎兩針、上三黃扎一針。

上面扎兩針、下面扎一針,也就是""二上一下"",通常是取明黃、其黃、腎關。

下面扎兩針、上面扎一針,也就是""二下一上"",通常是取腎關、復溜,或者腎關、人皇,再加上面的明黃。

治療要點就是調肝腎,下三皇是脾腎都調,上三黃主要是調肝。我們講""諸風掉眩,皆屬於肝"",大的搖動,頭暈目眩,是風的病。我總結了一句:""諸寒震慄,皆屬於腎"",什麼叫諸寒震慄?半身不遂的人走不動,為什麼?他害怕,不敢走,走的時候小碎步,還帶點發抖,這種震慄就是腎所主。半身不遂,還有點發抖,用真武湯很有效,用針取穴採用二肝一腎,或二腎一肝。

最近研究帕金森病跟腸胃的消化功能有關,所以我們紮下三皇,也是有道理的,因為它能補脾。依照中醫原理,上面治肝,可以治顫抖的病變,下面補脾,也治到了消化的問題。

若是症狀比較嚴重,可以加一個鎮靜穴,該穴在兩個眉毛中間,太極對應,眉毛間主肺,兩眼間主心。鎮靜穴從眉毛稍上往下刺,穿過心肺的部位,鎮定效果很好。

我們知道,手上三間主頭,靈骨主最下面,合谷主中焦,合谷和三間之間是間谷穴,太極對應的位置相當於心肺,治療失眠很好。所謂虛煩懊惱、煩躁不眠,就是指的心肺這個位置。鎮靜穴皮下橫刺從肺到心,理論是相通的,具有鎮靜作用,所以老師叫此為鎮靜穴,是有道理的。

我們用二肝一腎或二腎一肝,配鎮靜穴會更好。

此外,十四經的開四關不錯,能鎮靜,也可以搭配應用。

四肢顫抖,也有人認為系風痰交作之病,針肝經的天黃、明黃、其黃能治風,下面脾經的穴位腎關、人皇就能治痰。","四肢顫抖,老師只取了正會穴治療,比較簡單了一點。正會穴為什麼能治四肢顫抖?因為它的位置與督脈之百會穴相符,為足太陽、手足少陽和足厥陰、督脈之會,督脈能溫陽鎮定,肝主風,太陽主表,故主治疾病甚多。足厥陰肝經與督脈合於巔頂而交會於百會(正會),因此本穴有平肝息風之功效,能治風病及抖動病。

鎮靜穴與印堂穴相符,在督脈上,本即有很好的鎮靜作用。從太極全息對應來看,兩眉中間主肺;兩目之中主心;本穴約當肺心之對應區,從肺透心,理同間谷穴之對應肺心能鎮定,心主神,故能治胸滿煩驚,睡臥不安,亦能治震顫。"
112,糖尿病,糖尿病,matched,內科,第九節雜症,5762,"糖尿病是一種很常見的疾病,中老年人多發。本病發展緩慢,早期多無自覺症狀,僅在偶然驗血或驗尿時發現,常見表現為口渴多飲、易飢多食、多尿、消瘦乏力等""三多一少""之典型症狀。久病常併發心血管、腎臟、眼部及神經病變,嚴重時可發生酮症酸中毒,甚至昏迷,危及生命。

本病的發病機制主要是由於胰島素分泌不足,導致糖代謝紊亂,使血中糖過高,不得不由腎臟濾出,於是尿中帶有甜味,出現糖尿,進而又可導致脂肪和蛋白質代謝的紊亂。

中醫學一般將糖尿病分為上、中、下三消,病變部位分屬肺、脾、腎三髒,但在針灸文獻中,""上消治肺""的思想似不突出。針灸治療本證,重視腎及脾的作用,個人治療本病,首重含土金水三性之穴,這些穴位有土水(魚際)、承漿(土金水)、腎關等,其次為含土水之穴,能脾腎雙補,如陰陵泉、太溪等。",糖尿病 77. 天皇;88. 通腎、通胃、通背,"糖尿病,老師原來所設的穴位,只有天皇、通胃、通腎、通背。天皇為脾經水

穴,可以脾腎兩治,治糖尿病療效極佳。通胃、通腎、通背皆在脾經上,能脾腎兩治,治糖尿病,療效亦佳。其實通腎也可以說是另外一個天皇,所以天皇、通腎可以互動應用。","- 1. 天皇、腎關、水相合用甚效(維杰特殊經驗)。
- 2. 下三皇(有口渴嚴重的狀況時加通腎穴)。

十四經效穴:承漿、陽池穴。","我個人常以天皇、腎關、水相合用治療糖尿病,非常有效。天皇穴是土的水穴,水相穴是水的土穴,兩個一起用,達到脾腎雙治。加一個腎關更好,腎關穴在脾經上,在水(天皇)跟金(商丘)穴的中間,有金水之性,能土、金、水三焦並治,也加強了天皇的作用。

糖尿病治好以後需要忌口,我治療過好幾例,之前血糖很高,吃了藥以後降到正常,就一直保持很好,當年五十多歲治的病,現在九十多歲了,還是很好,就是注意控制,有時候高一點就再也不高了,你說他全好了嗎?沒有全好,就是帶病延年。

糖尿病針下三皇也不錯,有較重的口渴狀況時加通腎穴。

十四經穴治療糖尿病,承漿穴、陽池穴療效都很不錯。

我個人用奇穴治療,針天皇、水相、腎關,就很好。

# 頭面頸項

# 第一節頭部"
113,暈眩,眩暈,matched,頭面頸,第一節頭部,5807,"暈,是指頭暈;眩,是指眼花。暈眩就是眼目昏花、頭暈旋轉的一種常見病症。輕者發作短暫,閉目即止;重者如乘舟車,自覺旋轉不定,站立不穩。常伴有噁心、嘔吐、出汗等症狀。眩暈一症,中醫學多認為與脾肝腎三髒有關,脾胃虛弱、氣血生化不足,不能上達於頭目;腎水不足,水不涵木,肝陽上擾清竅或痰溼上蒙清竅均可致眩暈。

現代醫學中""高血壓""""腦動脈硬化""""貧血""""頸椎病""""神經衰弱""""內耳性眩暈""""暈動病""等病症引起的眩暈均屬本病範疇。

目前以內耳性眩暈(又稱梅尼埃病)最為多見,可由內耳疾患、心血管疾患、顱內腫瘤等引起,以急驟眩暈、耳鳴、嘔吐為主症,其病理變化是由內耳迷路水腫、積水所致。與素體虛弱、病後體虛、憂思鬱怒及飲食厚味有關。病機多為氣血虛弱,清陽不升,痰溼內阻,濁氣上逆,矇蔽清竅。

暈動病則是在乘坐汽車、火車、輪船、飛機或其他交通工具旅行時,因被動運動刺激前庭感受器而引起,主要表現為嘔心、嘔吐、臉色蒼白、出冷汗虛汗,及一

些精神症狀如抑鬱、神情淡漠、睏倦、嗜睡等。其症狀一般在休息和睡眠後減輕或消失。

針灸治療各種眩暈,療效既快又好,值得推廣運用。","| 頭暈              | 11. 中間穴;22. 中白穴(鬼門穴);33. 火腑海穴;44. 富頂穴、後枝穴、支通穴、落通穴;66. 火硬穴、火菊穴、火散穴;77. 天皇副穴(腎關)、四花上穴、人皇穴;88. 通關穴、通山穴、通天穴、中九里穴;1010. 後會穴、水通穴、水金穴 |
|-----------------|--------------------------------------------------------------------------------------------------------------------------------|
| 頭昏眼花            | 33. 腸門穴;1010. 鼻翼穴                                                                                                              |
| 頭暈眼花            | 1111. 水腑穴                                                                                                                      |
| 血壓高而引起<br>之頭暈眼昏 | 66. 火連穴                                                                                                                        |","在董老師的書裡面有很多穴位可以治療頭暈,有單治頭暈的,那比較單純,中間穴在手指;中白穴在手上;火腑海穴在前臂,富頂、後枝、支通、落通都在上臂;火硬、火菊、火散在腳上;天皇副穴在小腿;通關、通山、通天在大腿;後會、水金、水通在頭面部,可以說,全身都有穴位治療頭暈。可以辨證取穴,也可以就方便取穴。例如病人要到處走不方便,那就在頭面部取穴。

頭昏眼花與頭暈眼花基本上是一回事,但有腎虛與脾虛的不同。頭昏眼花取腸門穴、鼻翼穴,重點在健脾;頭暈眼花取水腑穴,重點在補腎。

血壓高之類的頭暈,取火連穴,本穴治前頭痛、眉稜骨痛療效甚佳,治療前頭昏沉亦甚效。治療血壓高而引起之頭暈眼昏、心跳、心臟衰弱,應系厚土滅火及子能令母實之雙向作用。火連穴位置與脾經之太白穴位置相符,為脾(土)經輸(土)穴,為土中之土,系真土穴、厚土穴。

這麼多穴裡面我最常用的就是中白、腎關,理由在下面說明。","- 1. 血壓高的頭暈,先在背部五嶺穴點刺放血,再針火硬,立降血壓,並止暈眩。血壓低的頭暈亦效。
  - 2. 腦貧血的頭暈:①針通關、通山、通天;②針中白、腎關有效。
  - 3. 靈骨治頭暈甚效。(維杰特效經驗)

十四經效穴:曲池、內關。","血壓高的頭暈,老師先在背部五嶺穴點刺放血,再針火硬,立降血壓,並止暈眩。血壓低的頭暈亦效。

腦貧血引起的頭暈針通關、通山、通天,這幾個穴位可以強心補血。針中白、腎關也是一樣有效,取穴比通關、通山、通天要方便。

靈骨穴治療頭暈也很有效,因為肝與大腸通,大腸的穴位治療頭暈非常好。用靈骨配腎關治療多種頭暈皆有效。

十四經裡面治頭暈特效的就是曲池穴,曲池是大腸經的合穴,合治內腑,肝與大腸通,可以治療到肝,肝主暈眩。另外,從穴位三焦的分佈來看,曲池在上臂最前面,跟頭對應,所以治療頭暈很好。

靈骨、大白(三間穴)也跟曲池有同樣的作用,兩穴相當於是手掌微太極(第二掌骨全息)頭的部位,也可治療頭暈。

我治頭暈有一組特效針,即所謂的""暈二針"",就是曲池配內關,治療不止是一般的頭暈,嚴重頭暈、噁心嘔吐的,像梅尼埃病,我現在用得最多。梅尼埃病是一個很常見的病,有兩大主症,就是頭暈、嘔吐,暈得厲害就天旋地轉、噁心嘔吐,針內關跟曲池非常好。因為曲池是手陽明大腸經的穴位,透過大腸與肝通可以治療頭暈,透過手陽明大腸通足陽明胃,可以治療胃的嘔吐,所以它一針就見效。內關是手厥陰心包經的穴位,透過心包與胃通,可以治嘔吐,透過手足厥陰同名經相通,可以治療頭暈,所以這兩針我用來治梅尼埃病很有效。有些人早上一起來動作太大,於是天旋地轉,噁心嘔吐,整天都不對勁,需要別人扶著來看診,扎完針之後,可以很輕鬆地走出去。

我的診所附近有一個教會,一天有位女士頭暈,吐得不得了,沒辦法起來,躺在長椅上,我過去先在她脖子後面的總樞穴用採血針連刺兩三下,刺了以後,我再扎內關、曲池,留針半小時,狀況很好,站起來就可以回家了。

梅尼埃病一般來講不是很難治,也不是很好治,治療抓對了方法就很快,有些人沒辦法來看診,我最常開半夏白朮天麻湯,非常有效,此方是二陳湯加天麻、生薑、白朮,方子藥味不多,吃了藥馬上見好。沒有藥的情況下可以用幾片生薑煮水喝,因為生薑是止吐聖藥,嘔吐的症狀會減輕些,頭暈的症狀也會

跟著減輕。

也可以用通關穴代替內關穴,通關就有內關的意思,有強心補血的作用,手上的靈骨、大白各一針加上通關,這樣用奇穴治頭暈也很好。"
114,神經衰弱,神經衰弱,matched,頭面頸,第一節頭部,5877,,神經衰弱 | 66. 火主穴;99. 土耳穴;1010. 前會穴,"神經衰弱就是精神恍惚,腦袋不清爽,系因長期熬夜,思慮過度,或者受過比較大的精神刺激。老師治療此病的幾個穴,有腳上的火主,耳朵上的土耳,還有頭部的前會穴。

火主穴周圍有太沖脈,有以脈治脈之作用,且本穴五行屬火,與心相應,因此有強心作用。本穴系木經土穴,能調和肝脾,為肝經輸穴,肝經上至頭頂,能祛風安神。

前會穴能健腦安神,治療神經衰弱有效。但老師常用下三皇健脾治療神經衰弱,土耳亦有健脾作用。","- 1. 針正會,鎮靜。
- 2. 針下三皇效果亦佳。","神經衰弱,臨床應用正會、鎮靜都是不錯的,可以加腎關,因為腎主腦,補腎就有補腦的作用。我們可以用下三皇,當然效果很好,這個下三皇不是天皇、地皇、人皇,而是天皇副、地皇、人皇,不要搞錯了。天皇副就是腎關,董老師的下三皇是以腎關為主,下面加了地皇、人皇。取三陰交代替人皇也可以,人皇一般都是在三陰交的上一寸,取了腎關、人皇,再取地皇,地皇可以在腎關下三寸,也可以在人皇上三寸,它是可以浮動取穴的,這有什麼意義呢?這樣的交替取穴,位置剛好夾著肝經跟脾經交匯的地區,我們知道經絡的循行一般是脾經在前、肝經在中、腎經在後。可事實上,在腳踝至踝上七寸是脾經走在前面,肝經走在脾經

後面,到了腳踝上面7~8寸之間,肝經就往後走了,脾經就往前走了,所以在踝上7~8寸之間,脾經往前,肝經往後的區域,地皇浮動取穴就包圍了這個地區。這也符合""寧失其穴,勿失其經""的意義,下三皇就是腎關、人皇、地皇,但地皇是浮動取穴,這次紮了腎關、人皇,然後在腎關下三寸扎一針;下次紮了腎關、人皇,再在人皇上三寸扎一針。

下三皇是很重要的一組穴位,可以調整消化、生殖、泌尿、婦科系統,及增強免疫力,脾主四肢,對於四肢的風症,比如帕金森病之類的病變,這是一組很重要的穴位,能增強免疫功能,對於紅斑狼瘡這類的病變也是很好的,脾統血,所以對於血液的疾病,血小板不足、再生障礙貧血,常常配合上三黃輪流來治。

總之,神經衰弱,諸位可以這樣用下三皇,或者取正會、鎮靜,配腎關也可以。"
115,腦膜炎,腦膜炎,matched,頭面頸,第一節頭部,5906,,"腦膜炎

66. 火連、火菊、火散;77. 一重穴、二重穴、三重穴","腦膜炎現在已少見,當年很多,老師的書上也設了很多穴位,火連、火菊、火散在腳上,一重、二重、三重都在小腿上。這幾個是治療腦部很好的穴,因為一重就在懸鐘的旁邊,髓會懸鐘,髓跟腦部有關,腎主髓,腎也跟腦相通,扎懸鐘治腦部病很好,一重、二重、三重一起用更好。

另外,老師設穴火連、火菊、火散,這三個穴倒馬一起用,治腦部的病也是不錯的,火連就相當於脾經的太白,火菊就相當於公孫,火散就相當於後面的然谷穴,然谷穴本來就是腎經的穴位,腎主髓、主腦。","- 1. 三重,用倒馬針法。
- 2. 四花外點刺,再針正筋。","腦膜炎後遺症常會形成小兒麻痺肌肉萎縮,這種情況,可以取一重、二重、三

重穴,倒馬針法一起並用,或者在四花外穴點刺。

此外,也可扎正筋,正筋也是治療腦部病一個很好的穴位,因為內外踝是腎經和膀胱經所行,且是腎經起源的地方,腎經在腳踝下面繞了一圈,所以在腳踝附近扎針治療腦髓的病很好,正筋剛好被內外踝包圍,所以正筋是治療腦髓病、腦震盪後遺症常用的穴位。正筋主治的範圍包含了頸、腰、脊椎的病變,脊椎跟腦髓有關。另外三焦定位,腳踝對應頭部,所以正筋也治頭,治頭本來也就可以治到腦,所以它治頭腦的關係就更強了。"
116,腦瘤,腦瘤,matched,頭面頸,第一節頭部,5935,,**腦瘤** 55. 上瘤穴;66. 火連、火菊、火散;1010. 州侖穴,"治療腦瘤,老師設穴,有頭部區域性的州侖,州侖穴在頭頂上,百會旁邊。有腳上的上瘤穴,上瘤在足跟的前緣,顧名思義,上瘤就是指上面的瘤,足跟一方面對應到頭,一方面是腎經的起源地,與腦有密切關係。

火連、火菊、火散,這三個穴倒馬一起用,治腦部的病也是不錯的,老師治療腦膜炎也用。","- 1. 先針州昆、州侖,再在三重穴用倒馬針法。
- 2. 配上瘤穴,效果更佳。
- 3. 正筋穴。","州昆、州侖這些都是區域性取穴,我較不常用,我儘量取遠處的穴位,反射範圍較大,且透過高階神經傳導,我一般針上瘤或正筋。上瘤配正筋可以一起針,也是治腦瘤的一組成方。

腦神經不清、腦膜炎、腦瘤,這些腦部的病都可以在三重刺血,用倒馬針也很好。"
117,腦積水,腦積水,matched,頭面頸,第一節頭部,5961,,"腦積水(大頭瘟)

55. 上瘤穴;77. 正筋穴、正宗穴","老師在腦積水後面括號裡寫了個大頭瘟,症狀是頭特別大,小孩發育不良、發育遲鈍也會頭大,慢慢發育好了那就越來越小,這個腦積水我們可以用上瘤穴,治法同腦瘤。

腦瘤、腦積水都可以用正筋或正宗穴。上瘤、正筋兩穴一起針效果更好。","針正筋、上瘤,有良好效果。","取用正筋、上瘤,及三重穴刺血的原理,已在腦膜炎、腦瘤及腦積水的解析說明,這裡就不再多述。

以上這些病都可以在三重穴刺血,療效尤佳。這麼多的腦病,差不多就是取用這幾個穴位,因為腦病跟腎虧有關,所以要調補的時候針下三皇和腎關,一般腦瘤、腦積水以上瘤為主,可以配正筋,這是腦病的通治法。

# 第二節顏面疾病"
118,口歪眼斜,面神經麻痹、面癱（Bell's palsy）,matched,頭面頸,第二節顏面疾病,5987,"口歪眼斜就是我們一般說的""面神經麻痺"",又稱""面癱""。常見者為周圍性面神經麻痺,可能與病毒感染有關;其他鄰近部位炎症(中耳炎、腮腺炎等)、損傷(外傷或手術)及腫瘤壓迫等均可發生面癱。一般認為乃寒冷刺激(多起於頭面部受寒之後),病毒感染或風溼等導致面神經發炎,致使面部肌肉運動障礙而成面癱。

周圍性面癱,即是指一般的顏面神經麻痺,即貝爾麻痺、面神經炎,症狀主要

表現為起病突然,常於晨起洗漱時發現一側面部麻木僵硬或口眼歪斜,患側表情肌癱瘓,額紋消失,眼瞼不能閉合,露睛流淚,鼻唇溝歪斜變淺,口面牽向健側(口角向健側歪斜或下墜),露齒時表現更為明顯,不能做皺額、皺眉、閉目、鼓頰等動作,鼓起病側頰部漏氣,不能吹口哨,口水常從患側口角外流。咀嚼食物時常滯留於病側牙齒之間,初起時在患側耳內、耳後乳突區及面部可有疼痛。

面神經麻痺屬於中醫學""口眼喎斜""""口僻""範疇,多因氣血虧弱,經絡空虛,感受風寒之邪,或因風痰阻於面部經絡,使經氣阻滯,經筋失養,肌肉縱緩不收所致。

中樞性面癱,常繼發於腦血管病變和顱內腫瘤之後,出現""蝸(歪)僻"",僅見面頰鬆弛,口角歪斜,但可以做皺眉、閉眼等動作,另外並有半身不遂的偏癱症狀。應與常見的周圍性面癱相鑑別。

面癱治療期間應避免吹風受寒,並禁食冷飲。","| 臉面神經麻痺<br>(口歪眼斜) | 11. 指三重穴;77. 一重穴、二重穴、三重穴;88. 下泉穴、中泉穴、上泉穴(單足)                     |
|------------------|------------------------------------------------------------------|
| 面部麻痺(臉面<br>麻痺)   | 44. 富頂、後枝(兩穴同下);77. 側三里穴、側下三里穴;88. 下泉穴、中泉穴、上泉穴(單足);1010. 七快穴、鼻翼穴 |
| 眼斜嘴歪             | 1010. 正會穴                                                        |
| 臉部神經麻痺           | 77. 四花外穴;88. 駟馬中穴、駟馬上穴、駟馬下穴;1010. 鼻翼穴                            |","口歪眼斜是常見的顏面疾病,針灸治療效果很好。

老師在臉面神經麻痺後面加了個口歪眼斜,那是指純粹治療嘴歪的,董老師設的穴位有指三重,一重、二重、三重,還有下泉、中泉、上泉;面部麻痺,董老師設的穴位有在上臂的富頂、後枝,小腿的側三里、側下三里,大腿的下泉、中泉、上泉,至於七快跟鼻翼,算是區域性取穴,就如同地倉、迎香,老師雖這樣寫,但一般不這樣針;眼斜嘴歪取正會穴,一般用在中風的病人。

臉部神經麻痺取四花外穴,可以扎針,但四花外一般多是刺血。

面部麻痺加個臉面麻痺,意思是說可以治面部麻痺,也可治口歪眼斜。

臉部神經麻痺,就是整個臉上麻痺,沒有知覺,不一定有嘴巴歪。","- 1. 口腔刺血特效。
- 2. 側三里穴、側下三里穴。
- 3. 下泉穴、中泉穴。
- 4. 一重穴、二重穴。
- 十四經效穴:上巨虛、足三里倒馬。","觀察董老師治療口眼歪斜最常用三重或九里(皆健側),有時也用側三里穴、側下三里穴,效果也不錯。

臉部的麻痺,不一定是嘴巴歪,可取側三里、側下三里,兩穴在少陽經、陽明經之間,陽明跟經絡至口有關,少陽跟風有關,能治陽明經的風症。此兩穴可以說是足少陽、足陽明並治。顏面神經麻痺(口歪眼斜)的處方,我也是從陽明經的風症來論治,又太陽與風寒有關,我常用桂枝加葛根湯再加牽正散治療,桂枝加葛根湯是治療陽明經受太陽風寒很好的方子。治療此病當然是針灸最快,一般是無法來針灸才開方。

側三里、側下三里,是往陽明經方向扎進去,差不多是到了上巨虛、足三里的位置。後來我就發展用上巨虛、足三里,成為我的口歪特效二針,簡稱""蝸二針""。

《靈樞·經筋》篇說:""足之陽明······筋急則口自為僻。""因此我用上巨虛、足三里作為治療首選,兩穴都在胃經上,嘴巴的外周有胃經及大腸經繞行,上巨虛是大腸的下合穴,透過大腸與肝通,不但能治大腸經也治得到肝經。由於肝經繞行嘴巴里面一週,太沖也是治嘴歪的一個特效穴,《百症賦》說:""太沖瀉唇蝸以速愈。""這樣我把古人用太沖的治法拿了過來,但是我用的是上巨虛及足三里。

這裡講的顏面神經麻痺不難治,上巨虛、足三里最特效,只取這兩個穴就足夠了,它們包圍了嘴巴,連肝經在嘴裡循行的一圈也治得到。這是我幾十年來積累的經驗。

運用上巨虛、足三里治療口眼歪斜,有幾個原則很重要:

1. **深度** 要求針深 2 寸左右。針灸不傳之秘在深度,足三里扎到天部 5 分至 1 寸之間治腿腳痛。扎到人部 1~1.5 寸,治療下腹腸病。針 1.5~2 寸治胃病、心肺病,是治療心臟病氣喘等的特效針。扎到地部 2 寸以上,治療頭面病,治

嘴巴歪斜,扎到2~2.5寸更好。

- 2. **針向** 要掌握 45°逆針。足陽明經循行從頭至腳,針向要從下往上呈 45° 逆經斜刺,因為呈斜針角度,深度在整個肌肉層來說,進針兩寸半,實際進入的只有 2 寸。
- 3. **留針** 最少要 60 分鐘,留針至 90 分鐘更好。針灸經氣迴圈一日一夜各 25 度,就是一天迴圈 50 度,每天有 1440 分鐘,除以 50,就是 28 分 48 秒,四舍五人,一個迴圈要針 30 分鐘,兩個迴圈就要 60 分鐘。我們留針 60 分鐘,迴圈 2 圈很好,如果留針 90 分鐘,迴圈 3 圈更好,據我的經驗,留針到 60 分鐘以上,病患常會有口唇拉動的感覺。如果能夠留到 90 分鐘,那是最好的,可能 4、5 次就痊癒了。
- 3. **針法** 用動氣針法,有病的地方要活動,嘴巴歪了怎麼活動呢,可囑患者嚼口香糖,有的人第一次來沒嚼口香糖,沒關係,叫他空咬,第二次再嚼,連續幾天,很快就可以看到他的嘴巴轉回來。
- 4. 進度病患能夠吹口哨就是好了一大半,再來眼睛能完全閉合,那就是真的好了。有的患者嘴巴正過來了,眼睛還合不完全,閉眼時有一條縫,""面口合谷收"",這時就針對側的合谷,一面捻針,一面叫病人閉眼睛,很快他就能閉起來。
- 5. **針刺頻度** 根據我的經驗,很多人嘴巴歪斜馬上聯絡來扎針,而且是每天針,基本上6天以內會好,快一點的4天左右就能好,如果是一週只來針兩次,那可能就要8~10次,4~5周才好,所以密集扎針很有意義。

此外,治療口眼歪斜在口腔內刺血,治癒速度更快。方法是患者張嘴以後,口腔內咬合處的內唇會有一條白線,有的人沒有,那也沒有關係,只要嘴巴張開就在咬合處的內唇面刺幾針。有人會問是刺患側還是健側?我們一般講顏面神經麻痺,往左邊歪的話,是右邊麻痺,被左邊拉過去了;往右歪是左邊麻痺,被右邊拉過去了,所以一般刺血就刺歪的反方向。後來我做過幾例實驗,由於嘴巴不大,口腔內小迴圈一週很小,刺哪邊都一樣有效。刺血若是兩側輪刺,可以隔三天以後再刺,如果是一直刺一邊,那麼就五天至一週刺一次。

我們知道嘴歪的話,耳根這邊會很痛,因為它整個神經被扯著,如果不會或不敢在嘴巴內放血,那就在耳尖或耳背刺血。嘴巴歪刺血是最特效的,很多人沒有扎毫針,僅是刺血兩三次就好了。

治療口眼歪斜要注意的是:嘴巴剛歪的第一個星期還是發展期,有的人可能更歪,但如果不扎針的話,歪得更厲害,所以要跟病人講清楚,說:我現在給你紮了以後你還會歪,但是我不給你扎,你會發展得更厲害。有些很輕的患者並不再歪,有一部分人確實還是會再歪一點。

我治療過許多嘴巴歪斜的病患,經驗極為豐富,四十年前年我發表過一篇文章,談了幾個病例,一個是當時的臺北市中醫師公會理事長張先生,當時我是理事,開會的時候,理事長從我前面走過去,我一看他嘴巴歪了,就說理事長,你嘴巴歪了,要趕快治啊,他說是。

我們知道,嘴巴歪了不能拖太久,歪後第一個月內治療基本都會好,而且不會留下任何痕跡,超過三個月有很多人就很難恢復,可能會殘留一部分,一看就知道他雖然好了,但是曾經嘴巴歪過,所以我才跟他說要趕快治。

講完後,這件事我就忘了,隔了兩個多禮拜,他就給我打電話,說嘴巴還沒好,聽說我很會放血,讓我幫他治療,我就去了他家裡,問他怎麼發病的,他說因為颱風要來前,看著窗戶沒關好要去關窗,拉開來再關緊一點,風一吹就嘴巴歪了。早期我們碰到一些嘴歪的搭公交車或遊覽車,那時候的車沒有冷氣,不像現在的車封閉有冷氣,為了涼快把窗戶開啟,窗戶一開嘴巴歪了,很多人就是這樣,一吹風嘴巴就歪了。

對於他,我就在口腔放了兩次血就好了,經理事長同意,發表在中醫公會年報上,同時發表的病例,還有個小孩,一歲多一點,嘴巴歪了,只在嘴巴內刺了兩三針,出出血,也是兩三次就好了。小孩子很容易好,口腔刺血非常有效,因為小孩太小隻放血沒扎針,大人放血後還可以留針,或扎針後再刺血,可以好得更快。"
119,面麻,面麻,matched,頭面頸,第二節顏面疾病,6075,,,,"- 1. 三重放血,針側三里、側下三里。
- 2. 半面臉麻痺,針九里、側三里。","面麻還是針側三里、側下三里或者九里穴,效果都不錯,或者在三商放血。側三里、側下三里治療範圍很大,從臉面到肩臂、手腕都有效。"
120,顏面神經抽掣(痙攣及震顫),顏面神經抽搐,matched,頭面頸,第二節顏面疾病,6088,"面肌痙攣又稱面肌抽搐,為臨床常見病,多發生於中年以後的婦女(臨床亦曾治療不少男性)。表現為面部肌肉呈陣發性、不規則、無自主、無痛性的抽搐,多發於一側,兩側同時發病者極為少見。初起時,僅有眼輪匝肌(眼瞼)間歇性輕微抽搐,嚴重者逐漸發展至面頰部其他肌肉,甚至口角也隨之抽動。神經系統檢查無陽性體徵。當精神緊張、過度疲勞及睡眠不足時可使病情加重,談話過久亦可發作頻繁,入睡時停止發作。

中醫學形容本症為""眼瞼眴動,風動如蟲行"",屬於""面風""範疇,認為頭面部為三陽經所循行部位,人體正氣先虛,風寒外邪乘虛入侵,使經絡閉塞,致筋脈肌肉發生痙攣而生本病。或因情志抑鬱(與精神因素有關)致氣滯血瘀;或脾溼痰壅,痰火上擾;或因血虛生風;或肝腎陰虛,陽亢動風等均可致病。治療宜就病因分別祛風、疏肝、活血、化痰、滋陰、息風止痙。

一些面神經麻痺後遺症及高血壓患者亦可見面肌痙攣;兒童且可見習慣性面肌痙攣,多兩側性。治法類同,可兼參考面神經麻痺,但面部不宜多用針。","面部神經跳 88

88. 下泉穴、中泉穴、上泉穴(單足)","老師用中泉、上泉、下泉,這幾個穴在大腿下段側面,膝蓋上面兩寸半、四寸半、六寸半,與小腿的側三里、側下三里都是在同一條線上。我們不必三穴都用,取中泉、下泉就可以了,因為這兩穴的位置與側三里、側下三里基本上是對應的,就跟我在穴位學講的,大腿上的通腎穴就相當於膝蓋上面的陰陵泉,這個上中下泉的""泉""字其實通顴骨的""顴"",上泉、中泉、下泉是治療顴骨病變的三個要穴。","- 1. 針側三里、側下三里及中九里(風市)有效。
- 2. 面部神經緊張,針駟馬。

3. 腕順一、二穴。(維杰特效經驗) 十四經穴:後溪、三間。","顏面神經抽搐也是不好治的病,一般來說,疾病剛得都很好治,拖了一段時間都難治,比如三叉神經痛剛得就趕快治,幾天就好了,拖著不治就越來越重,有的人拖了十幾年,到最後都要吃嗎啡,這樣就不是三五天能治好的,可能需要一兩個月,但是只要有恆心,最後都會有效。

顏面神經抽搐,很多人都是因為經常熬夜,長期緊張眼皮就跳,越跳精神越不能鬆懈,最後跳得也就沒有辦法了。本病的主要發病範圍就在顴骨上面,眼皮及三叉神經痛也在這個部位,我都用側三里、側下三里,不太用上泉、中泉、下泉。老師每個病都有兩組,針膝蓋下面的側三里、側下三里當然比較方便,針上泉、中泉、下泉要把褲子捲上去,就沒那麼方便。

治療顏面神經震顫,側三里、側下三里跟中九里都有效,駟馬也有效。腕順一二是我個人的經驗,頗為有效。

在十四經用穴方面,顏面神經震顫跟三叉神經痛一樣,都可以用後溪配三間(或大白),但有一點不同,顏面神經震顫皆以針對側為主,三叉神經痛一般是左右一邊一針。顏面神經震顫主要的區域在顴骨、眼皮下面,所以後溪是主穴,三叉神經痛就要看痛的區域,有很多人都是嘴巴旁邊痛,純粹的陽明經,就以三間為主,三叉神經痛偏上面顴骨那裡,就要以後溪為主。我看的大多數三叉神經痛都是嘴巴這一帶特別痛,所以三間是主針,後溪是輔針;顏面神經震顫則後溪是主針,三間是輔針。"
121,瘰癧,瘰癧,matched,頭面頸,第三節頸項疾病,6125,,,,"- 1. 針三重、六完,取患側穴位甚效。
- 2. 針承扶、秩邊,效果極佳。加三重放血更佳。","瘰癧是長在頸項的疾病,就是脖子上長了一顆顆類似疙瘩的東西,我們叫瘰癧,其實就是淋巴結核。早期我到臺北鄉下常常會看到,現在很少見了。

治療瘰癧,最有效的就是承扶、秩邊兩穴。我們知道太極全息,臀部可以對應到頭,大腿可以對應到胸腹,那麼在大腿與臀部之間的臀溝部位就對應到頸部。承扶正在臀溝,上面再6寸是秩邊穴,剛好在臀部中間,那裡肌肉很厚很多。

秩邊穴肉多,以肉治肉,再加上承扶對應脖子,這兩針倒馬,就會好得很快,這是董老師的經驗,是在老師那裡跟診看到的,他的書裡沒有寫。我當年不知道為什麼要這樣針,後來我研究太極,發現真是有道理。其實不只是董氏奇穴,十四經也是一樣,有很多東西,大家不知其然而用了有效,但當我們知其然之後,會運用得更好。

瘰癧只針承扶、秩邊就夠了,但是會有一個稍微麻煩的問題,就是要脫褲子,會看到患者的臀部,當年董老師都是隔衣進針,我也有樣學樣,所以沒有這個問題,現在就不行了。我現在治療這種病,都是讓病人自己穿一條幹淨的、較寬鬆的內褲來,脫掉外褲,趴在那邊,內褲稍微往上一拉就可以了。承扶、秩邊很有效,沒必要在三重放血,但是如果在三重放血會好得更快。"
122,甲狀腺腫大,甲狀腺腫大,matched,頭面頸,第三節頸項疾病,6148,,"| 甲狀腺腫大(心臟病引起) | 77. 一重穴、二重穴、三重穴 | 3.7 |
|--------------|-----------------|-----|
| 甲狀腺腫         | 77. 足千金穴、足五金穴   | +1, |","治療甲狀腺腫大,老師的書上寫著由心臟病引起的用一重、二重、三重。另外就是足千金、足五金,這些穴都在少陽、陽明之間,陽明主痰,少陽主風,都是風痰並治,主要的用穴還是足千金、足五金。

三重穴扎針也可以,放血更好。","- 1. 針足千金、足五金。
- 2. 針駟馬穴。
- 3. 三重刺血。","治療甲狀腺腫大,用一重、二重、三重,足千金、足五金,及三重刺血,已經在前面說明。這裡談談用駟馬治療甲狀腺腫大,這是老師的經驗,是我在跟診時看到的,機制如下:此三穴穴位肉厚,善走陽分氣分,理氣甚好,為補氣理氣要穴,主治之症甚多。且在陽明經,陽明經多氣多血,調理氣血作用甚佳。甲亢者,本穴能補金抑木;甲減者,本穴能益氣溫陽。穴位肉厚,以肉治肉,用治肉凸之病。"
123,甲狀腺眼突,甲狀腺眼突,matched,頭面頸,第三節頸項疾病,6174,,眼球突出 77. 一重穴、二重穴、三重穴,"由於眼突系甲狀腺病變引起,治法也是跟甲狀腺其他疾病的治法一樣,老師取用一重、二重、三重,重點在風痰並治。","- 1. 足千金、足五金。
- 2. 駟馬。
- 3. 三重穴點刺。
- 4. 下三皇。","甲狀腺眼突,跟甲狀腺其他疾病治法一樣,取用一重、二重、三重,或足千金、足五金。有時候可以針下三皇,我治過幾例眼睛突出來的甲亢,治療後眼睛恢復得很好,完全看不出來曾經突出過。曾治過一女士,眼睛很突,一看就知道有甲

亢,我跟她講,你要不要試試看,治一治,她說好,試試看。因為她有甲亢,我先把甲亢治好,眼睛也慢慢消了下去,當時主要就是用的下三皇和駟馬。"
124,頸項皮膚病,頸項皮膚病,matched,頭面頸,第三節頸項疾病,6199,,,,"- 1. 針肩中有效。
- 2. 駟馬穴。
- 3. 耳尖刺血。(維杰特效經驗)","董老師在《董氏針灸正經奇穴學》肩中穴主治項下寫有""皮膚病(頸項皮膚病有特效)"",治療頸項皮膚病,肩中是很有效的,當然它比較靠近那裡,之外也由於肉多,可以""以肉治肉""。針駟馬穴也有效,駟馬穴肉也多,與肩中皆屬突起之穴位,偏於陽分,善於走表,善治皮膚病。

耳尖刺血治療皮膚病,是我個人的經驗,由於太陽經至耳上,又少陽經繞耳。太陽主表,少陽主風,因此耳上穴善治表證及風證。治感冒、發燒、扁桃體炎及腫大、皮膚癢疹均甚效。又""諸痛癢瘡,皆屬於心"",""心亦開竅於耳"",也是治療各類皮膚病有效的原因。"
125,痄腮(腮腺炎),痄腮(腮腺炎),matched,頭面頸,第三節頸項疾病,6213,,腮腺炎 77. 外三關穴,"痄腮就是腮腺炎,因為病毒感染,造成腮腺疼痛腫大,常會併發附睪炎,影響精子發育。董老師針外三關。

顧名思義,外三關就是外科病的三關,可治療外科病、腫瘤、癰膿等,本穴屬五輸穴之""經穴""範圍,主治肺系疾病之扁桃體炎、喉炎、腮腺炎等。對於青春痘療效亦佳。","- 1. 耳背放血。
- 2. 四花外穴點刺。
- 3. 三重穴點刺。
- 4. 外三關。","腮腺炎用外三關,已經在前面講過了。我們也可以在耳背或耳尖放血,也是不錯的,還可以在四花外穴或三重穴點刺,都有消炎、活血解毒的作用。腮腺炎如果不好好治,會併發附睪炎,影響精子質量,所以不能輕視。

# 五官科

# 第一節眼病

針灸治療五官科疾病的效果很好,應用的機會也很多。先從眼睛的病變開始看。"
126,視力模糊,視力模糊,matched,五官科,第一節眼病,6244,,,,"- 1. 高血壓引起的眼花,五嶺穴放血,再針下三皇。
- 2. 腎關、光明亦甚好。
- 3. 耳背(耳尖)穴點刺更佳。

十四經效穴:睛明。","高血壓引起的眼花,在五嶺穴放血,可以降血壓,清利頭目。再針下三皇滋補肝腎,就會轉好。

視力模糊、視物不清,可先針腎關、光明,再在耳背穴或耳尖穴點刺,效果

更佳。

手少陽三焦經有一條支脈,從胸部的膻中上行,出缺盆,沿頸項,連耳後,**直** 上出耳上角,由此屈折下行,繞頰部,至眼眶下;另有一條支脈,從耳後進入耳內, 再出走耳前,透過足少陽膽經客主人的前方,與前一條支脈交會於頰部,而**至眼外角**,與足少陽膽經相銜接。

足少陽膽經,**起於眼外角**,向上行抵額角,折而向下**繞至耳後**,它有一條支脈,**從耳後進入耳中**,**又回出走向耳前**,至**眼外角的後方**;另有一條支脈,從眼外角分出,下行至大迎穴附近,上與手少陽三焦經相合,而至眼眶下部,由頰車之上,再下頸。

足太陽膀胱經,起始於目內眥,向上過額部,交會於頭頂;它有一條支脈,從頭頂至耳上角;手少陽小腸經的支脈,從缺盆至頭頸,向上抵頰部,至眼外眥,回入耳內。另有一條支脈,從頰部別出,走入眼眶下而至鼻部,再至眼內眥,又斜行絡於顴骨部。

由於耳朵與膽經、三焦經、膀胱經、小腸經關係密切,這四條經脈都到眼睛及耳朵,所以在耳尖刺血治療一般眼病甚為有效。

腎關、光明為老師治眼病常用處方,腎關可補腎,光明肝腎兩補,治療視力弱效果甚好。"
127,麥粒腫,麥粒腫,matched,五官科,第一節眼病,6274,"麥粒腫是眼科常見病症,是眼瞼皮脂腺受感染而引起的急性化膿性炎症,現代醫學稱為瞼緣炎,俗稱""針眼""。多因脾胃蘊熱或心火上炎又復外感風熱,火熱結聚,以致眼瞼紅腫或化膿。",,,"- 1. 針靈骨,左右交刺,一兩次即愈。
- 2. 耳尖點刺出血少許,效果亦佳(維杰特殊經驗)。
- 3. 太陽穴點刺出血,效果尤佳(維杰特殊經驗)。

十四經效穴:①曲池;②肝俞點刺出血少許,效果極佳。","靈骨作用類同曲池,本穴日本人稱為澤田合谷,亦用治針眼。

針眼在耳尖點刺,效果很好。耳尖是治療眼科疾患的常用穴。在耳尖點刺,有活血化瘀、洩熱消腫、通絡止痛的作用,可治療麥粒腫、霰粒腫及急性結膜炎等。邪隨血出,邪出則經絡通暢,達到緩解疼痛,消除紅腫的目的。

由於太陽經循行至耳上角、起於內眼角,又少陽經繞耳、至外眼角。兩經皆至耳部,因此在此點刺能治兩經所過之內外眼角等部位病變。太陽穴點刺效果更好,就是有點兒""殺雞用牛刀""了,一般在耳尖點刺就可以了。

十四經用穴可針曲池,由於大腸經多氣多血,且曲池為合穴,透過""肺與大腸相表裡"",及""合治腑病""的原則,加之本穴具有疏風解表及調和氣血的作用,因此為治療皮膚腫瘍最重要的穴位。針刺曲池除可止癢外,並可預防化膿,是消除癬疥瘡癢的特效穴。本穴配合谷,常用治頭面耳目口鼻諸病,為治療結膜炎、眼瞼炎之特效穴。麥粒腫多為實熱證,刺瀉肝俞穴有通經活絡、清熱解毒之功效,不僅對單發者治療有效,對於病程長、反覆發作的頑固性麥粒腫,也可根治。"
128,目赤(結膜炎、角膜炎),結膜炎、角膜炎,matched,五官科,第一節眼病,6298,"眼睛紅,常為結膜炎或角膜炎所引起。一般人常把兩病混為一談,事實上它們是不同的疾病。結膜是一層近乎透明之薄膜,覆蓋在鞏膜和眼瞼上。角膜是一透明無色目沒有血管的組織,由規則排列的細胞構成。

結膜炎俗稱""紅眼病"",是眼科常見病之一,可分為細菌性、病毒性和過敏性。主要表現為紅眼、刺痛、燒灼感、分泌物較黏稠、流淚和畏光等,病毒性急性結膜炎並有眼皮腫和耳前淋巴結腫大。過敏性結膜炎還有癢、結膜紅腫、分泌物較清澈等特徵。

正常的角膜有上皮細胞保護,不易感染,但當角膜上皮細胞受到損傷時(如外傷、戴隱形眼鏡等),微生物、病菌便會趁機侵入角膜,造成嚴重的角膜炎。

角膜炎有細菌性角膜炎、阿米巴原蟲角膜炎、流行性角結膜炎等。流行性角結膜炎的傳染力極強,預防之道在於平時要維持良好的衛生習慣,常用肥皂洗手,並保持乾燥,避免用手揉眼睛。

結膜炎,中醫學稱為""暴發火眼""""天行赤眼"",認為是感受風熱毒邪所致。發病急驟,易於傳染,春秋兩季為好發季節。","| 眼角痛(角膜炎) | 11. 大間穴、小間穴;55. 花骨一穴;66. 海豹穴、火散穴 |
|----------|----------------------------------|
| 眼發紅      | 88. 駟馬中穴、駟馬上穴、駟馬下穴               |
| 眼角發紅     | 22. 上白穴                          |","眼角紅常為角膜炎所引起。除眼紅外,並有眼角疼痛,大間穴、小間穴、海豹穴、火散穴、花骨一穴皆能治療。

大間穴、小間穴位於食指,透過大腸與肝通,且位於滎穴位置,相當於肝經的行間穴,行間穴為肝經滎穴,能清肝火,治療眼角紅有效。

花骨一穴系一穴組,由四個單穴組成,位於足底,**第一穴適與行間穴相對**,第三穴適與太沖穴相對,第二穴則適在此二穴之中間,第四穴在第三穴後八分處。本穴組是治療眼病及眼周病專穴。本穴組與腳背肝經之太沖、行間及其前後相對應,主治類同,但以眼眉病為主。

海豹穴在脾經(屬土),位於井(木)、滎之間,木土皆治,還能清火,而且避趾也是肝脾兩經會聚處。治療:①肝:眼角痛(角膜炎)、疝氣;②脾:大趾、二趾痛, 婦科陰道炎。

火散穴為腎經滎穴,能補水清火,可治眼角發紅,眼角為火輪之位,發紅上火,宜用水之滎穴清之。

上白穴在大太極之對應中,手掌對應頭面五官,此穴在滎輸穴位置,可治眼角發紅,配耳背刺血效更佳;配三黃穴可治眼疾頗效;配木穴治眼癢亦有效。除治眼角發紅,尚治眼痠脹、易疲勞(配三叉三尤佳)。

駟馬中穴、駟馬上穴、駟馬下穴所治之眼發紅,當為整個結膜發紅,蓋眼白為氣輪,系肺所主,眼白髮紅為火克金,可補肺治之。","- 1. 針上白穴。
- 2. 針駟馬穴有效。
- 3. 耳背(或耳尖)點刺,效果甚佳(維杰特殊經驗)。
- 4. 背部肝俞點刺出血少許,效果亦佳(維杰特殊經驗)。

- 5. 充血重,太陽穴刺血尤佳(維杰特殊經驗)。
- 6. 針火硬穴有效(維杰特殊經驗)。

十四經效穴:行間穴、陷谷。","雖然眼紅有角膜炎及結膜炎之分,但針灸治療是一樣的。臨床觀察,董老師治療眼病最常用腎關、人皇、光明。對於眼紅,我個人治療則另有選穴。

上白穴、駟馬上中下治療眼紅已在前面說明。

火硬也有效,它是肝經的穴位,鄰近行間,作用相當,行間穴為肝經滎穴,能清肝火,治療眼紅有效。

在肝俞穴點刺出血,能通經活絡、清熱解毒,對眼角紅之治療有效,對於病程長、反覆發作的病患,也可根治。

充血重,太陽穴刺血尤佳。太陽穴屬經外奇穴,《針灸大成》有""太陽治眼紅腫及頭風"",可疏解頭風而明目,因此刺之可祛風止淚。

事實上,治眼發紅在耳背或耳尖刺血,療效尤佳。由於耳朵與膽經、三焦經、膀胱經、小腸經關係密切,這四條經脈都到眼睛及耳朵,耳背靜脈三條,系三焦經瘦脈穴的三個分支點,所以在耳背刺血治療一般眼病,甚為有效。點刺放血治療結膜炎,可有清熱散邪、活血通絡的作用。如果能夠在耳背刺血更好,因為耳背刺血出血量比較大,有效而簡單。如果耳背青筋血脈不明顯,也可以在耳尖刺血,耳尖極易出血。

我們再來看看眼睛的五行,關係到治療。眼睛紅是眼白的部分被旁邊的火克過來了,火克金。我們知道眼睛有五輪,眼皮是肉輪,跟脾土有關係;兩邊的眼角紅紅的,是血輪,跟心有關係;眼白叫氣輪,跟肺有關係,眼白變紅了,就是旁邊的火克金了,所以為什麼老師說扎駟馬上中下,補肺氣,健肺就清火了。發青的地方就叫風輪,跟肝有關係;黑的地方,瞳孔,叫水輪,跟腎有關係。每個地方都有太極,一處一太極,一處一五行,眼睛亦有一太極及五行。

十四經效穴方面,常取肝經之行間穴。陷谷透湧泉治眼紅也有效,因為足陽明經脈和它的經別、經筋均分佈到眼眶下部,網維於眼胞。取輸穴陷谷能通上達下,以疏洩經絡之風熱溼邪,結合透刺腎經之""井""穴湧泉,可使清熱瀉火之功更著,此確有扶正祛邪和疏調經氣之功。"
129,目乾澀(乾眼症),乾眼,matched,五官科,第一節眼病,6369,"""乾眼症""是眼科門診相當常見的疾病之一,症狀包括眼睛乾澀、眼容易疲勞、想睡、眼癢、異物感、灼熱感、眼皮緊繃沉重、分泌物黏稠、怕風、畏光等。有時眼睛太乾,基本淚液不足,反射性刺激淚腺,使淚液分泌而造成常常流淚之症狀。近年來,由於長時間專心開車、一直盯著看電視、打計算機而減少眨眼次數,長時間在冷氣房工作,此症有日益增加的趨勢。",,,"- 1. 針明黃有效。
- 2. 光明(復溜)甚效。
- 3. 木穴效果很好(維杰特殊經驗)。
- 十四經效穴:睛明。","眼睛乾澀,這裡給大家舉幾個穴位:明黃位於大腿肝經上,為治肝要穴,能治多種眼病。

光明穴也很好,本穴與腎經復溜同位,復溜為腎經母穴,補腎作用甚強,能補水潤木,又在筋骨之間,能肝腎兩治,治眼病甚效,故稱""光明""。

木穴治療眼淚多特效,能雙向調整,也治療眼乾。我們知道手陽明大腸主津,往外流的水分是跟大腸有關,所以止汗、發汗都要扎合谷,流鼻涕是往外流的津,眼淚也是往外流的水分,所以木穴能治眼淚多、手汗、鼻涕,這些都是往外流的津,配合光明更好。

膀胱經的睛明為眼科要穴,具有疏風洩熱、通絡明目的作用,對一切目疾皆有療效。針入睛明,起針可見立刻流淚,眼睛溼潤。"
130,溢淚(迎風流淚),溢淚,matched,五官科,第一節眼病,6390,"迎風流淚是眼科常見病,屬溢淚範疇,是淚腺分泌功能異常的一種表現。也有部分淚道通暢,眼瞼及淚點位置正常而溢淚的,其機制尚待探討。中醫學認為肝開竅於目,其液為淚,溢淚多為肝虛而致風寒人絡之證。","眼迎風流淚

55. 花骨一穴",,"- 1. 木穴。
- 2. 太陽。

十四經效穴:睛明。

### 【解說】

迎風落淚,我都用木穴,非常有效,但是老師書上沒寫。這很奇怪,老師為什麼用比較痛的花骨一穴,我用木穴非常好,這就是改進。

木穴為掌面常用穴位之一,對於眼睛發乾、眼易流淚、手汗、感冒、手皮發硬等皆有療效。主要系由於大腸主津,其次肝與大腸通的理論,又肝開竅於目。

膀胱經的睛明為眼科要穴,具有疏風洩熱、通絡明目作用,對一切目疾皆有療效。可配攢竹治療迎風落淚、目眥癢痛。","花骨一穴系一穴組,由四個單穴組成,位於足底,第一穴距離胟趾、二趾趾間合縫五分,又五分為第二穴,再五分為第三穴,到了第四個的時候,因為有個下坡,看照片是五分,其實是八分。第一穴適與行間穴相對,第三穴適與太沖穴相對,主要針一二穴即可。

本穴組是治療眼病及眼周病專穴,因與腳背肝經之太沖、行間及其前後相對應,主治類同。"
131,兩眼睜不開(上瞼下垂),眼瞼下垂,matched,五官科,第一節眼病,6423,"眼皮無力抬舉,睜不開,叫做眼肌無力症,與脾虛有關,用""以肉治肉""及""以肉治脾""的體應(五體對應)原理來治療,效果很好,因為此疾患來自肌無力,與肌肉及脾胃有很大的關係。","眼皮發酸

66. 火菊穴","老師沒有提到兩眼睜不開,只提了個眼皮發酸。眼皮發酸是眼皮睜不開的輕症,主要是眼皮的病。

老師針火菊穴有效,火菊穴即脾經的公孫穴,公孫穴為脾經絡穴,脾胃相表裡,為治療脾胃病之要穴,脾胃主肉,針公孫穴能脾胃雙治,又公孫穴治療額頭痛特效,對應於上眼瞼部位,因此不論從經絡、五行、對應來看,治療上瞼下垂、眼皮難抬,確有特效。","- 1. 針光明、人皇。
- 2. 針三叉三、火菊,即可睜開(維杰特殊經驗)。
- 3. 針門金特效(維杰特殊經驗)。","治療上瞼下垂、眼皮難抬,我用三叉三配火菊,頗有效。但後來我都用三叉三配門金比較多,非常有效,三叉三配門金是我的""眼瞼楊二針""。

眼皮無力抬舉,與脾氣虛有關,應用與土金有關之穴位最佳。我最常用門金穴治療,本穴稱門金,此""金""與""肺、大腸""及""氣""有關,本穴在胃經上,胃經屬土,則本穴土金兩治,脾肺並補,本穴相當於輸穴,輸主體重節痛,治療沉重無力之病療效甚佳,又本穴能治療太陽穴偏頭痛特效,亦系對應於上眼瞼部位之故,因此不論從經絡、五行、對應來看,門金治療上瞼下垂、眼皮難抬,確有特效。

其次是三叉三穴,本穴為五官病常用要穴,此穴位於坤卦位置,有補脾之作用,董師亦認為如此。本穴能治療疲勞,眼困嗜睡難睜,以對應而言,滎穴對應於五官面目鼻喉,三叉三穴對應於眼面部,可治療眼瞼病變。

再次是**火菊穴**,火菊即脾經之絡穴公孫貼骨進針,能健脾絡胃,且太極對應於前額及眼部。餘用治療眼皮下垂甚效。

以上3穴,有針感後囑患者揉摩眼部,並嘗試活動睜眼,再留針30分鐘,每5分鐘運針1次,反覆行提插捻轉手法,並輕揉眼部,仍囑患者練習活動睜眼。

曾經治過一位女士,來診時瘦得像個竹竿一樣,要用手掀起眼皮跟我說話, 她說她減肥減得太過分以後,眼皮就掉下來了,我說:哦,減肥傷到脾了。眼皮跟脾有關,因為它包藏著眼睛,就如土包藏萬物一樣。我就紮了三叉三,又紮了火

菊。火菊與門金是平行的,都可以治療眼睛、頭痛,所以門金治偏頭痛,火菊(公孫)就治前頭痛,它們也都治得到眼睛。

她再來時,眼皮拉起來可以稍微停一下,又掉下去了。她過去不拉著眼皮不行,一放就掉,第二次我用三叉三配門金,她就可以張開不掉下來,但是一閉眼又抬不起眼皮了,一閉眼就要用手掀拉才能抬起來。再扎一次,下次再來,基本已經好了,就只針了三次。她自減肥以後,眼皮掉下來已經三個月,看了很多醫生好不了,到我診所三次就好了。

輕微的、一般的眼皮睜不開,就這樣扎。如果是重症肌無力,不單是眼皮抬不起來,全身都沒有力氣,治療就不是這麼簡單了,因為它屬於中氣不足,要以肉治肉、以肉健脾,扎肉比較多的地方,比如駟馬上、中、下。"
132,散光,散光,matched,五官科,第一節眼病,6468,"患有散光的人閱讀文字時會有困難,不論物件遠近都難以看清細節,其角膜往往是橢圓形而不是圓形的,這會導致屈光不正,光線進入眼睛後發生扭曲,致成像模糊。散光的病因不明,一般認為與遺傳有關。","眼散光 22. 中

22. 中白穴(鬼門穴)、下白穴;77. 天皇副穴(腎關)、光明穴","輕度眼散光,中白穴很有效,中白透下白更好,兩穴都在三焦經上,透過三焦與腎通,能補腎明目。天皇副穴(腎關)配光明穴也不錯,是一組治療弱視的有效配伍。","- 1. 針中白有效。
- 2. 腎關、光明有效。","散光,中白穴非常好,透過三焦與腎通,能補腎明目,再配腎關、光明,就更有效。曾經治過一個年輕人,有50度的散光,他要去考警察學校,怕考不過,考前三天就來扎針。我就扎中白配腎關、光明,紮了兩三次,他就考過了。"
133,眼球歪斜及複視,眼球歪斜、複視,matched,五官科,第一節眼病,6493,,"眼球歪斜

77. 天皇副穴(腎關)","董老師講的眼球歪斜是指""鬥雞眼"",小孩眼睛只看中間。針天皇副穴(腎關)有效,老師常用腎關配光明治療此症。","- 1. 腎關配光明
- 2. 針下三皇有效。
- 3. 太陽穴點刺出血極有效(維杰特殊經驗)。","董老師講的眼球歪斜是""鬥雞眼"",用腎關配光明。注意,如果是複視,就不容易治了。不少人複視,看東西就是兩個。一般來說,我們往左看,兩個眼睛都會一起轉,往右邊也一樣。如果其中有一對神經麻痺了,這個眼睛轉,那個眼睛不轉,就看兩個了。你叫他閉起一個眼睛看,就沒問題,閉另一個眼睛看,也沒問題,兩個眼睛一起看,因為它們不同時對焦,就有兩個影像。開車幹什麼都不行, 因為不能閉著一個眼睛幹活,這種情況,扎針 10 次都不如在太陽穴刺血 1 次。未放血前,試著把手指從兩眼中央往兩邊移動,指頭稍微離開中央一點點,眼睛就看兩個了,兩邊都沒有辦法看了。如果在太陽穴刺血,刺過血後,手指頭離開眼睛視角中央再遠些,才看成兩個。可以隔一星期再在太陽穴刺血,能看的範圍就越來越大,太陽穴刺血幾次,看東西就可完全恢復正常了。"
134,青光眼,青光眼,matched,五官科,第一節眼病,6515,"青光眼的名稱,系來自罹患此病者以光線照射,可見瞳孔有青色之反光而得名。急性青光眼的病人會有頭痛,嘔吐,視力模糊,看燈光有虹暈等症狀。

早期,人們認為眼壓高就是青光眼。一般正常的眼壓是在 10~20mmHg 之間。目前青光眼的定義一直在更新,有的人眼壓正常,但是視神經已經萎縮,視

野造成缺損,而有的人眼壓高於正常,但是他們的視神經可能一輩子都沒問題。眼壓高低只是一個風險因素,而非診斷青光眼的必要條件。降低眼壓多半能阻止或減慢病程的繼續惡化。但對於已受損的視神經纖維,則無法再生。",,,"- 1. 針下三皇、光明,有卓效。
- 2. 火硬、火主甚效(維杰特殊經驗)。
- 3. 耳尖和耳背放血,嚴重時可以在太陽穴放血(維杰特殊經驗)。","治療青光眼,針火硬很好,該穴緊鄰行間,作用類同。行間是木經的火穴,即肝經之子,在此可以瀉肝,功用相當於龍膽瀉肝湯,因為青光眼一般都跟肝陽上亢、肝火旺有關係。

以火硬扎針為主,可以配火主倒馬針。也可以用火硬配光明、腎關。

下三皇最主要的是腎關,腎關、光明、火硬配伍,然後在耳尖點刺,效果不錯。配合在耳尖刺血更好,嚴重的可以在太陽穴刺血,很快就能見效。

治療眼睛要叫病人轉眼球,順、逆時針轉,用的就是動氣針法。"
135,飛蚊症,飛蚊症,matched,五官科,第一節眼病,6541,"飛蚊症是一種因光線將玻璃體上的浮游物投影在視網膜上的病症,正式名稱為玻璃體混濁,中醫稱為雲霧移睛。

當人開始老化時,因為玻璃體的退化變性,逐漸混濁,造成浮游物漂浮在玻璃體當中,當光線將這些浮游物投影在視網膜上時,隨著眼球的轉動而移動,就好像有蚊子在眼前干擾視線一樣,故稱為""飛蚊症""。

現代社會,年輕人常看手機也容易導致飛蚊症。",,,腎關、光明。,"飛蚊症,就是針腎關、光明。本病偏虛證,青光眼偏實證,但都可以針這兩穴,也可以在耳尖點刺。扎針以後,還要讓患者轉眼球,否則效果較差。"
136,其他眼病,其他眼病,matched,五官科,第一節眼病,6559,,"| 眼發黃  | 11. 眼黃穴                |
|------|------------------------|
| 白內障  | 66. 水相穴、水仙穴;77. 光明穴    |
| 怕光   | 55. 花骨一穴               |
| 眼球突出 | 66. 一重穴、二重穴、三重穴        |
| 眼球痛  | 77. 四花中穴、四花副穴;88. 上九里穴 |",,,"我們看其他眼病的治療。

**眼發黃**,就針眼黃穴。本病多為脾溼所致,或為黃疸,或為便溏,皆易見眼黃之症。本穴在小腸經上,小腸為分水之官,主溼。""脾與小腸通"",脾能祛溼,其理與腕骨穴之祛黃同理,腕骨穴為歷代治療黃疸第一要穴(見《通玄指要賦》《玉龍歌》《玉龍賦》),亦在小腸經上,亦能祛溼。

**白內障**的治療,老師寫了水仙、水相、光明,就是補腎。水相就是太溪,為腎經原穴,腎經虛實皆可調治。水仙在太溪下面,跟水相倒馬,也是補腎。光明穴就是復溜,為腎經母穴,也是補腎。

我治白內障基本上是腎關配光明,或腎關配太溪,輪流針。或者腎關、光明、太溪一起用。復溜、太溪兩穴一起倒馬並用,補腎非常強。再配合腎關,這樣治療白內障,還是不錯的。

不過現在白內障都不太找中醫了,因為西醫的鐳射一下就解決問題了。我們去鄉下有些偏遠的地區,還是可以扎針的。洛杉磯因為陽光很強,開車要戴太陽眼鏡,那些不愛戴眼鏡的人就很容易患白內障。

**怕光**,也針花骨一穴,本穴是治眼病專穴,可治多種眼病,其原理前面已經做過介紹。

眼球凸出,針一重、二重、三重,因為本病多半是甲狀腺的問題,這三個穴可以治甲狀腺腫大,經過一段時間治療,甲狀腺改善,眼球也就回去了。前面介紹過一個例子,我當年治過一位女士,眼球凸出,因為是甲亢引起的,經過扎針治療

以後,眼球就完全平復了,看不出來了。

眼睛痛,有很多穴位可以扎,老師雖然寫了上九里,我們很少會用它。我多半就在耳尖點刺,針太沖。因為太沖是肝經的輸穴,眼睛跟肝有關係,""輸主疼痛""。如果用四花中穴,就用三稜針放血。耳尖刺血治眼球痛也很不錯。很多結膜炎、角膜炎的人眼睛也會痛,在耳尖刺血效果很好。

### 第二節鼻病"
137,鼻乾及流涕,鼻乾及流涕,matched,五官科,第二節鼻病,6594,,,,"- 1. 針駟馬穴。
- 2. 針木穴(維杰特殊經驗)。","我們看鼻子病,老師最常用駟馬穴來治各類鼻病。治療鼻幹症,也是用駟馬,我用木穴很好。流鼻涕針木穴可以立止涕流,鼻幹針木穴也很好。就如同剛才講的,眼淚多、眼乾都可以扎木穴,這是雙向調整。木穴是治五官病一個很重要的穴位,它治眼病因為它屬木,跟肝有關係。它治療鼻子病因為在大腸經。

木穴有兩穴,我只取下穴,只扎一針就很有效。倒馬時兩三針一起用,有時是為了不失去穴位的準確性,但若扎得很準,一針就可以了。若是扎不準,那就要兩針,有點""寧失其穴,莫失其經""的意味在。有時兩穴並用,也在於加強療效,若一針很有效,我就不再狹小的空間多取一針,當然也有減少疼痛的意思在。

木穴治療感冒流鼻涕、鼻塞,非常有效,可針對側的木穴一針。但是要注意,治療之前,一定要讓患者把鼻涕擤乾淨,扎完以後,鼻涕馬上就沒有了。"
138,鼻塞,鼻塞,matched,五官科,第二節鼻病,6609,"鼻塞是臨床上常見的一種症狀,可見於多種鼻病,如急、慢性鼻炎,急、慢性鼻竇炎,鼻部腫瘤等。一些呼吸道疾病如感冒、流行性感冒,急、慢性支氣管炎等

亦可引起鼻塞。本病常伴有流涕、嗅覺障礙、頭痛、頭昏等其他症狀。","鼻炎

11. 指駟馬穴;33. 火腑海穴、天士穴;44. 分金穴(特效針);88. 駟馬中穴、駟馬上穴、駟馬下穴;1010. 馬金水穴、馬快水穴","鼻炎的種類很多,駟馬穴對於各種鼻炎都能治。當年老師的名片就印了包

醫各類鼻炎,後來一看,病人來了,針的就是駟馬上、中、下穴。老師治鼻病最主要的就是這三個穴。

指駟馬穴在大腸經上,與肺相表裡,本穴之作用同足駟馬,唯功能略小,但取穴方便。

地士穴與孔最穴位置相符,孔最為肺經郄穴,治肺經急症及哮喘療效本佳, 治鼻炎效果亦佳。

火腑海穴與手三里位置相合,穴在大腸經,大腸與肺相表裡,故治呼吸系統諸病。該處肉多,肉多之處便能調治脾胃,有補氣作用,道理與肩中及搏球類同。

分金穴,老師說是鼻炎及喉炎之特效針,穴位在肘上,與尺澤穴鄰近,亦屬肺經,有肺經合穴類同作用,因此治療感冒、鼻炎及喉炎有卓效。

馬金水穴位置在小腸經之""顴髎""下一分半,與顴髎主治功用相同。本穴之先天卦位為坎卦所在,後天卦位為乾卦所在,能理肺腎之氣,可治鼻炎。

鼻炎種類很多,有肥厚性長息肉的,有萎縮性不聞香臭的,有流臭膿鼻涕的,也有過敏性鼻炎,冷氣一開就噴嚏不止,衣服少穿兩件,天氣一冷就打噴嚏的。有的往左邊睡右邊塞,往右邊睡左邊塞,輪流塞鼻子的。無論什麼鼻炎,就針駟馬。

下面對幾個鼻炎再詳細探討一下。","- 1. 側三里留針半小時,亦有效。
- 2. 火腑海亦有效。
- 3. 針門金亦有效(維杰特殊經驗)。
- 4. 木穴有效(維杰特殊經驗)。
- 5. 感冒鼻塞,針肩中,有卓效(維杰特殊經驗)。
- 6. 駟馬穴亦有效。有時加針內關或通山、通關可以提高療效。","能治鼻塞的奇穴很多,側三里、火腑海,有效,都是早期用的,後面強調我個人特別的經驗,就是我最常用的。

木穴治鼻塞最簡單,感冒鼻塞我用木穴;一般的鼻塞可能有鼻炎之類的,門金很好;但再嚴重的,肥厚性鼻炎,長鼻息肉就要扎駟馬了。

肩中治一般的鼻塞也很有效,為什麼?肩中在肩膀的正中央,肩膀手軀順對就對應到頭部,肩膀的中央就對應到面部的中央鼻子。所以肩中治鼻塞特效,因為它肉多,能夠補氣。

治療鼻塞,就這幾針:門金、木穴、肩中。

關於不聞香臭,幾年前我治療一個教授,他本來是治別的病,後來提起來他從小就不聞香臭,是被他媽媽打了一巴掌以後就這樣了,我就針駟馬,偶爾會用迎香作特效牽引。他紮了幾次以後,跟我講:哎喲,我聞到汽車排煙味,好臭。我說:恭喜。"
139,過敏性鼻炎,過敏性鼻炎,matched,五官科,第二節鼻病,6668,"過敏性鼻炎是臨床常見病,發作時打噴嚏、鼻癢和流清涕,早晚遇風寒發作尤甚。本病多與過敏體質或接觸粉塵等致敏原有關。

中醫認為鼻為肺竅,若肺氣不足,衛外不固,風邪入侵,則鼻竅失司,鼻癢、鼻涕、噴嚏俱作。滯病日久,必影響脾腎功能,若腎氣虛衰,氣不攝津則本病反覆發作。","敏感性鼻炎

1010. 正本穴","治療敏感性鼻炎,老師雖然寫了正本穴,但未見其用過,一般都是以針駟馬穴為主。","- 1. 針駟馬有效。
- 2. 木穴(維杰特殊經驗)。
- 3. 大白、火主(維杰特殊經驗)。
- 4. 駟馬穴亦有效。有時加針內關或通山、通關可以提高療效。","過敏性鼻炎,遇冷即發,木穴有效,可以立止流涕及鼻塞。大白、火主,是開四關,大白(即三間穴稍前貼骨)相當於大腸經輸穴,大腸經循經鼻旁,火主(即太沖穴稍後貼骨)相當於肝經輸穴,肝經從鼻腔內部透過。兩穴一治鼻外,一治鼻內,合用治鼻病甚佳。可以配迎香做牽引更有效。駟馬配迎香也可以。迎香素為治療鼻病要穴、效穴,加迎香牽引還有雙治療作用。

鼻炎不純粹是肺的問題,中醫有一句話說""心肺有疾,則鼻為之不利"",有的時候加一針能夠清心的,效果更好。駟馬加通關、通山治療鼻炎,可以提高療效,尤其是治慢性鼻炎。"
140,鼻蓄膿症(鼻淵、鼻涕倒流),鼻淵、鼻涕倒流,matched,五官科,第二節鼻病,6699,"慢性鼻竇炎多由急性鼻竇炎屢發不已所致。中醫學稱為""鼻淵"",因風寒犯肺,肺失清肅,肺熱或肝膽火旺,移熱於上而成。以鼻塞頭痛,膿涕而不聞香臭為主要症狀。每因感冒復發,流腥臭黃涕是其特徵。",,,"- 1. 木穴(維杰特殊經驗)。
- 2. 駟馬。
- 3. 大白、火主。

十四經效穴:合谷、太沖開四關,配曲池更好。","鼻蓄膿,跟流鼻涕一樣,用木穴有效,針駟馬也很好。我用合谷、太沖開四關,或是大白配火主。鼻涕倒流常是鼻涕從喉嚨進去了,和鼻蓄膿治療方法一樣,我用小柴胡湯合桂枝加葛根湯非常有效,針大白配火主,及合谷配太沖就有點疏肝的味道,也有點柴胡湯、逍遙散的意思,配曲池更好,這是十四經的針法。

董氏奇穴就是駟馬配木穴,治療鼻涕倒流、鼻蓄膿。"
141,酒渣鼻,酒渣鼻,matched,五官科,第二節鼻病,6719,,,,"- 1. 正本用三稜針或七星針點刺出血,數次即愈。
- 2. 背部脾俞、胃俞點刺出血亦有卓效。","酒渣鼻就是整個鼻子紅紅的,像草莓一樣,鼻子可以看到一個個小坑,也好像喝了酒,事實上飲酒多的人也容易得此病。最好用七星針或者三稜針來敲打,流出點血就會有效,或者在背後的脾俞、胃俞點刺出血,主要因為是脾胃有熱。"
142,流鼻血(鼻衄),流鼻血、鼻衄,matched,五官科,第二節鼻病,6730,"鼻衄是臨床常見的一種症狀,可發生於任何年齡及季節,原因可分為區域性和全身兩大類,除鼻科疾病、血液病外,鉤端螺旋體、急性腎炎、感冒等疾病,以及維生素 C 或 K 的缺乏等,亦可出現鼻衄。

輕者僅涕中帶血,重者可出血不止,引起貧血和出血性休克。中醫學認為肺氣通於鼻,足陽明之脈起於鼻之交頻中,如肺胃熱盛或木火刑金,上迫肺竅,均可導致血熱妄行而發為鼻衄。鼻衄多屬心火、胃火、肺火所致,少數病人可由正氣虧虛、血失統攝引起。",22. 腕順二穴;44. 肩中穴;77. 搏球穴,,"- 1. 針肩中立止。
- 2. 針火主穴有效。
- 3. 針六完穴有效。
- 十四經效穴:行間穴。少商刺血。

### 【解說】

治療流鼻血,針肩中立止,已在剛才說明。另外,火主是肝經的穴位,肝主藏血,所以在火主扎針有效。

六完是可以止血的一針,也不錯。

十四經效穴取足厥陰肝經之滎穴行間,滎穴有清虛熱、育陰血的作用。凡肝經實證、熱證,皆可取行間治之,而鼻衄之患,多因肺胃熱盛或木火刑金所致。行間穴能降肝氣,使相火下行,血隨之而下,則鼻血即止。

### 第三節耳病","血出鼻

流鼻血,肩中穴甚效。肩膀手軀順對就對應到頭部,肩膀的中央肩中,就對應到面部的中央鼻子。所以肩中治鼻塞特效,也治流鼻血特效,因為它肉多,能夠補氣收攝。

針搏球穴止流鼻血的道理,與肩中穴類似,肉多,能夠補氣收攝。而且肩中與搏球皆為塊狀肌肉,屬筋,應肝,肝藏血。

腕順二穴鄰近小腸經原穴腕骨,能補腎,治腎虛之牙痛、眼痛,尚用治耳鳴、重聽,亦為五官病常用穴位之一。腕骨為治黃要穴,餘常用治療黃疸之梔子柏皮湯治療流鼻血。用腕順二穴(或腕骨穴)道理類同。"
143,中耳炎,中耳炎,matched,五官科,第三節耳病,6769,"聤耳,現代醫學稱為急性中耳炎,尤以小兒易得,運用針灸治療該病,在《針灸大成》《醫學綱目》中均有記載。多因風火溼熱、肝膽火盛上衝於耳所致。",,,"- 1. 外踝四周散刺出血。
- 2. 制汙穴點刺出血。","我們看耳朵的病變。中耳炎,就是耳朵流汙水,小孩比較多,一般來講,老師在外踝四周點刺,其實外踝點刺是有道理的,因為外踝是少陽經循行所過,耳朵

也是,手足少陽繞耳朵、至耳朵。

後來我發展用制汙穴刺血,一樣很好,那就方便很多。如果病太久了,可以在制汙刺血,也可以在外踝刺血。中耳炎有時候纏綿難愈,扎針確實很有效。"
144,耳內脹,耳脹,matched,五官科,第三節耳病,6788,,,,"- 1. 曲陵、中白穴。
- 2. 三叉三穴(維杰特殊經驗)。
- 3. 水曲穴、中九里穴。

十四經效穴:中渚、臨泣、風市。","耳朵脹的話,我們可以在曲陵、中白扎針。最主要還是針三叉三,耳朵發脹可以當耳鳴來治,三叉三進針會透過中白,中白是治療耳朵很好的穴位。其他如水曲穴 (與膽經的足臨泣同位置)、中九里(與膽經的風市同位置),這幾穴治療耳朵都很好。"
145,耳鳴,耳鳴,matched,五官科,第三節耳病,6802,"耳鳴是常見的聽覺異常症狀,患者自覺耳內作響,自己聽到耳內或腦內發出聲音,或如蟬聲,或如潮湧,但其周圍無相應的聲源,而且越安靜,感覺鳴聲越大。通常分自覺性耳鳴和他覺性耳鳴兩種,以自覺性耳鳴最為多見,是較難治療的一種病症。",耳鳴 11 指駟馬穴;22 靈骨穴;55 花骨一穴;88 駟馬中穴、駟馬上穴、駟馬下穴,"耳鳴是個大病,表面看起來很難治,掌握了原理就不難。董老師治耳鳴,取手上的指駟馬、腳上的駟馬都有效,基本上都從補肺著手。靈骨穴可以補肺,又可以補腎。在瞬趾的花骨一穴根據太極全息,偏於治療五官,能治耳鳴。

基本上,老師治耳鳴以駟馬及靈骨為主。用駟馬是有道理的,因為本穴能益

氣昇陽,年輕人的耳鳴可以考慮用駟馬。老年人用駟馬,再加用靈骨較好,靈骨能益氣補肺,還可以補腎。

臨床觀察董老師治療耳鳴 10 例,最常用靈骨(7 例)、駟馬(3 例),強調益清昇陽,補腎。","- 1. 針駟馬穴,無名穴(外踝周圍)瀉血。
- 2. 駟馬、腎關穴。
- 3. 駟馬、靈骨穴。
- 4. 中九里穴(維杰特殊經驗)。
- 5. 三叉三穴(維杰特殊經驗)。
- 6. 中白穴(維杰特殊經驗)。
- 7. 腕順一、二穴(維杰特殊經驗)。

十四經效穴:風市、臨泣、中渚。","治療耳鳴,我早期也用駟馬,並且配合在外踝刺血,或者用駟馬配靈骨。

後來我發展出用腕順一、二治耳鳴,此兩穴在手太陽經的滎、輸穴之間,因為手太陽經至目銳角,卻入耳中,滎、輸穴在太極全息中對應五官。

之後又發展出中九里(與膽經風市同位置)特效,中白(鄰近三焦經的中渚)特效,就構成了""耳鳴楊二針"",以後又發展出水曲(與膽經臨泣同位置)也特效,這三針一起扎,治療耳鳴很好,也可以分兩組輪流針刺。這幾針可以補腎,也能益氣,都是手足少陽的腧穴,少陽經環耳人耳,經絡與耳有密切關係。

處方用藥,我將耳鳴分為兩大類。老年人,多是腎虧為主,要用耳聾左慈丸,就是六味地黃丸加五味子、磁石,因為在少陽,我們可以加柴胡為引藥入耳,加石菖蒲開竅,治療老年人的耳鳴很好。若是年輕人或中年罹患耳鳴,我以益氣聰明湯為主,方子裡升麻、黨參、黃芪都有,還有葛根。我用益氣聰明湯,會加柴胡、石菖蒲,很有效。這兩個方子,我已用了三十多年,治癒了不少耳鳴。

其實只扎針,就頗有效了,手上的中白(就是中渚),下面的水曲(就是臨泣),中間的風市(就是中九里),這三針非常好。也可以不針中渚,取三叉三就會透過中白,更好。

不論用哪一組針,都可加聽會做牽引,也是加強治療。《百症賦》說:""耳中蟬噪有聲,聽會堪攻。""針刺聽會不可過深,亦不宜做大幅度提插手法,以免刺傷血管、神經。"
146,聾啞,聾啞,matched,五官科,第三節耳病,6850,,耳聾 22. 靈骨穴;55. 花骨一穴;88. 駟馬中穴、駟馬上穴、駟馬下穴,"聾啞不好治,老師的取穴跟治療耳鳴差不多,也是靈骨、駟馬上中下。","- 1. 駟馬穴六針同下,配合三重穴放血。
- 2. 總樞穴點刺出血。
- 3. 針失音穴。","我們可以用駟馬上中下穴,配合三重刺血,或配合總樞穴刺血,加強幫助治療聾啞。失音穴治一般的喑啞有效,也可以做輔助針。針灸治療輕度的聾啞有效。

## 第四節口齒疾病"
147,下頜骨痛(口不能張、顳頜關節紊亂症),顳頜關節紊亂（TMJ、TMD、temporomandibular joint disorder、temporomandibular disorders）,matched,五官科,第四節口齒疾病,6872,"下頜骨痛,口不能張,即咀嚼肌痙攣,或稱顳頜關節功能紊亂症、彈響關節,是一種常見的關節疾病,也是口腔科常見的綜合徵。系咀嚼肌平衡失調,及區域性關節組織部分之間運動失常,而使咀嚼肌突然發生痙攣收縮,患者下頜關節運動受限,張口困難,張、閉口時關節發生彈響或雜音,區域性疼痛,咀嚼、講話,晨起後張口疼痛尤甚。面部咀嚼肌隆起,按之堅硬,在患處常有壓痛點。偶可伴有頭痛、頭昏、耳鳴等其他症狀。屬中醫學痙證範疇,其病因主要是由於咬物或關節

活動不慎,外受風寒溼邪所致。","下頦痛(張口不靈)

66. 火硬穴","我們看下頜骨痛,張不開嘴巴,這個病很多,很多人常常不止是嘴巴張不開,有時一咬硬的東西兩邊的下頜骨就痛得不得了。病情嚴重的,張不開嘴巴,只能喝湯。老師就只用了一個火硬穴,本穴位於足厥陰肝經,在肝經之行間穴後五分,依據中太極,行間對應於眼,太沖對應於咽,則火硬穴介於兩穴中間,對應於顳頜,且肝經""從目系,下頰裡,環唇內"",與咀嚼肌顳頜關節亦有關聯,又肝主筋,善治痙攣病變,因此治下頦痛、張口不靈甚效。","- 1. 針火硬,配解溪效果更佳。
- 2. 耳背點刺。
- 3. 太陽穴點刺尤佳(維杰特殊經驗)。
- 4. 火主或門金皆甚效。(維杰特殊經驗)。","早期我也用火硬,還配解溪,效果還不錯,後來我研發更好的,就不再這樣用了。之後我用火主跟門金,這兩針非常特效,是我的""顳二針"",一針門金,一針火主,可以左邊針門金,右邊針火主,也可以右邊針門金,左邊針火主,輪替。

這兩穴為什麼有效? 先說火主,因為肝經繞嘴一圈,所以嘴巴的張動跟肝有關係,但是這個又影響到骨頭,所以針太沖不行,一定要針火主,火主往後貼骨,比火硬要好。

門金更好,為什麼呢?胃經也繞嘴一圈,繞的是嘴巴外面,肝經繞嘴巴里面,門金在胃經上,胃經從嘴巴過來沿著下頜骨往上到達太陽穴,基本上經過顳頜關節,這是骨頭的病,所以針陷谷還不行,陷骨要再往後貼骨,就是門金了。這樣門金和火主兩針一起用,既治到嘴裡面,又治到嘴外面,還能治到更遠的顳頜關節。我治療的病例很多,有的患者來的時候只能喝流質,嘴巴只能張到小指頭那麼大,針個兩三次,就能進兩個指頭了,再針個兩三次,就可以啃玉米、吞水餃了。

嚴重的病例,就要在太陽穴刺血。1989年我治療一例口腔癌,患者嘴巴連張到小指頭那麼大都很困難,只能微微張開嘴,喝流質,他是個警察,經常嚼檳榔,檳榔裡面都夾著石灰,有一個大的缺點,就是容易導致口腔癌。患者嘴裡面的黏膜都白斑化了,兩邊的顳骨都跟著硬了,張不了嘴。進食時如果湯裡面有一兩粒胡椒,他就受不了,因為他的口腔內膜很薄,受不了一點辣。這位先生來時,我就先給他扎針,效果不是很好,我就在他太陽穴刺血,然後在肘彎也刺血,肘彎刺血時,噴得很高,刺血後一個星期,他就可以微微地伸進一個指頭,一個星期後,我又在他的太陽穴刺血,就可以伸進兩個指頭,第三次刺血後就可以吞水餃了。我還叫他買淡竹葉當茶喝,可以清火,前後治了將近三個月,狀況就很好了,裡面的白斑也慢慢變紅了,從1989年到現在快30年了還健在。

為什麼太陽穴刺血這麼有效?太陽穴系經外奇穴,為足少陽及足陽明交會之處,又有手太陽及手少陽經脈分佈於周圍,陽明過頰及頷頤,少陽亦循頰並主骨,對於顳頜關節紊亂症極為有效。新病多屬風,或為風熱,或為風寒,刺血皆能散之,若系久年病變,《內經》說:""宛陳則除之。""久病入絡,用三稜針點刺出血能起到疏風通絡、祛邪散滯之作用,重病入血分,則更非刺血不足以速愈或根治。

或許有人會問太沖與陷谷一起用,不會相剋嗎?我們知道肝經屬木,會克脾胃(土),這是一般說法,若是針了太沖,再針脾胃的穴位,難免會克伐,但若針的是陷谷或稍後貼骨的門金,可以與太沖或火主對用,太沖穴往後貼骨就是火主,太沖(或火主)跟陷谷(或門金),一個是木經的土穴,一個是土經的木穴,兩個穴位的穴性有類同的地方,這叫同氣相求,就不會克伐。

又如,以魚際配內關能強心治肺定喘,魚際屬肺經,內關屬火經,衝不衝突? 答案是不會衝突,因為魚際是肺經的火穴,有火性在,這樣同氣相求就不會衝突。"
148,舌下腫,舌下腫,matched,五官科,第四節口齒疾病,6915,,,,"- 1. 針側三里、側下三里有效(可於金津、玉液點刺出血,效果更佳)。
- 2. 耳尖點刺出血。","舌下腫硬針側三里、側下三里有效,這兩個穴,老師原是用來治療牙痛、面麻

的。舌下腫還可以在耳尖點刺,但是最直接的,就是在舌根下的金津、玉液對著青筋刺血。"
149,口內生瘡(口腔潰瘍),口瘡,matched,五官科,第四節口齒疾病,6930,"口瘡,中醫稱為口舌生瘡,以口舌糜爛為臨床特徵,發病機制為陰虛火旺或心、胃之火偏盛,治療需瀉心火。",舌瘡 88. 明黃穴、天黃穴、其黃穴,"口內生瘡(口腔潰瘍),老師寫的是明黃、天黃、其黃一起用針。口瘡,多與陰虛火旺或心、胃之火偏盛有關。這三穴透過調整肝脾之作用,能補陰血,治陰虛火旺口舌生瘡。

臨床觀察,老師常以上、下唇穴刺血,治唇爛疼、口內生瘡。","- 1. 四花中點刺,針四花上。
- 2. 上唇穴、下唇穴點刺。
- 3. 太陽穴點刺。(維杰特殊經驗)
- 4. 耳尖點刺。(維杰特殊經驗)
- 5. 手解穴。
- 6. 三叉三穴。(維杰特殊經驗)

十四經效穴:大陵(火經土穴,心脾兩治)。","口舌生瘡,多跟心脾火旺有關,治療需清胃火,可以在四花中點刺,再扎四花上。三叉三緊鄰手少陽三焦經之滎穴液門,滎穴清火甚佳,能治療多種五官疾病,如口腔炎、口角炎、唇炎、舌炎、口腔潰瘍等。手解穴就是心經滎穴少府,能清心火,治療口舌生瘡也有效。

在上唇、下唇刺血最好,兩穴就在膝蓋上下,治療範圍包括嘴唇的外面、裡面。這兩穴除了治療口唇病有效,也可以治療陰唇病。因為上下都是相對的。

有些人口瘡多年,在耳尖或太陽穴點刺,很快會好。此病多半是心脾火旺, 因為心開竅於舌,脾開竅於唇,在耳尖點刺可以加強清心火。手解穴也可以。

治療口瘡就是上唇、下唇刺血,或者耳尖刺血,扎針大陵。十四經最常用大陵,此穴就在手腕上,是心經土穴,可以心脾兩治。"
150,牙痛,牙痛,matched,五官科,第四節口齒疾病,6967,"牙痛是臨床上常見的症狀,常見於各種牙病,如齲齒、牙髓炎、牙周炎、冠周炎等。其原因有牙齒本身、牙周組織、附近組織疾病引起的牽涉痛、三叉神經痛,全身疾病引起的牙痛等。其臨床表現以牙痛為主,遇冷、熱、酸、甜等刺激則疼痛加重,可伴有牙齦腫脹或出血、齦肉萎縮、牙齒鬆動、頸淋巴結腫痛,以及發熱、食慾減退等症狀。","| 牙痛  | 11. 浮間穴、外間穴;55. 花骨一穴;77. 四花上穴、四花外穴、側三里穴、側下三里穴 |
|-----|-----------------------------------------------|
| 牙齒酸 | 22. 下白穴                                       |","牙痛老師寫了很多穴,側三里、側下三里是老師是最常用的,或者扎浮間、外間,為什麼?浮間、外間就相當於大腸經的二間穴,大間、小間也有效。

十四經治療牙痛,常用大腸經的二間穴,因為二間是大腸經的滎穴,就在食指本節前內側陷中。在手食指根部橈側,握拳時在第二掌指關節前下方之凹陷處是穴。大間、小間、外間、浮間,這幾個手指的穴位,都在食指根部至指尖的指節上,相當於滎穴,滎穴善於清火,可以治療牙痛。因為大腸經先從下面上來,所以下牙痛我們取大腸經。大間、小間、外間、浮間,治療下牙痛療效較好。

胃經從上面下來,先經過上牙,所以上牙痛我們多半取胃經,扎四花上有效, 針側三里、側下三里很好。四花外穴可扎針,也可刺血。

牙齒酸取下白穴,跟腎虛有關,下白貼骨取穴,且位於三焦經,透過三焦與腎通,可治腎虛之牙齒酸。","1. 針靈骨,交刺側三里、側下三里。

- 2. 針四花外亦有效。
- 3. 腳背點刺,係指陷谷穴至解溪穴一帶(老師常用)。
- 4. 水相。
- 5. 三叉三穴。(維杰特殊經驗)
- 6. 木火穴。(維杰特殊經驗)
- 7. 太陽穴刺血。
- 8. 耳尖點刺。(維杰特殊經驗)

十四經效穴:上齒痛可以取內庭和足三里,下齒痛通常是取大腸經的合谷穴或三間穴,齒根痛與腎臟有關,可以用太溪或崑崙穴。","牙痛,老師最常用側三里、側下三里,也常在腳背點刺。腳背點刺,是指陷谷穴至解溪穴一帶,用三稜針在靜脈細血管點刺出血。此一穴區在足陽明循行的部位,在該穴區點刺出血,則有疏經活絡,祛風洩熱的作用,對風火牙痛療效較好。一般1~3次即愈。四花外穴點刺出血,清胃火治牙痛也很好。

下牙痛常取大腸經;上牙痛多半取胃經;上下牙皆痛針靈骨,交刺側三里、側下三里。

牙根痛我們就取腎經,可扎水相,就是太溪。太溪穴系腎經之輸穴,又是原穴,可以調暢腎氣,腎陰虛、腎陽虛皆能通治。腎主骨,太溪穴對於牙根痛頗效。老年人牙根搖動,常隱隱作痛,這種牙痛,多為腎虛牙痛,可於牙痛發作前針刺之,可防止牙痛再發。

三叉三治牙痛亦有效。本穴在太極全息中對應於五官區,為五官病要穴,鄰近液門穴,除有液門之效用外,因為貼筋與肝相應,貼骨與腎相應,針一寸透達中渚穴(屬土),同時也有中渚之效用,治療各種原因所致之牙痛效果顯著,亦可治療各種原因引起的口舌痛。

木火穴位置相當於為手厥陰心包經之滎穴,具有清虛熱、育陰血之效。因此,本穴對陰虛火旺所致的牙痛效果甚佳。勞宮穴為心包經滎穴,為火中之火,清火之力甚強,包絡與胃通,兼能清胃火。

耳尖點刺也有效,耳尖穴適應證甚多,對於一切痛證及實熱證,均可應用本穴治療。本穴有消炎、退熱、降壓、鎮靜等作用,可謂百病無所不主,在牙疼其他

方面無效時,可在此點刺出血。

太陽穴點刺也有效,牙痛多為實熱之證,常因風熱之邪客於陽明經脈,氣血壅滯,內侵牙體齒齦或胃腸實熱,陽明火盛,循經上炎所致,點刺太陽穴出血可疏導陽明經氣,洩血清熱,通調氣血,達到止痛消腫、治癒牙痛之目的。

十四經取穴,上牙痛取內庭、足三里較好;下牙痛取大腸經的合谷或者三間較好,這跟經絡循行先後有關。上牙痛若針大腸經的穴位,下牙痛針胃經,一樣有效,只是效果會差一點,或者是取效速度慢一點。

齒根痛就針跟腎臟有關的穴位,可以用太溪和崑崙。老年人牙根比較容易浮動,常常需要針這兩個穴位。

如果是蛀牙,根據《靈樞·經脈》所說:""……手陽明之別,名曰偏歷。實則齲,聾,虛則齒寒,痺。""齲就是蛀牙,齲齒牙痛常取偏歷,本穴在腕後3寸。從陽溪至曲池之間分12寸,當下1/4處。兩虎口交叉時當中指盡處是穴。齲齒牙痛常於偏歷穴處有壓痛,用手揉按即能見牙痛減輕。治療蛀牙,不在董氏奇穴裡面,這是給大家的補充。

### 第五節咽喉疾病"
151,喉痛(喉炎),喉痛、喉炎,matched,五官科,第五節咽喉疾病,7031,"咽喉腫痛是臨床常見症狀之一,屬於中醫的""喉痺""""乳蛾""等範疇。臨床表現以咽痛、咽乾、吞嚥不利為主。急性者往往伴有發熱、口渴、便秘等全身症狀,慢性者可有咽部異物感。引起咽喉腫痛的原因很多,這裡主要指由於上呼吸道感染、急性扁桃體炎、急性咽炎、慢性咽炎、單純性喉炎以及扁桃體周圍膿腫等所致的咽喉腫痛。","| 喉炎      | 44. 分金穴(特效針);88. 失音穴            |
|---------|---------------------------------|
| 喉炎(火蛾病) | 77. 足千金穴、足五金穴、外三關穴;99. 耳背穴(三稜針) |
| 喉痛      | 1010. 鼻翼穴;1212. 喉蛾九穴(三稜針)       |","治療喉嚨痛,老師的書裡有八組穴位。分金穴在肺經上,寫著是特效針。分金位於肺經經脈上,在上臂三焦分佈倒象之上部,治療感冒、鼻炎及喉炎有卓效。尚可治咳嗽及鼻蓄膿,與曲陵(尺澤)倒馬,療效尤佳。

失音穴在膝彎上,針刺時從脾經向腎經沿皮刺,脾腎經脈皆循行至喉,此處在小腿之上部,全息亦與喉對應,故治喉病甚效。

足千金與足五金合用,以治療喉部病變[魚骨刺住喉管、喉嚨生瘡、喉炎(火蛾病)、扁桃體炎、甲狀腺腫]為主,除外還可治急性腸炎、梅核氣。穴名為""金"",與肺金有關,喉為肺系。又本穴位置在經穴範圍,亦與金有關,可治肺系喉部之病及腸炎、肩背痛。

外三關亦屬五輸穴之""經穴""範圍,主治肺系病之扁桃體炎、喉炎、腮腺炎等。

耳背為點刺要穴,老師用以治療喉炎、喉蛾。本穴部位偏上,全息對應肺,又膀胱經行至耳尖、耳背處,透過膀胱與肺通能治喉病,太陽主表,尤其與感冒有關之喉病,點刺甚效。

喉炎火蛾,是說喉嚨上火長了東西,此穴治療之喉蛾、喉痛、痰塞喉管不出 (呼吸困難、狀如哮喘),皆為喉部病變,此為區域性取穴治病,系以急症為主,刺血較淺,既效速又安全。喉蛾則是指白喉,以前有一陣子流行,現在沒有了。

喉炎在耳背青筋放血,足千金也可以放血。","- 1. 耳背青筋放血。
- 2. 三重穴放血。
- 3. 足千金放血。
- 4. 土水二、三叉三治急性喉痛甚效(維杰特殊經驗)。
- 5. 火主穴甚效(維杰特殊經驗)。
- 6. 耳尖或耳背放血。
- 十四經效穴:少商、商陽放血。","喉嚨痛,老師的書裡有分金、失音、足千金等多個效穴,我很少用。我最常用

治喉嚨痛的特效穴是土水中和三叉三,這兩針就是所謂的""喉痛二針""。本來過去我是用魚際配液門。我在1978年寫的《針灸經穴學》魚際穴裡,曾提到""《百症賦》曰:'喉痛兮,液門魚際去療。'據經驗確有卓效,治療時不必雙手四穴皆刺,若針左手魚際,就針右手液門;針右手魚際,就針左手液門。兩邊各針一針即可,捻針時,雙手齊捻,並令咽吞唾液,動引其氣,兩穴之氣,在喉部交應,可即止喉痛。""

後來我做了一番改進,用董氏奇穴的土水中配三叉三穴,更為有效。土水中就是魚際,三叉三比液門的作用更強,治療喉嚨痛當時就好。

還有一個火主,也是治療喉嚨痛的特效穴,為什麼呢?因為肝經從喉嚨上來,到了頭頂,經過喉嚨的深部,所以,針太沖治喉嚨痛很好,尤其是治療慢性的喉嚨痛,效果非常好。

一般來講,感冒的喉嚨痛,可以用土水中和三叉三,立刻見效,因為這兩穴也是""感冒楊二針""。

基本上我現在治療一些感冒發燒的喉嚨痛,就在少商、商陽刺血,最為簡單,刺了血當時就好。如果不敢刺血就扎土水二、三叉三,刺血的好處是刺完馬上就可走,扎針還要留針至少15分鐘。

治療喉痛選穴以肺經及大腸經最多,急性咽喉炎時,應注意休息、噤聲、多飲水。"
152,魚骨刺喉,魚骨刺喉,matched,五官科,第五節咽喉疾病,7088,,魚刺鯁喉 11. 指五金、指千金穴;77. 足千金穴、足五金穴,"治療魚刺鯁喉,董老師的指五金、指千金,或者是足五金、足千金,都有效。

指五金、指千金在食指大腸經上,大腸與肺相表裡,肺、大腸五行屬金,故穴名定為""金""。肺主喉系,大腸主腸腹,故治腸炎、腹痛、魚刺鯁喉。

足五金、足千金位置都在""經穴""的範圍,即輸穴跟合穴之間,""經穴""善治聲音及喉嚨病,所以能治療魚刺鯁喉。","針足千金穴、足五金穴。

十四經效穴:間使。","足千金位置在""經""穴的範圍,""病變於音者取之經"",""經""穴善治聲音及發音器官的病變,包喉嚨病在內,所以本穴能治魚刺鯁喉。

十四經的用穴以間使較好,間使為心包經之經穴,在五輸穴裡面屬金,發音與金最密切,透過心包與胃通,能治療食管及胃的疾病。故可治療魚刺鯁喉。

臨床可以取董氏奇穴足千金穴、足五金穴,配合十四經的間使,治魚刺鯁喉很好,輕症很有效。"
153,梅核氣,梅核氣,matched,五官科,第五節咽喉疾病,7118,"梅核氣是指咽中有異物梗塞感,喉間似有炙肉,咳之不出,咽之不下,但飲食吞嚥並無困難。本病常伴有精神抑鬱、多疑善慮、胸脅脹滿、食慾減退、月經不調等其他症狀,女性患者多見,多由情志不舒,鬱而生痰,痰氣鬱結所致。屬於現代醫學咽神經官能症、癔病、咽部異感症範疇。",,,"- 1. 足五金穴、足千金穴。
- 2. 火主等穴。

十四經效穴:太沖。","梅核氣是指咽中有異物梗塞感,多是痰氣作祟,足五金穴、足千金穴能治咽中有異物感,包括實體的魚刺鯁喉,也包括痰氣。

火主穴治療喉嚨痛特效,治療梅核氣也很有效。因為肝經""循喉嚨之後,上入頏顙,連目系,上出額,與督脈會於巔"",就是沿喉嚨的後側,經過上顎的上竅,聯絡於眼球與腦相連的脈絡,覆上行出額部,與督脈會合於頭頂的百會。肝經經過喉嚨的深部,所以扎太沖能治喉嚨病變。火主穴緊鄰太沖,為木之土穴,調理肝脾氣鬱甚好,治療梅核氣甚效。"
154,失音,失音,matched,五官科,第五節咽喉疾病,7137,,"| 發音無力 | 44. 背面穴   |  |
|------|-----------|--|
| 失音   | 88. 失音穴   |  |
| 發言無聲 | 1010. 總樞穴 |  |","根據維傑之太極觀,每一個活動中樞(包括肩、肘、腕、膝、踝、掌、頸)或元氣中樞(面、臍)附近都會有一個丹田。丹田與人體氣機活動有密切聯絡,能夠治療人體咽喉病或發聲障礙等。董氏奇穴列舉的三個治療發音的穴位,背面穴、失音穴、總樞穴都可以用此原理解釋。十四經治療發音的穴位也可用此原理解釋。

背面穴在活動中樞線下,治發音無力、嘔吐,與總樞穴有異曲同工之妙。鄰近肩髃穴,肩髃穴在大腸經上,大腸與肺相表裡,原有調理肺氣之效,本穴位於 ""肩丹田"",能肺腎皆調,治腹部病及發音無力。其治全身疲勞、兩腿發酸,亦屬調丹田元氣之作用。

失音穴位於膝蓋內側之中央點及其下二寸。在膝太極的正上方,倒象即膝之丹田位置,針刺時從脾經向腎經沿皮刺,脾腎經脈皆循行至喉,此處在小腿上部,全息亦與喉對應,故治喉病,尤其是失音甚效。又,以皮應肺,肺主發音,以部位及體應原理都可解釋此穴能治療發音病變。而且,肺脾腎三髒皆應,其效不可忽視。

總樞穴位於頭至上背的活動中樞,頭部總管人之心智活動,故此名為總樞。本穴介於督脈之風府與啞門之間,有這兩個穴的作用,啞門本即治失語,《玉龍歌》說:""偶爾失音言語難,啞門一穴兩筋間,若知淺針莫深刺,言語音和照舊安。""《醫宗金鑑》說:""啞門、風府只宜刺,中風舌緩不能言,頸項強急及瘛瘲,頭風百病與傷寒。""《類經圖翼》及《百症賦》亦有類似說法。總樞穴另基於前後對應,也能治前面之口喉病,如嘔吐、發言無聲等。以採血片刺之,既安全,效亦佳。","1. 針失音穴。

2. 總樞穴點刺出血。","維傑太極觀以腰部的命門為活動中樞,對應到活動中樞的前面肚臍為元氣中樞。肚臍元氣中樞下面有丹田,維傑的丹田學說提出人的身體除軀幹腹部的總丹田外,肢體部的活動中樞或元氣中樞鄰近,亦有區域性丹田,可與腹部的丹田相對應。關係到人的說話或咽喉發音功能。

失音穴、背面穴、總樞穴皆可說是區域性丹田區,我們可以針失音穴,也可以針總樞穴,總樞以點刺為主,淺針安全又有效。有位同學前兩天受寒,聲音有點沙啞,在總樞穴點刺了兩下,聲音就越來越開了。

# 婦兒科病

## 第一節婦科病"
155,痛經,經痛,matched,婦兒科,第一節婦科病,7176,"痛經是指婦女在月經期間或其前後發生的腹痛而言。臨床上可分為原發性和繼發性兩種。凡月經初潮即發生痛經,生殖器官無明顯病變者,稱為原發性痛經,多見於少女,往往生育後疼痛緩解或消失。如月經初潮時並無痛經,以後因生殖器官有器質性病變,如生殖器炎症、子宮內膜異位症、子宮內膜粘連、盆腔炎、子宮肌瘤等導致痛經者,稱為繼發性痛經,多見於已婚、已育或中年婦女。疼痛一般發生在月經前數小時,呈陣發性痙攣性疼痛,常伴有面色蒼白、出冷汗、手足發涼、噁心、嘔吐、腹瀉、腰痠等症狀。痛經之嚴重者,可致昏厥。

中醫認為痛經多因氣滯血瘀或寒溼凝滯所致,瘀、寒是主要病機,針刺效果甚好。如欲根治,最佳治療階段是經行期,應在月經來潮前7天開始治療,隔天一次直至經行停止。","| 子官痛 | 11. 還巢穴、婦科穴(急、慢性均可);88. 通腎穴、通胃穴、通背穴 |
|-----|-------------------------------------|
| 經痛  | 11. 婦科穴;22. 靈骨穴;66. 木婦穴             |
| 陰道痛 | 44. 天宗穴、雲白穴                         |","董老師說的子宮痛及陰道痛也可歸於痛經來治療。

子宮痛用還巢、婦科,急、慢性均可,這是總治婦科病的穴位。另外,通腎、通胃、通背可以治腎。通腎、通胃夾著血海,血海是婦科要穴,因此通腎、通胃治婦科疾病很好。

治療痛經,老師也講了婦科穴。另外,靈骨穴、木婦穴亦可。

至於陰道痛,天宗、雲白在肩膀上,肩膀的穴位可以治療陰部病、帶下等。","- 1. 針門金穴特效(維杰特殊經驗)。
- 2. 婦科穴甚效。
- 3. 還巢穴甚效。
- 4. 木婦穴甚效。

十四經效穴:承漿穴、內庭穴。","婦科穴、還巢穴對於婦科病都能治療,是一組通治針。

雖然老師說婦科、還巢可以治療經痛、子宮痛。但我一般是用門金穴,效果最好,我用此穴已經治療上百例痛經,每到一個地方去講課,講到門金的時候,幾乎都有女性有痛經需要治療,不少女性月經來就會痛,上課時恰好碰到月經期間,就可以作為教學示範。門金一針,立竿見影,馬上就不痛。

當然,婦科、還巢、木婦也可以,但要留針幾分鐘才見效,門金可立即止痛。

十四經的穴位,內庭、承漿也可以治療痛經,早期我用內庭,後來研究發展,還是門金最好。

痛經說起來就是木土不調,肝脾不和,門金為土之木穴,可以調理肝脾,疏肝和胃。

十四經穴中任脈的承漿治療痛經非常好,承漿可以看作任脈的井穴,能夠開竅祛寒,止急痛,任脈又直接通到子宮口、陰道口,所以我也常用承漿來治療閉經。

總之,痛經可以針婦科、還巢,這是一組總治婦科的穴位,但如果知道用門金更好。"
156,崩漏,崩漏,matched,婦兒科,第一節婦科病,7228,"婦女不在月經週期所發生的陰道大量出血或持續下血、淋漓不斷者稱為崩漏。崩漏是多種婦科疾患所表現出的共有症狀,如現代醫學的功能性子宮出血、女性生殖器炎症、腫瘤等引起的陰道出血,皆屬此範疇。崩漏之證,首重止血。治療若不及時,極易造成脫證。",,,"- 1. 三叉一穴(維杰特殊經驗)。
- 2. 肩中穴。

十四經效穴:大敦穴、隱白穴。","三叉一穴治療崩漏非常好。當年隨董老師看診的時候,三叉一二三雖然已經出現了,但是老師還沒有確定它的作用,位置也沒有固定下來。後來我調整確定了三叉三的位置及作用功效,並研發了三叉一、二穴,才公開出來。

三叉一治療崩漏很不錯,因為我發現古書裡有個斷紅穴,在手背第二與第三指縫接合處,我就把它列入三叉一的作用。這裡治崩漏也有道理,因為該處位於二指、三指之間,可以補肺。肺主氣,氣能夠收澀,以上制下。那年我在紐約教學,有一位韓裔女生說月經流得很多,希望能扎一紮,我就給針了三叉一,沒有多久就感覺很好了,不會不舒服了,所以三叉一治療一般月經多很有效,這是從補肺氣來收澀的。

若針肩中,也是有效,肩中在太極全息手軀逆對中對應陰部,此處肉多,健脾補氣收澀作用很好。

十四經方面,崩漏取用大敦穴及隱白穴非常好。月經一來流血很多,這是""崩"",是肝不藏血;點點滴滴拖好多天,那是""漏"",是脾不統血。大敦是肝經的

井穴,肝藏血,隱白是脾經的井穴,脾統血。雖然有""崩""及""漏""的區別,一般都是肝脾並治,大敦、隱白一起針。較嚴重的,就直接灸。

崩漏先針三叉一穴或肩中穴,都有效。嚴重一點的崩漏,要配合針十四經的大敦、隱白。"
157,月經不調及閉經,月經不調,matched,婦兒科,第一節婦科病,7255,"凡女子超過18歲仍未來月經,或來月經後又突然停止3個月以上者(妊娠、哺乳、絕經期除外),稱為閉經。多因受寒飲冷,或情志抑鬱、氣機不暢,或素體虧虛,久病體弱等原因所致。現代醫學認為常與內分泌、神經、精神因素有關。

閉經在臨床上分為原發性和繼發性兩種,女子已過青春期而未來月經稱為原發性閉經,曾有月經,後因病理性停經3個月以上稱為繼發性閉經。","| 月經不調    | 11. 還巢穴、婦科穴;66. 木婦穴;77. 地皇穴;88. 姐妹一穴、姐妹二穴、姐妹三穴 |
|---------|------------------------------------------------|
| 經期不定    | 88. 姐妹一穴、姐妹二穴、姐妹三穴                             |
| 婦女經脈不調  | 22. 靈骨穴;33. 其門穴、其角穴、其正穴;1111. 水中穴、水腑穴          |
| 月經過多或過少 | 11. 婦科穴                                        |
| 經閉      | 22. 靈骨穴;1111. 三江穴(三稜針)                         |","月經不調針婦科、還巢甚效,很多不孕的就是月經不調,紮了針之後調整了月經,就懷孕了。

姐妹一二三穴顧名思義,能治療婦科病,但是姐妹三穴在大腿上面,不太方便扎,當年老師是隔衣進針,沒有顧忌,現在針就不太方便。姐妹一二三穴對月經不調,及經期不定都可以治。

靈骨對應下焦及陰部;其門、其角在腕後三四寸間之肛門及前陰線,都對應到前後陰,能治月經不調。水中穴同三焦俞,腎與三焦通,又鄰近腎俞,能理三焦補腎,故能治婦科經脈不調。

水腑穴即腎俞,善於治療男女泌尿生殖系統病變;腎為先天之本,主生殖和

發育,凡與腎臟有關的病變均可針刺本穴,可治婦女經帶胎產諸病。

月經過多、過少,仍然是針婦科穴。婦科穴位於大指上,屬肺經範圍,肺與膀胱通,通於子宮,能治子宮病。

閉經,老師用靈骨穴,靈骨對應下焦及陰部,善於理氣調血。三江穴屬區域性刺法,並且要點刺,不是很方便。","- 1. 還巢穴、婦科穴合用。
- 2. 姐妹一穴、姐妹二穴、姐妹三穴。
- 3. 靈骨穴。","月經不調怎麼治? 我最常用婦科、還巢,另外配靈骨穴來調經。

月經提前,多半是因為血熱,可以扎前四關穴,就是行間、三間穴,或者大白、火硬也可以。月經若延後,以寒居多,可以用後四關穴配合,就是火主、靈骨。

月經忽快忽慢,有時候提前,有時延後,多為肝氣不調,要調和肝脾,可以開正四關,正四關就是合谷、太沖。

四關有這麼多,另外有治療精神不安、失眠的,叫胸四關。主要用間谷配火硬。

奇穴配合十四經穴,治療月經不調很好,月經太快多半是屬於熱,可以用曲池配合谷與三陰交針刺;月經太慢,多半是屬於寒性,可以用靈骨、腎關、三陰交針刺;如果月經忽快忽慢多屬肝氣不和,可以用合谷配太沖(開四關)、三陰交針刺。

至於閉經,可以針靈骨穴,但單獨一穴力道不足,應配合十四經穴來用針。《百症賦》說:""月潮違限,天樞水泉細詳。""古人治療閉經,針天樞、水泉。天樞穴接近腎脈,為衝脈之會穴,對生殖器疾病有療效。本穴又是大腸經募穴,在胃經上,陽明經多氣多血,本穴牽涉手足陽明經,調理氣血之作用甚強。水泉在太溪下一寸,是足少陰郄穴,郄穴多氣多血,能通調經血,疏洩下焦。針水泉是要從腎經來增液。

我做了一些調整,保留了天樞,改用承漿穴(沒有用水泉,用水泉還是可以的)。因為承漿穴是胃經和大腸經的交匯點,也就牽涉了大腸和胃,而且任脈直

通陰部,承漿穴相當於任脈的井穴,井穴能開竅,所以可治療經閉。

我以承漿配合水泉,一樣有效,若再加上天樞就更好,三針並用能治療多種閉經。扎承漿配合婦科、還巢也可以。"
158,赤白帶,赤白帶,matched,婦兒科,第一節婦科病,7316,"婦女陰道分泌物較正常增多,連綿不斷,或白或黃或赤,稱為帶下。生殖器官感染,腫瘤或身體虛弱等因素可引起本病。中醫學認為多由任脈不固,水溼下注;或飲食勞倦,損傷脾胃;或溼鬱化熱,溼熱下注所致。","| 赤白帶下  | 11. 還巢穴;33. 其門穴、其角穴、其正穴;44. 天宗穴(具有速效)、雲白穴;<br>66. 木婦穴;88. 通腎穴、通胃穴、通背穴 |
|-------|-----------------------------------------------------------------------|
| 婦科陰道癢 | 44. 天宗穴、雲白穴                                                           |","距離手腕橫紋兩寸跟四寸之間的其門、其角,位於肛陰線,可治前後陰疾病,既可以治療痔瘡,也可以治療白帶。其正穴作為其門穴、其角穴的倒馬加強針。

肩膀上的天宗穴(具有速效)、雲白穴治赤白帶下,系因肩膀對應到陰部,肌肉比較肥厚,能健脾理氣祛溼。

大腿上面的通腎、通胃、通背,肌肉亦較肥厚,能健脾理氣祛溼,這幾個穴也善於治療赤白帶。

腳上的木婦穴,主治婦科病為主。此穴基於""足軀順對""對應陰部,故治婦科子宮陰道病,亦可治尿道炎。本穴治婦科病赤白帶極有效驗。

赤白帶下,老師用天宗穴(具有速效)、雲白穴。婦科陰道癢亦用這兩穴。我們知道,肩膀的穴位對應到陰部。雲白、天宗都在同一水平,以三才全息來看在上臂之尾部,同治下焦病有效。根據手軀逆對,對應陰部,治陰部病有效。此兩穴正當肌肉豐厚處,""肉脾相應"",針之有健脾補氣之效,故治赤白帶下及婦科陰道癢。","1. 還巢穴。

- 2. 婦科穴。
- 3. 姐妹三穴。
- 4. 木婦穴。
- 5. 雲白穴、天宗穴。
- 6. 雲白穴、李白穴。
- 7. 誦腎、誦背、誦冒穴。
- 8. 手解穴(維杰特殊經驗)。","治療赤白帶,婦科穴及還巢穴最為常用,肩膀上的天宗穴(具有速效)、雲白穴也很有效。肩膀肌肉比較肥厚,對應到陰部,天宗、雲白、李白可以分兩組交替用。

通腎、通胃、通背,這三穴不能都針,一般只取兩穴,可以與婦科、還巢搭配治赤白帶。至於陰道癢,可以針天宗、雲白。我治陰道癢,也可以針手解穴。手解穴相當於心經的少府穴,它是火經的火穴,清火止癢很好,止一般的癢,也止陰道癢。

木婦穴近於滎穴位置,滎主熱症,本穴治療黃帶、陰癢及尿道炎甚好,因要脫鞋襪,我較少用。

臨床我經常用婦科、還巢搭配雲白、李白,或者搭配通腎、通胃、通背,雲白、李白在肩膀上,夏天穿短袖就比較好針。"
159,陰腫,陰腫,matched,婦兒科,第一節婦科病,7362,,陰門發腫 11. 還巢穴,"陰門發腫就針還巢穴。此穴能補肝腎、理三焦、疏肝理氣,治婦科病甚效。包括子宮痛、子宮瘤、子宮炎、月經不調、赤白帶下、輸卵管不通、子宮不正、小便過多、陰門發腫、安胎等。此穴在指縫至指尖間,對應少腹部,善治少腹部之病,如子宮、卵巢等。","- 1. 還巢穴。
- 2. 婦科穴。","陰腫,針還巢,也可以針婦科穴,兩穴常一起用針,為治婦科通用針。婦科、還巢皆在指縫至指尖間,對應少腹部,善治少腹部之病。

火硬也有效,肝經繞陰部一週,火硬為肝經穴位,又陰部一帶病變以溼熱居多,亦多從清利溼熱著手,火硬相當滎穴位置,能清熱消腫。"
160,子宮炎(陰道炎),子宮炎、陰道炎,matched,婦兒科,第一節婦科病,7387,,"子宮炎

11. 還巢穴、婦科穴;44. 雲白穴;66. 木婦穴、火硬穴、火主穴、海豹穴、水晶穴;88. 姐妹一穴、姐妹二穴、姐妹三穴;1111. 三江穴(三稜針);1212. 腑巢二十三穴(三稜針)","子宮炎及陰道炎的針治取穴基本上是一樣的。治療子宮炎的取穴,如還巢穴、雲白穴、木婦穴,與""赤白帶""一樣取穴。可以參看前面的說明。

姐妹一二三穴位於脾經。足太陰脾經起於隱白穴,上行足之陰前側,行下腹,經任脈之中極、關元,從此循脾與胃,上側脅,至咽舌。除與消化系統有關外,與下腹部之生殖器亦有關,善治婦科病。

水晶穴在內踝尖直下二寸,治婦科子宮病及小腹脹,療效甚好。穴在腎經上,貼骨針,骨腎相應,作用更強。

子宮炎及陰道炎常會有黃帶,可用雲白、海豹穴針刺有效,海豹穴在大趾脾經部位,能健脾去溼,在滎穴位置,能清熱。陰部的病變常以溼熱居多,除雲白、海豹穴外,火主、火硬穴亦有效。

三江穴有三行,包括中央十三椎下每下一椎一穴之連續七穴,其位置與督脈相合。及雙河穴的兩行,自第十四椎旁開三寸起,每下一椎旁開三寸各一穴,計六穴,兩側合計十二穴,其位置分佈與膀胱經相符。中央及兩側,每次可間隔選

穴,輪刺。這些穴包括了督脈第一腰椎棘突下緣凹陷處的懸樞,第二腰椎棘突下緣凹陷處的命門,第四腰椎棘突下緣凹陷處的腰陽關,以及膀胱經的腎俞、氣海俞、大腸俞、關元俞、小腸俞、膀胱俞,屬於區域性取穴直接刺激。

腑巢二十三穴包括:①中央:肚臍直上一寸一穴,共二穴,肚臍每下一寸一穴,共五穴(包括任脈的五個穴都在裡面),這樣有七個穴。②旁邊:肚臍旁開一寸一穴,其上一穴,其下二穴(共四穴,兩邊共八穴)。肚臍旁開兩寸一穴,其上一穴,其下二穴(共四穴,兩邊共八穴),總共二十三穴。但並不每穴皆用,在精穴簡針原則下,主要取肚臍周邊及任脈穴位為主。

腰背的三江穴及腹部的腑巢穴,穴位較多,且需脫衣,一般都不應用。","- 1. 婦科穴、環巢穴。
- 2. 雲白、海豹穴。
- 3. 火主穴、火硬穴。","董師可治療子宮炎的穴位頗多,我一般取婦科穴、還巢穴。其次為火主穴、火硬穴。夏天穿短袖,則會針雲白、海豹穴。各穴的應用機制,前面已經講過了, 這裡不再贅述。"
161,子宮肌瘤,子宮肌瘤,matched,婦兒科,第一節婦科病,7423,,"子宮瘤

11. 婦科穴、還巢穴;66. 火硬穴、火主穴、水晶穴;77. 地皇穴;88. 姐妹一穴、姐妹二穴、姐妹三穴","子宮瘤,指的是子宮肌瘤,在老師的書上也有很多穴位可治,婦科穴配還巢穴,是最基本的用法。老師常用姐妹一二三穴。我們可以用婦科或者還巢來搭配姐妹穴。姐妹穴不必都取,按經驗一般取下面兩個穴即可。

其他選穴還有火硬、火主,兩穴為肝經穴位,肝經繞陰部一週,兩穴在腳踝太極對應於少腹部。針此穴治多種婦科病皆有效,如子宮炎、子宮瘤、痛經、前陰

痛等。

水晶,穴名水晶,水之結晶,指子宮,又在腎經上,專治子宮病。

地皇位於脾經漏谷(三陰交上三寸)及郄穴地機(陰陵泉穴直下三寸)之間,系浮動取穴。或在腎關向下三寸,距內踝八寸半;或在人皇向上三寸,距內踝六寸。我們知道脾經與肝經之迴圈,在小腿內踝八寸半這個範圍,恰是肝經向後交出太陰之後的區域。即""肝足厥陰之脈,起於大趾叢毛之際,上循足跗上廉,去內踝一寸,上踝八寸,交出太陰之後""。因此本穴能脾肝腎皆治。","- 1. 還巢穴、姐妹三穴。
- 2. 重子穴、重仙穴。
- 3. 婦科穴甚效,配還巢穴更佳。
- 4. 內踝至三陰交之間點刺出血有效。","子宮肌瘤,婦科穴甚效,配還巢穴更佳,在前面已經說明。在內踝到三陰交一帶點刺出血,是老師治療生殖系統病變常用的治法,在前面講過,疝氣、睪丸炎等陰部病變,可用此法,婦科子宮肌瘤、陰道炎也可以這樣。此處都是細小的青筋,刺幾針出點血還是不錯的。

子宮肌瘤,重子、重仙也有效,可以點刺,也可以扎針,主要是重仙穴。重仙穴的位置接近手掌下部中央,手掌伸出來,在生命線的內側,重仙穴的下面,如果有一條青筋的話,可能是子宮後傾,如果是一條黑線,可能有子宮肌瘤,如果鼓出來,那大機率就是子宮肌瘤。

治療子宮肌瘤,我們可以用婦科、還巢配重仙,肌瘤如果比較小的話還是可以消的,超過6cm 就很難了。"
162,輸卵管不通,輸卵管不通,matched,婦兒科,第一節婦科病,7462,,"輸卵管不通 11. 還巢生

11. 還巢穴;66. 木婦穴","治療輸卵管不通,老師寫了還巢、木婦。

還巢穴在無名指三焦經上,三焦與腎通,本穴能理三焦補腎,故治婦科病甚效。此穴在指縫至指尖間,善治少腹部之病,如子宮、卵巢等。

木婦穴是腳上的婦科穴,主治婦科病為主,近於滎穴位置,滎主熱症,對肝脾不和及肝膽溼熱之婦科病尤效。本穴在大太極基於""足軀順對""對應陰部,在足小太極中,腳趾端及井穴對應陰竅,腳趾對應少腹,本穴對應於陰竅及少腹之間,故善治子宮、陰道病。

輸卵管不通用還巢最為主要,可配木婦穴。","- 1. 還巢穴特效。
- 2. 配婦科穴更佳。
- 3. 木婦穴甚佳。","治療不孕時,雖然婦科穴及還巢穴一起用,但它們還是略有區別,婦科偏於治子宮,還巢偏於治輸卵管,兩個搭配,基本上所有的婦科病,以至於不孕症都能治。

輸卵管不通是不孕的一個很重要原因,還巢的巢,就是卵巢,卵巢跟輸卵管是連線的,所以還巢比較偏於治輸卵管,婦科穴也可以治,只是有偏重,治療輸卵管不通還巢特效,配婦科更好。

木婦穴也很有效,可以與還巢穴配伍應用,但因在腳趾上,不如手指的穴位方便,而且較痛。"
163,久年不孕,久年不孕,matched,婦兒科,第一節婦科病,7494,"育齡婦女婚後同居兩年以上,未避孕而不受孕者,稱為原發性不孕。中醫學認為,本證多由腎臟、天癸、衝任、胞宮功能失調所致。臨床可分為寒證、熱證、虛證、氣逆證、血瘀證等型別。西醫學認為,不孕由多種原因導致,女子的卵巢、輸卵管、子宮、陰道、會陰等任何一個器官的病變均會導致不孕。針刺治療不孕症,

可以促進子宮發育而易受孕。","| 婦人久年不孕 | 11. 婦科穴 |
|--------|---------|
| 子官不正   | 11. 還巢穴 |","久年不孕,老師只寫了一個婦科穴,沒寫還巢穴,子宮不正他寫了還巢穴。子宮不正也會影響不孕。我們剛才講了,還巢穴比較偏於治療卵巢,可老師寫的子宮不正用的是還巢穴,也就是說這兩個穴其實可以互動著治療,所以應用時最好一起用。用法:可以一次取左邊的婦科、右邊的還巢,下次取右邊的婦科、左邊的還巢。這兩個穴都在指間上,對應少腹。我們講小腹、少腹,小腹是肚臍以下的部位,少腹是有毛的部位。婦科、還巢位於同一水平,都可以治療下焦少腹的病變。兩穴配伍的特點是一陰一陽,還巢在E線,在陰陽交界的位置,偏於陰面。婦科是從大指陽面進針,所以這兩個穴一陰一陽,有相互調補交濟的作用。

另外,還巢在三焦經上,腎與三焦通,可以治腎,調整內分泌;婦科穴在大拇指的肺經上,肺與膀胱通,也就是肺與子宮通。所以,婦科穴就比較偏於治子宮,還巢穴比較偏於調整內分泌,調整卵巢。兩個穴搭配,卵巢、子宮都能治到。","- 1. 婦科穴特效。
- 2. 還巢穴有效。
- 3. 婦科、還巢穴左右交叉針刺應用效果最好(維杰特殊經驗)。

十四經效穴:常用穴為中極、關元、腎俞、三陰交。

安胎:①還巢穴;②通腎、通胃、通背任取一針。","董老師治不孕症常是以姐妹一二三穴為主,當年扎針因為不脫衣服,大腿上的穴位都是隔衣進針,所以用得很多。這三穴在大腿偏上面的位置,現在我們就不方便扎,所以我後來研究用婦科、還巢這兩個穴統治婦科病。就是我的婦科區位二針,簡稱""婦科二針""。

我們以前治療不孕症機會很大,現在都不太找中醫了,很多人一不孕就想到

去做人工受孕,也有少數覺得看人工受孕太貴了,才來找中醫。人工受孕的成功率也不是特別高,有人做一次、兩次不成功,需要休息一段時間才能再做,在中間休息的階段就來試試針灸,有些就在針灸期間懷孕了。也有人很急,只針灸一個月,就不看了,去做人工受孕,可是過去做了三次都不成功,經過我們針灸一個月後,成功了。可見針灸,尤其是董氏奇穴助孕效果很好。我的病人,有四分之一是純粹要針灸,有四分之一純粹要開藥,也有一半想又針灸又吃藥,這樣說來針灸還是佔了四分之三。我治過很多不孕症,保守估計,有600~800對最終懷孕,連學生加起來,就更多了。

舉個例子,有位先生在報紙上寫了一篇文章《八位醫師,六年苦求》。文章是這麼寫的:他的太太不孕,找了七位醫師,看了六年,都沒有效果。有一天他到一位楊姓中醫診所看腰痛,治療過程中跟楊醫師的助手聊起自己太太的不孕,助手說他的老師治療完全沒有問題,三個月內可以懷孕。他有點兒不太相信,三個月嘛,試試看,就帶太太來了,結果真的在不到三個月的時候懷孕了。太太順利生產,他就把這段過程寫了出來。他太太看過的七位醫師包括當時中國臺灣最有名的西醫婦科醫師,也包括最有名的老中醫,都沒有懷孕,為什麼到我這邊一下子就懷孕了? 大家會認為是董氏奇穴的功勞。董氏奇穴的確有效,但請注意一點,這位先生來看腰痛,這很關鍵。太太過去看婦科,因為先生的精子檢查都正常,就沒有跟著一起看。表面上,這位先生精子正常,可是他腰痛,還是表示有腎虧的現象。透過治療他的腰痛,再同時治療他太太,就水到渠成,很容易懷孕了。這就給了我一個經驗,如果太太來看不孕,除了要問先生檢查正常與否,還要問先生有沒有腰痛的問題,有腰痛就要把腰痛治好,這是有些道理的。

這些年,不孕症越來越多,我前幾年看到一篇報道,膽固醇、血脂高了也容易不孕不育。確實,現代人的營養過高了,不容易懷孕。

不孕症,四十年前看病,十之八九都是女的問題,大概二三十年前,男的已經佔了三四成,現在甚至於男方的問題已經超過女方了。現代人不愛運動,因為久坐不動,下半身發育不好,精子質量不高。我治過幾個麵包師傅及廚師,太太不孕,因為他們在廚房裡溫度太高,精子質量有問題。很多原因要考慮,如果排除這些原因,純粹治女的,就是婦科、還巢,太有效了。

早期我們治不孕還有一個特點,大家結婚一般都比較早,比如說我治過一位女士,她27歲了來看不孕,20歲結婚,7年還沒有懷孕。扎針1個月不到,懷孕

了。她的一個朋友聽說她 1 個月左右懷孕了,也來了,說自己結婚 3 年多了,還沒懷孕,我問你幾歲啊,她說 38 啦,我說對不起,你那個朋友 1 個月懷孕,你可能要三四個月,甚至更久。她說我才結婚兩三年,她結婚都 7 年了。我說這跟結婚多久沒有關係,跟你的年齡有關係。

早期很多人十八九歲就結婚了,可能五六年沒有懷孕,就去看西醫,看了兩三年又不懷孕,就來找我們中醫,這時還沒到30歲,一紮針就懷孕了。現代人有的35歲才結婚,然後3年不孕就看西醫,又看了3年,已經到了40歲,才來找我們,困難度自然比以前高。

以前不孕常會先想到看中醫,現在動輒就去做人工受孕。我四年前治過一個不孕病患,是這樣的,她先生來看病,治膽結石,看好後提起他太太不孕,說太太已經做過兩次人工受孕了,中間要休息久一點,休息三四個月,問說是不是可以來試試針灸,我說你來啊,就叫他太太來扎,針了兩個多月不到三個月,懷孕了,生了一個男孩,很好,隔了一年多不到兩年又懷孕了,是自然懷孕,現在已經兩個小孩了,很高興。做人工受孕在美國都要上萬美金,他這樣省了很多錢,而且懷孕以後第二胎就不需要再做。做人工受孕有可能第一胎懷孕,第二胎還要做人工,可你自然懷孕了,那麼後面就不需要人工了。

中醫學認為久年不孕多有瘀血,因此對於多年不孕,如能先在內踝到三陰交之間點刺出點血,作為加強更好。然後再針婦科、還巢穴。30年前,病人常是每天或隔天針刺,因此很快就能懷孕,現在因為時代不同了,大家都很忙,不太可能每天這樣做,病人往往好幾天才針刺一次,效果較以前自然慢了。

不孕症的原因很多,處方用藥需根據不同狀況施治,例如不能排卵該怎樣用藥,黃體激素不足該怎樣用藥,輸卵管不通該怎樣用藥,比較複雜,針灸的用法比較簡單。

如果是男方的問題,那麼當然要男的一起治,下三皇就很重要,下三皇基本上就是補腎補脾的,尤其是可以補腎。精子量不足、精子質量差,如果能配合吃藥當然更好更快。如果沒有辦法吃中藥就針下三皇。如果是死精子多,那要針行間、太沖,或者火硬、火主。

十四經治療不孕,常取任脈之中極、關元。""任者,妊也"",任脈起於胞中,主持人之胞胎以及生殖功能,可治不孕症。足三陰經與人之生殖功能相關,腎臟產生的物質及""天癸"",肝經循行環陰器,足三陰經循行經小腹,透過中極、關元的

交會關係,與任脈相連。灸中極、關元尤佳,《醫心方》說:""治無子法:灸中極穴。""《千金要方》說:""婦人絕嗣不生,胞門閉塞,灸關元三十壯報之。""也常取膀胱經穴,常用穴為腎俞,《素問·長刺節論篇》說:""迫藏刺背。""即刺激背部的穴位可直接治內臟病。腎俞穴能夠補腎,《醫學入門》就說腎俞""主諸虛,令人有子""。三陰交為脾肝腎之交會點,調理氣血功效甚好,亦為婦科病及生殖系統疾病要穴。

另外看看安胎,一些病人在治療期間不知道自己已經懷孕,仍然繼續使用婦科、還巢穴針刺,但對胎兒無礙,這是因為婦科、還巢有雙向調節作用,還能安胎, 所以沒有任何問題。當然已經懷孕了,我們也就不多紮了。

關於安胎,董老師書中只在通背穴之""運用""說:""通腎、通胃、通背三穴可任取一穴為治療婦人流產之補針,連續治療半月即無流產之虞。""此三穴位於脾經,脾經之一項治療特徵是能治生殖系統疾患,除趾端(如隱白)附近,三陰交至下腹部衝門之間的經穴,對此種疾患均有效(下三皇即是治療生殖系統疾患的效穴)。此穴組位於脾經上,婦科疾病,多由脾虛而來,此三穴夾血海穴,血海又稱血之海,如子宮出血、月經異常等,凡與血有關之病均用此穴,故能治子宮痛、婦科赤白帶下,並能安胎。"
164,難產,難產,matched,婦兒科,第一節婦科病,7566,,"| 難產   | 22. 靈骨穴;55. 火包穴;66. 火主穴 |
|------|-------------------------|
| 胎衣不下 | 55. 火包穴;66. 火硬穴         |","難產,老師書上寫著靈骨、火包、火主。胎衣不下寫著針火包、火硬。

火包穴既能治難產,又能治胎衣不下,此穴位於第二足趾腳底第二道橫紋正中央,與奇穴""獨陰""相符,本就能治胎衣不下,當然也就能治難產。而且本穴太極全息之足軀順對,對應於陰部,善治陰部病,又,穴在胃經上,陽明經多氣多血,能治經血不調。

火硬、火主在大太極對應""足軀順對""中皆對應到陰部子宮。靈骨穴在大太

極對應""手軀順對""中亦對應到陰部子宮。火硬、火主為肝經穴位,肝經繞行陰部一週。靈骨則透過肝與大腸通,能治療肝經病變。","- 1. 火包穴。
- 2. 靈骨穴。

十四經效穴:至陰穴及三陰交。

死胎不下:水腑穴。","難產,老師用靈骨、火包、火主,胎衣不下用火包、火硬。我有用這些穴位的經驗。1998年,我到緬北義診,我們義診隊中間有一個西醫,接生一個婦人,難產,胎位轉不正,一天都下不來,就找我過去了,我給她針了火包、內庭、至陰三個穴。一個小時左右,胎轉正,就生下來了。這些穴位有通利下焦、調理胞宮的作用,也可用於胎盤滯留(胞衣不下)。

死胎不下,老師寫水腑穴,其實死胎不容易下來,還是可以按照胎衣難下來扎, 針內庭、至陰、火包這些穴。我也用調胃承氣湯加減治過死胎不下,效果迅速。

治療難產,十四經方面最常用的就是至陰穴。火包穴單用雖有效,但配合加三陰交穴更好。三陰交穴配火包穴及至陰穴一起使用,治療難產很有效。"
165,兒科,兒科,matched,婦兒科,第二節兒科,7603,"| 小兒夜哭   | 11. 膽穴;1010. 木枝穴                        |
|--------|-----------------------------------------|
| 小兒夢驚   | 1010. 正會穴、鎮靜穴(皮下針)                      |
| 小兒驚風   | 1010. 正會穴                               |
| 小兒各種風症 | 1111. 七星穴(三稜針)                          |
| 小兒高燒   | 1111. 七星穴(三稜針)                          |
| 小兒氣喘   | 22. 大白穴                                 |
| 小孩流口水  | 1010. 止涎穴                               |
| 小兒麻痺   | 44. 肩中穴、天宗穴、雲白穴、李白穴、下曲穴、上曲穴;66. 木鬥穴、木留穴 |",,"兒科方面,董氏奇穴記錄得比較少,但有幾個可以看看。小兒夜哭,取膽穴。有小孩夜裡哭得很厲害,家長按壓這個膽穴,小孩很快就不哭了。老師有寫著膽穴還能治心驚,小兒夜哭可能是受到驚嚇,害怕。

木枝穴也可以治小兒夜哭,老師認為小兒夜哭跟膽虛有關,木枝是治療膽結石的特效穴,所以基本上從膽來著手。

小兒夜夢多,夢驚常常一下子嚇醒,那就針正會穴或鎮靜穴,都有效。兩穴都在督脈上,鎮定作用很強。

小兒驚風,是小孩受到驚嚇以後,會抽筋發燒這類的病,就扎正會穴鎮定。

所謂小兒各種風症,多半是搖動震顫這類病變,會發抖害怕,嚴重的可以在七星穴用三稜針刺血,七星穴在頸部,本穴組之總樞、分樞與風府、啞門穴相鄰, 有鎮定祛風之作用。

小兒發燒也是以總樞穴為主,現在我們不用三稜針了,都用採血片。在上下左右各一針,安全很多,採血片的針尖也就一二分,用力刺都不會有危險。對於一些噁心嘔吐、受到驚嚇、風症,都可以在總樞,配合上面的風府、下面的啞門,就這樣三針,或者按照老師的七星針,總樞上、下、左、右各一寸,以一個方陣來點刺,效果很好。

老師說大白穴用三稜針治小兒氣喘。一般在大白穴這個地方,每個人都會有青筋,只是走向不太一樣,在青筋處刺血,可以治療小兒高燒、氣喘。

小孩流口水,針止涎穴,本穴在大指背第一節內側,且在肺經上,有補氣收攝之效。又,脾在液為涎,口水多與脾有關,止涎穴透過手足太陰同名經相通,肺與脾通,能治口水多。注意小孩流口水是偏熱,看到好吃的東西胃活動了,流口水,需要清火,針滎穴。止涎穴在滎穴的位置,效果很好。

如果大人流口水,要針水通或者水金,順氣理氣。有些人中風以後口水流出來,就要針水通。還有喉嚨不對勁出怪聲,例如小兒穢動症,患兒的喉嚨會發出奇怪的聲音,其實是痰作怪,紮了水通以後,喉嚨發怪音就少了。

就這樣,大人流口水,針水通或者水金,小孩流口水針止涎。

小兒麻痺現在很少了,當年因為腦膜炎流行,腦炎發燒的後遺症就是肌肉萎縮,小腿萎縮不長肉,走路一瘸一拐。我們看老師的取穴,表面上很多穴,其實只

有兩組:一組是肩部的穴,有肩中穴、天宗穴、雲白穴、李白穴、下曲穴、上曲穴等,肩部肌肉多,能健脾,以肉治肉,治療肌肉麻痺、無力、肌肉萎縮。這幾個穴每次可選三四穴輪針。一組是腳上的木鬥穴、木留穴,這兩穴位於足第三、四趾之間,胃經支脈行於此,陽明經多氣多血,調氣血作用甚強。

小兒病就給大家簡單地介紹到這裡。

# 第八章

## 皮膚外科",,
166,皮膚病,皮膚病,matched,皮膚外科,皮膚外科,7653,,"| 皮膚病        | 11. 指駟馬穴;44. 後枝穴;88. 駟馬中穴、駟馬上穴、駟馬下穴 |
|------------|-------------------------------------|
| 皮膚病(頸項皮膚病) | 44. 肩中穴(有特效)                        |","皮膚病的總治穴位就是駟馬上中下,可以解決很多問題。頸項皮膚病,針肩中穴(有特效)。

駟馬上中下及後枝穴、肩中穴、都在肉多的地方,肌肉鼓出來的部位為陽,能調陽、調氣,並且有推動、溫煦、防禦、固攝、氣化等作用,其氣向上、向外,故能治氣病、陽病、皮膚病。","- 1. 駟馬穴特效。
- 2. 耳尖或耳背刺血特效(維杰特殊經驗)。","各類皮膚病,針駟馬上中下都有效,再配合耳尖刺血,幾乎所有的皮膚病都

可以解決。"
167,皮膚敏感,皮膚敏感,matched,皮膚外科,皮膚外科,7680,,"皮膚敏感

88. 金前下穴、金前上穴","皮膚敏感,可以針金前上、下,這兩個穴在膝蓋上面,穴名金,與肺有關,肺主皮膚,能治皮膚敏感。兩穴一在梁丘下一寸,一在梁丘上一寸半,包圍梁丘穴,梁丘為胃經郄穴,多氣多血,作用於肺(氣)肝(血),故此兩穴治療與肺及肝風有關之病。","- 1. 駟馬穴特效。
- 2. 耳尖或耳背刺血特效(維杰特殊經驗)。","治療皮膚敏感,可以在金前上、下穴扎針,我還是用駟馬為主,另外,在耳尖或者耳背點刺也很好。

治療皮膚敏感可以隔日針駟馬穴,每週在耳尖或者耳背點刺一次。"
168,牛皮癬,牛皮癬,matched,皮膚外科,皮膚外科,7703,"牛皮癬,西醫稱為""神經性皮炎"",是以陣發性皮膚瘙癢和皮膚苔蘚樣變為主症的慢性炎症性皮膚病。好發於四肢的外露部位,以頸後部和頸側面,四肢伸側,尾骶部等處最為常見。以皮損潮紅、乾燥、脫屑為主症。先有區域性瘙癢,搔抓後出現圓形或多角形扁平丘疹,密整合群,日久丘疹融合成片,皮膚增厚乾燥,皮紋加深而呈苔蘚樣變,皮損處有陣發性劇烈瘙癢。本病較為頑固,容易復發。情緒變化、區域性摩擦常為誘因。

中醫認為血熱為本病的主因,由於平素血熱,外受風邪,而致血熱生風,風盛則燥,故皮損潮紅、脫屑;風燥日久,傷陰傷血,而致陰虛血燥,肌膚失養,故皮膚乾燥,迭起白屑。","牛皮癬

88. 駟馬中穴、駟馬上穴、駟馬下穴","來看牛皮癬,老師就是扎駟馬穴。

駟馬上中下,一是在肉多的地方,肌肉鼓出來的部位為陽,能調陽、調氣,其氣向上、向外,走表分,走氣分,故能治氣病、陽病、皮膚病;二是穴位都在足陽明胃經上,陽明經多氣多血,善於調營衛,治皮膚病甚好。","- 1. 駟馬穴特效。
- 2. 耳背瀉血特效(維杰特殊經驗)。","牛皮癬是一個很複雜、很難治的病,當年董老師就是隻針駟馬上中下,效果很好。老師沒有在耳背、耳尖刺血,後來我在耳背或耳尖配合刺血,好得更快。如果牛皮癬比較多地長在肩膀、脖子一帶,可以加一個肩中穴。

我們講過""諸痛癢瘡,皆屬於心"",董氏奇穴書上的駟馬中穴,是從大腿中九里往內三寸。實際臨床,要從中九里往內三寸半,它剛好在膝蓋外緣上面直線上,如果再往裡面一點,甚至接近於四寸,靠近內通關,有的時候效果會更好。駟馬往裡面貼近治心的通關、通山,除了肺主皮膚,也配合了從心來治。如果不這樣做也沒關係,用駟馬上中下就已經治到肺主皮膚了,再配合耳尖刺血,心開竅於耳,也就治到心了"
169,青春痘,青春痘,matched,皮膚外科,皮膚外科,7734,,,,"- 1. 駟馬穴特效。
- 2. 耳背或耳尖刺血特效(維杰特殊經驗)。
- 3. 背部刺血特效。

按:加迎香穴牽引尤佳。","青春痘,俗稱粉刺,還是針駟馬穴特效,可以每隔一個星期在耳尖或耳背刺血一次,快則五天就可以再刺。加個迎香牽引,效果更快。面部屬陽明,迎香是手足陽明的交會點。

曾經治過一位女士,還有兩週就要結婚,臉上長了很多青春痘,可能是因為心情有點緊張,又熬夜,火氣大。她心情很急,拜託我扎針,我就讓她每隔一天來扎一次,我就是針駟馬,加配迎香,然後每三天再在耳尖或耳背點刺,紮了大概十天共五次就已經好了,這樣比較密集的扎針,患者皮膚變得白嫩許多,高興地結婚去了。

用駟馬治療青春痘,好了以後皮膚會變得白嫩,甚至有些人臉上都已經有一點小疤了,紮了以後都會收口,大一點就很難講了。這個青春痘,一般來的時候,患者常常都是臉很紅,紮了駟馬,並在耳尖刺過血以後,幾天臉色就變白了、不紅了,痘痘開始減少,然後繼續扎,痘痘沒了,臉也變白了。很多經過駟馬紮過的人,皮膚又白又嫩,可見這個駟馬還有美容作用。

青春痘要注意幾點:第一少吃甜的;第二少吃油;第三少曬太陽,曬太陽容易火旺,臉上就容易長青春痘,為什麼年輕孩子容易長痘,他正在發育,是火旺之體,曬太陽比較多,火就更旺,洛杉磯長青春痘的挺多的,因為太陽大;第四大便要通,大便不通就上火;第五睡眠要夠,睡眠不夠也會上火;第六要多吃瓜果蔬菜;第七要多洗臉,青春痘的臉都是油油的,很容易出油,要多洗臉。掌握這幾點,不治療,痘也會少一半。本病不難治,效果也好,而且治好了還是一個活廣告。能夠治好半身不遂及青春痘,病人就會增加,因為滿臉青春痘大家都看得到,病好了人家會問你哪裡治的,半身不遂本來一瘸一拐的,後來不拐了,人家也會問你哪裡治的,這就是個廣告效應了。"
170,風疹塊(蕁麻疹),蕁麻疹、風疹,matched,皮膚外科,皮膚外科,7756,"蕁麻疹俗稱""風疹塊"",也稱""風疹疙瘩"",各種病因均可導致蕁麻疹,是一種常見的過敏性皮膚病。

發生風疹塊的原因很多,常見的有以下幾種:食物、藥物、吸入物、接觸物、物理因素、感染、內部疾病、遺傳。

大家叫它""風疹塊"",是因為它來得快,去得也快。病人突然覺得全身發癢,隨之出現皮疹,呈白色、淡黃色或紅色,周圍繞有紅暈,往往為環形,疹之大小不定,多易互相融合成大片。這種皮疹,往往在幾小時內就完全消失,不留任何痕跡,但不久之後,新的皮疹又迅速出現,或時消時起。少數病人因充血過劇而遺留色素沉著。

蕁麻疹多為急性,經過治療一般在幾天之內痊癒。但是,也有相當一部分患者經久不愈,轉變為慢性蕁麻疹,可長達數月甚至數年。",,,"- 1. 耳背或耳尖點刺出血特效(維杰特殊經驗)。
- 2. 駟馬、肩中、九里穴。

十四經效穴:曲池、血海、三陰交,神闕(火罐)。","風疹塊就是蕁麻疹,是常見的皮膚病,常常是食物過敏就加重了,也有人是吹陣風就加重,有些人冬天找個椅子一坐,皮膚一涼,就滿身起疙瘩。

治法還是以駟馬為主,然後耳尖點刺。有一個自我輔助治療的好方法,可以幫助蕁麻疹加速痊癒。叫患者回家拔火罐,早中晚各拔一回,每回拔三次,每一次大概是三分鐘,三分鐘起罐再拔,早上三次,中午三次,晚上三次。幾天以內,蕁麻疹就不發了。因為蕁麻疹跟免疫功能有關,神闕是我們的元氣所在,在神闕穴拔火罐能補任脈之虛,並有行氣活血、驅風祛邪、補益扶正作用,可以增強免疫功能,邪不可幹,則虛風能消。

很多人過去都得過蕁麻疹,然後就好了很多年,可能一陣子生活壓力緊張,或面臨某一個重要工作時,或者吃了一頓大酒席之後,就又發作了。經常發作,就是針駟馬,耳尖點刺。

十四經方面,用曲池、血海、三陰交也可以,這是一組。曲池在大腸經,因大腸與肺相表裡,肺主皮毛;手陽明經多氣多血,此穴能調理氣血。又此處肌肉豐厚,走表分、陽分,治皮膚甚好。血海在脾經上,因脾統血,血海又為理血要穴。三陰交為脾肝腎三陰經交會,善於調血。所謂""治風宜治血,血行風自滅"",所以曲池、血海、三陰交三穴相輔為用,可以達到疏風邪、散瘀血之目的。

如果是上部發得比較多,針刺時可以加用肩中穴,下部發得多可加刺九里

(風市穴)。此兩穴肌肉豐厚,皆能走表分、陽分,治皮膚甚好。

蕁麻疹不管怎麼樣的狀況,要注意吃東西,不要吃發物,雞、蝦等都很容易復發。"
171,溼疹,溼疹,matched,皮膚外科,皮膚外科,7793,"溼疹是常見的過敏性皮膚疾病,皮疹形態為多形性、瀰漫性、對稱性分佈,不斷有滲出液,可發生在全身各處,複發性很強,病程遷延。

溼疹發病原因很複雜,主要決定於兩個因素:一是病人的過敏體質;二是致敏因素。但內因是主要的,也就是過敏體質起主導作用。引起溼疹的原因很多:氣候季節變化,如寒冷、日光、溼氣等;日常所及,電氣、接觸及吸入物、羽毛、灰塵、花粉、染料、塑膠製品等;食物特別是蛋白質,如魚、蝦、蟹、蚌、雞蛋、牛乳、糖類等。還有病灶感染、代謝障礙、內分泌功能失調、腸寄生蟲、腸功能紊亂,均會引起溼疹。中醫認為溼疹的病因亦以內因為主,不外溼熱風三者。

嬰兒皮膚最敏感,吃東西稍不注意即易患溼疹,肥胖的人比身體瘦的易於患溼疹。

根據溼疹的病程和皮疹形態,可分為急性、亞急性和慢性三種。不論急慢,溼疹有一些特點:好發於四肢屈側,呈對稱性發作;有劇烈瘙癢;常呈多形性皮疹,即紅斑、水皰、出疹、糜爛、結痂同時存在,或以某一種為主;滲液傾向明顯,縱然慢性溼疹,搔抓後亦易滲液形成糜爛;病程反覆,不易徹底治癒。

對於溼疹的防治,首先要找尋和去除誘因。在日常生活中忌飲酒,不要吃辛辣、海鮮等食物。避免外來刺激,如搔抓、燙洗、冷浴,更不可用肥皂。要防止繼發感染。",,,"- 1. 駟馬穴特效。
- 2. 耳背或耳尖刺血特效(維杰特殊經驗)。
- 3. 手解穴。

十四經效穴:曲池、血海配三陰交。","溼疹也是常見的皮膚病。溼疹和蕁麻疹的不同,一屬風一屬溼,蕁麻疹常常

是突然就來了,一陣兒就過去了,就如同風。溼疹屬溼,溼為陰邪,是很纏綿的,絕大多數都是長在陰暗的、有皺紋的地方,像腹股溝、耳朵後面的皺褶等,還有小腿腳踝附近,它是屬於陰邪。治療陰邪,扎針要扎陽的部位,董氏奇穴一些穴位,如駟馬、火腑海、肩中等穴,肌肉肥厚屬陽,十四經的曲池肉厚,也屬陽,以陽來治陰最好。

溼疹基本上還是要針駟馬,然後在耳尖刺血,但要考慮溼疹多半長在下半身小腿和腳上,""治風宜治血,血行風自滅"",要取除風、理血的穴位來針。古人治皮膚病常用曲池、血海、三陰交,這是我們治療溼疹、風疹都常用的通治穴位。因為溼疹常在小腿、腳踝上下最多,三陰交能夠理血分,針此也有牽引的作用,能把其他穴,諸如駟馬等的效果作用帶過來。

也可以針肩臂的穴位,因為肩臂的穴位在大太極全息的""手軀逆對""中,對應到下部,溼疹發生在下部居多。溼疹要健脾去溼,所以還是駟馬為主,可以取曲池、血海、三陰交為輔針。或者以駟馬為主針,配三陰交(人皇)也可以。

在耳尖刺血很重要,皮膚癢是越煩越癢,耳尖刺血的作用就是能使人平心靜氣,為什麼呢?大家知道在耳尖刺血是治失眠第一特效針,它能夠治失眠,就是能夠讓人鎮定。心開竅於耳,有鎮定的作用。此外,""諸痛癢瘡,皆屬於心"",所以皮膚病常常在耳尖刺血,是很有道理的。

我們為什麼說""諸痛癢瘡,皆屬於心""?這些皆跟神志有關,你越煩躁越癢,越怕痛越痛,因此手解穴治蕁麻疹也很好。手解穴即少府穴,是心經的滎穴,火經火穴,鎮定及清火作用都很強,對於各類的癢症都很有效,主要因為它能鎮定。

在洛杉磯,到了冬天才會下雨。冬天來臨之前,秋天的9月底至11月初,很多人的皮膚很癢,都抓破了,尤其是老年人,因為天氣太燥了,燥癢需要養血潤燥。治療燥癢最有效的穴位是哪裡呢?就是手解穴。好幾位老先生來時皮膚很癢,扎手解穴,馬上就覺得不癢了。手解穴可以治療皮膚燥癢,透過雙向調整,對於溼癢也有效,整體來說,手解穴能讓人鎮定,還能清火。很多癢症都會使皮膚顏色改變,尤其是蕁麻疹,抓得一塊一塊紅紅的,""病變於色者取之滎"",手解為滎穴,治療紅癢,療效很好。還可治陰道瘙癢。

治療溼疹,基本上就是駟馬配三陰交為一組,另外一組就是曲池、血海,配三陰交,兩組都要在耳尖刺血。溼疹比蕁麻疹要難治一點,因為溼為陰邪,最纏綿。"
172,異位性皮炎,異位性皮炎,matched,皮膚外科,皮膚外科,7834,"異位性皮炎(Atopic Dermatitis, AD)是一種頑固而易復發的皮膚疾患,是嬰兒、兒童及少年最常見的慢性皮膚病。本病病因不明,但一般認為與遺傳、免疫及多種環境因素(包括壓力、飲食、過敏原、環境汙染、住宅環境變化)相關。

本病最大的特徵就是呼吸系統疾病(氣喘、過敏性鼻炎)與溼疹交替進行, 交替惡化,甚至會變成長期的支氣管炎或氣喘。

本病好發於肘部、膝部、膝後窩,且常呈對稱性發作,所以稱作""四彎風""。皮疹多種多樣(多形性損害),急性者常見潮紅、丘疹、水皰、流液、結痂並存;慢性者有鱗屑、苔蘚化等損害。皮損有融合及滲出傾向。

中醫認為風勝則劇癢,遊移(泛發);溼勝則滲液;燥勝則粗糙脫屑,呈苔蘚化;有瘀則肥厚並色素沉著。",,,"- 1. 駟馬穴特效。
- 2. 耳背或耳尖刺血特效(維杰特殊經驗)。
- 3. 分枝上下穴(維杰特殊經驗)。

十四經效穴:曲池、血海配三陰交。","異位性皮炎現在日益增多,跟飲食很有關係,我們小時候吃的都是當地當季的食物,沒有問題,現在由於交通空運便利,冷凍發達,可以吃到不同地區、不同季節的食物,小兒臟腑幼嫩,發育不全,無法承受。加上週邊人家養寵物,以及環境空氣汙染等,都跟本病的發生有很大關係。

由於身體無法承受,就要向外排斥,肘彎系手太陰為開,腿彎系足太陽為開,就從肘彎、腿彎向外排出,肘部、膝後窩,最為明顯,稱作""四彎風""。

對於本病之治療,針灸效果甚佳,可大幅縮短療程。可用董氏奇穴分枝上下穴解毒,治小兒異位性皮炎。其次,可針駟馬穴,專治各種皮膚病。分枝上下穴與駟馬上中下兩組交替,每週針 2~3 次。若幼兒太小,不適合扎毫針,則每週在耳尖輕微點刺,出血幾滴,瀉其血熱,療效亦佳,蓋耳為手足少陽太陽之交會點,少陽主風,太陽主表。

十四經穴則針曲池、血海、三陰交,搭配耳尖點刺,效果很好。"
173,其他皮膚病,其他皮膚病,matched,皮膚外科,皮膚外科,7864,,"| 臉面黑斑                     | 11. 指駟馬穴                    |
|--------------------------|-----------------------------|
| 全身發癢                     | 1111. 分枝上穴、分枝下穴             |
| 狐臭                       | 44. 天宗穴、李白穴;1111. 分枝上穴、分枝下穴 |
| 久年惡瘡、惡瘤開刀後刀<br>口流水不止,不結口 | 11. 制汙穴                     |","這裡看一下其他的皮外科,**臉面黑斑**,針指駟馬,雖然方便,但效果不如大腿上的駟馬穴。

**久年惡瘡、惡瘤開刀後刀口流水不止,不結口**,針制汙穴,非常有效。很多人腳破了、手破了,好幾個月甚至好幾年不收口,在制汙穴刺血就收口了。

有少數例外的,並非穴位沒有作用,而是護理不夠。我曾治過一個病人,腳底流膿兩三年了,一直不收口。扎針刺了幾次血沒有效,為什麼呢?後來發現,他因為癌症,腿開刀割掉了一大塊肉,下腿部的知覺很遲鈍,所以他的腳一直踩壓著傷口,後來就叫他在腳底傷口附近墊幾塊棉花紗布,腳踩下去就不會直接壓到傷口,這樣處理後很快就好了。遇到這種狀況就要考慮,扎完針為什麼仍一直不收口呢,因為一直還在壓迫那裡,所以就要在旁邊做個保護,不要直接壓到傷口,很快就好了。

**治療狐臭**,針天宗穴、李白穴、分枝上穴、分枝下穴,都在肩膀前後,天宗、李白在肩膀上,分枝上下在背後,屬於區域性治療。

全身發癢可能為食物中毒,或藥物性中毒,針分枝上下穴,有解毒作用。本穴為解毒要穴,治療還包括被蟲子咬傷,老師還寫了原子塵中毒。原子塵中毒,現在我們用在放療後遺症,很多人患癌症都要做放射治療,放療以後會有一些症狀,就可以針分枝上下。或者是做化療,化療以後頭髮掉了,或者有其他毛病,也可以在分枝上下扎針。這個穴在後背腋窩上面,小腸經在那裡繞行,小腸經氣所發的地方

就是後背,小腸經是泌別清濁的,所以它有解毒作用,小腸經屬手太陽,亦為開闔樞之開,針後可以從小便、大便排掉一些東西,所以能治療中毒一類的病變。

好,以上這些,就是皮膚病的治療方法,總治就是針駟馬上中下穴,在耳尖或者耳背刺血是最基本的輔助治法。如果是因為某些毒素中毒,可以針分枝上下穴,治療皮膚病就是這樣。",,
174,痔瘡,痔瘡,matched,皮膚外科,皮膚外科,7892,"痔瘡是因痔靜脈曲張而引起的肛門疾患,是肛門最常見的一種疾病。其主要症狀為肛門部脹痛或刺痛,異物感或下墜感,便後有腫塊脫出肛門,大便帶血或便後帶血。根據痔的部位可將其分為三種,凡表面是黏膜的稱內痔;表面是皮膚的稱外痔,內外痔同時存在的稱混合痔。中醫學認為多由嗜食辛辣,飲酒過量,溼熱下注,或久坐久立,過度負重,房勞過度,長期便秘以及妊娠等,致使氣血失調,經絡阻滯,瘀血濁氣下注肛門所致。","痔瘡痛

33. 其門穴、其角穴、其正穴","治療痔瘡,老師的書上寫了其門穴、其角穴、其正穴。這三穴均位於大腸經上。董師對此三穴之原刺法是:拳頭直放,正拳,亦即三間及合谷穴在上,用皮下針,自大腸經向小腸經方向皮下橫刺(也是皮下刺),皮下刺與肺應,能治大腸病。

我用此三穴有另一刺法:針刺時採皮下刺,自其正透向其角,或其角透向其門。這就是皮下針法。

其門、其角夾偏歷穴,在腕太極中,與肛門陰部對應。偏歷與支溝、二白在同一水平上,亦皆與肛門陰部對應。又其角、其正夾溫溜,溫溜系大腸經郄穴,有調理氣血之功,故能治痔瘡及脫肛。","- 1. 在委中穴點刺出血(放血)特效。
- 2. 針其門、其正、其角穴有效。

十四經效穴:商丘、承山。","治療痔瘡,老師的書上只寫著其門、其角、其正,但老師並不用這些穴位,一般都在委中穴刺血,極為特效。

治療痔瘡單用其門、其角、其正雖能見效,但較費時,要把痔瘡消掉,至少也要五六次。

老師治療痔瘡,就叫病人趴下,在委中刺血。往往刺血一次,就見大效。我個人單獨用委中點刺出血,治療一次而愈者,不乏其人。

十四經的商丘、承山,針刺有效,但最好用的還是在委中刺血。許多人在委中有青筋,在下面一些的承山穴也有青筋,委中與承山一起刺血,出血量足,往往一次痔瘡就好了。委中刺血,一般是趴在床上放,若是站著放,趴靠在牆上,腳往後挺,委中的青筋血管鼓出來,就比較好刺。但要小心,血可能會噴很遠。

## 附:談談刺血

關於刺血,各位可以看看我寫的《董氏奇穴原理解構》一書。該書對""三稜針之適應範圍""""常用之三稜針刺法""""三稜針之經驗操作""""三稜針施針準備事項""""三稜針施針注意事項""皆有詳細的解說。

我的刺血有6種刺法,包括點刺、鑽刺、散刺、挑刺、剉刺、飄刺等,各有其妙。

- 1. 點刺屬於快速刺法,用在井穴及耳尖、耳背,因為穴位小,只要輕輕一點就出血了,刺手上井穴可用較細之三稜針,或測糖尿病之採血片亦可。點刺亦適用於四肢如委中、尺澤等及背部腧穴。用針可稍粗些,由於針體較大,雖進針淺,但進氣量夠(針孔略大),很易出血。進針時對準血管快速直刺。背部看不見血管,也可用此法。董老師放血最常用點刺法。
- 2. 鑽刺屬慢速刺法,以傾斜角度略似毫針之斜刺或橫刺,以15°~30°之間的角度進針,緩緩地刺入淺靜脈血管中,此法最適宜頭部太陽穴出血。太陽穴由於肌肉較淺,後面是頭骨,不能直刺,用此法最妥。既不痛,又容易出血。此法也適用於四肢,因目前用針較細,必須刺入一定深度,出針後始易出血。有人不論所有的血管都斜刺。斜刺有一個好處,空氣比較容易進去,其實刺血能刺出多少,跟空氣的進氣量有關。雖然針較細,但因鑽進去較深,空氣進氣量大,一出

針,血就出不少。

- 3. 散刺是用三稜針散在地多點刺激皮膚,以輕微見血為度,也可用梅花針代替,常用於治療丹毒、疔瘡、皮膚麻木、脫髮、神經性皮炎等皮膚病。
- 4. 挑刺在施術部位或反應點,用三稜針挑破淺層皮膚,然後再向深層挑斷組織纖維。多用於痔瘡、眼疾、羊毛痧等。
- 5. 挫刺主要用於治療口歪眼斜之口腔刺血。施術時三稜針與口腔黏膜接近平行。刺血時,除了用三稜針尖刺出血外,三稜針的三個面也像銼刀一樣,同時挫破皮膚,出血量會較單以針尖出血為多,較佳。
- 6. 飄刺是學生對我刺血法的稱呼,主要用在肘彎、腿彎、小腿陽側,如蜻蜓點水般地一接觸到血管,血就出來了。方法是將針尖對準血管,輕輕往下一壓,隨即快速提起,即能見血流出。此法最為輕盈,既不痛,又出血快且多。刺血技術只要到位,手法漂亮,病人也不會害怕,因為很容易就出血了。

點刺及鑽刺,主要針對外浮較大之青筋(靜脈)刺血,是目前三稜針最常用的刺法。

上述幾種刺法,刺血前,皆應讓穴位先充血,刺血才能不痛,又出血多。

# 其他疾病

## 第一節四肢軀幹

現在我們看其他疾病,先看四肢軀幹。有關四肢軀幹的疼痛已經在""痛症""一章講過了,這裡要講的是從疼痛方面分出來的,諸如手指麻、腳趾麻等,就在這一章講述。

## 上肢疾病"
175,手指麻,手指麻,matched,其他疾病,第一節四肢軀幹,7963,,"|     |                  | * |  |
|-----|------------------|---|--|
| 手發麻 | 66. 火菊穴          | N |  |
| 手麻  | 77. 人皇穴;88. 中九里穴 |   |  |","董老師在書裡說手發麻用火菊穴,手麻用人皇、中九里。

火菊穴、人皇穴皆在脾經,脾主四肢,可治手麻。手麻與血壓高或頸椎病有

關,火菊穴能治療高血壓、頸項扭轉不靈,而能治療手麻。火菊穴在腳上,與手掌相對應,亦系原因之一。

很多人手麻與頸椎骨刺有關,中九里穴能治骨刺,效果甚好,本穴所以能治療骨刺者,一則因足少陽主骨,一則因內有支撐身體最重要之長骨,以骨治骨也。

此外,手麻與腕管綜合徵、末梢神經炎有關,火菊穴、人皇穴、中九里穴基本上都能治得到。","- 1. 針腎關穴、復溜穴特效(維杰特殊經驗)。
- 2. 針火菊穴有效。
- 3. 九里穴。
- 4. 木鬥、木留穴。
- 5. 對側五虎一穴。
- 6. 側三里、側下三里穴。

十四經效穴:頸腰骨刺三針:人中、後溪、束骨(維杰特殊經驗)。","治療手麻,針火菊穴、九里穴有效,前面已經講過。老師常用火菊穴,我也常用。

治療手指痠麻或不靈活,我的經驗用腎關(天皇亦可)單取有效,配復溜合用更佳,腎關配火菊穴也常用治手發麻。

木鬥、木留治療無名指、中指麻比較有效,因為它在腳的三四趾間,能與手指相對應。

五虎一穴治療手麻很好,我常用五虎一,不但治手痛也治手麻。針手上就用五虎一,針腳上就用腎關、復溜,或者是腎關、火菊。腎關在小腿的位置,跟火菊在腳的位置是對稱的:我們用腎關來治前頭痛,也可用火菊來治前頭痛;腎關能治肩膀、手麻,火菊也能。我過去用腎關配復溜,現在常用腎關配火菊。

手麻用側三里、側下三里也有效,這兩穴能治療的範圍很大,從手指、手腕到肩臂、偏頭都有效。我在西班牙講課時,有位醫師手麻,示範時我紮了側三里、側下三里,馬上就感覺輕鬆。

但有些手麻是嚴重的頸椎骨刺壓迫所致,治療頸椎、腰椎骨刺,我最常用的

一組針,就是骨刺三針:人中、後溪、束骨。有人稱此為""楊三針"",如果加中九里(風市),就叫骨刺四針,效果非常好。但風市穴不太方便,要脫衣服,所以平常我不針,只針人中、後溪、束骨就可以。

如果不是骨刺導致的,只是單純的手麻,那麼火菊與腎關就很好。"
176,中指麻,,not_in_standard_terms,其他疾病,第一節四肢軀幹,8015,,,,"- 1. 通關、通山有效。
- 2. 火串。

十四經效穴:內關甚效。","中指麻,與心包經有關,董老師針通關、通山。針火串也有效,因為火串為三焦經穴位,三焦與心包經相表裡。我一般針內關穴,如果針感一下兒傳到中指, 效果更好。"
177,手抽筋,手抽筋,matched,其他疾病,第一節四肢軀幹,8028,,手抽筋 33. 火陵穴、火山穴,"手抽筋多半指的是手千金、手五金、火陵、火山這一帶,針對側的火陵穴、火山穴,這兩穴都是三焦經的穴位,火陵穴在火串穴後面2寸,火山穴在火串穴後面3寸半,是等高對應的應用。","- 1. 針對側火山穴。
- 2. 曲陵、搏球。","針對側火山穴,是遵循老師針法。針曲陵,貼筋進針,是以筋治筋,一般可針同

側,對側也有效。針搏球或者承山,也是以筋治筋,可以針對側,以腳上對應到手。"
178,兩手拘攣,兩手拘攣,matched,其他疾病,第一節四肢軀幹,8051,,,,"- 1. 瀉曲陵穴,針腎關穴(維杰特殊經驗)。
- 2. 重子、重仙(維杰特殊經驗)。
- 3. 側三里、側下三里。","兩手拘攣,針重子、重仙很好。這兩穴治療手不能伸攤很有效。有些喜愛喝酒的人,酒喝多了會變成書痙,書痙就是手痙攣,伸不開,常常要用另外一隻手去掰,針重子、重仙很好。我用側三里、側下三里也可以治,但是比較常用重子、重仙。

瀉曲陵也非常有效。手伸不開,瀉了曲陵,再針腎關,或者針重子、重仙,效果更好。重子、重仙或腎關,或側三里、側下三里,都是針對側,瀉曲陵則是同側。

我前天上課示範了兩位肩膀抬不起來的學員,都當場抬起來了,你們有注意到我用的是哪一側?是同側,一般我瀉曲陵都是同側,它可以治肩凝肩膀抬不起來,也可以治療手的痙攣,手凝。

中風半身不遂,很多人就會手腳痙攣,腳的痙攣,內翻外翻比手要難治,這種情況可以在委中刺血,痙攣多半在腳踝附近,可以針小節穴。

## 下肢疾病"
179,腳抽筋,腳抽筋,matched,其他疾病,第一節四肢軀幹,8073,,腿轉筋 77. 搏球穴,"腿轉筋一般指的是小腿肚抽筋,針對側搏球穴有效,系等高對應的應用。搏球

穴位於小腿肚,此處為塊狀之肉,主筋。本穴在筋下,以筋治筋,可舒筋活絡,調理臟腑功能,同承山一樣可用治腿轉筋及痔疾,極有效。與承山倒馬並用,療效更佳。","- 1. 針正筋穴有效。
- 2. 針次白穴(維杰特殊經驗)。
- 3. 肝門(維杰特殊經驗)。
- 十四經效穴:承山。","小腿抽筋,針正筋有效,正筋在跟腱上,可以以筋治筋。

小腿抽筋一般多發生在小腿中段承山穴周邊,針肝門甚效。肝門穴位於前臂中段,手足對應,而且在手太陽經,對應到小腿足太陽經中段,治療腿抽筋極好。

腿抽筋的狀況很多,走路走多了,腿就可能抽筋,或晚上睡覺時,腿伸在棉被外面受涼,也可能會抽筋。以手對應腳,來治療小腿肚抽筋非常好。同理,手抽筋也可以足對應手來治療,針相對的承山穴、搏球穴。

另外,我用次白穴也是非常好,次白穴位置在手上第三四指中間後面五分, 對應到腳的木鬥、木留,跟肝、筋有關係,所以次白穴也治抽筋。

治療腿轉筋,我經常在手上扎針,正筋就不針了,搏球,老師說可以針,我也不用了,我就用次白和肝門,有效而方便。

少數人大腿也會抽筋,針刺正筋、搏球也有效。有時連腳也會抽筋,就是腳掌心一帶抽筋。腳掌抽筋針次白穴比較好,小腿肚抽筋針肝門比較好。不論腿腳抽筋,也可以兩個一起用。"
180,腳痠軟、發脹,腳痠軟脹,matched,其他疾病,第一節四肢軀幹,8108,,"| 兩腿痠軟 | 1010. 正會穴、鎮靜穴(皮下針)           |  |
|------|------------------------------|--|
| 腿痠   | 33. 火腑海穴;44. 水愈穴             |  |
| 小腿發脹 | 33. 手五金穴、手千金穴;1111. 精枝穴(三稜針) |  |","我們看腿痠軟及發脹。董老師原書寫的是:**兩腿痠軟**,針正會、鎮靜;腿痠針火腑海、水愈;小腿發脹,針手五金穴、手千金穴、精枝穴(三稜針)。

正會穴及鎮靜穴在督脈上,有扶陽及鎮定作用,常用在中風後遺症之兩腿痠軟。

火腑海在手臂肌肉比較肥厚的地方,可以健脾,治療**腿痠無力**,而且前臂對應小腿。

水愈穴位置與小腸經之臑俞相符,臑俞穴在腋後直上,肩胛骨下緣,則水愈穴亦位於活動中樞下緣,此穴對應於腎,腎為作強之官,與體力有關。又,穴在小腸經上,基於手足太陽經相通,""小腸與脾通"",能去溼,治腎炎、腎結石、腰痠腰痛、蛋白尿等,此亦皆系健脾作用。水愈的用法,主要是以三稜針刺血為主。

以上兩腿痠軟、腿痠,應包括大小腿。

小腿發脹,不論側面還是後面,我們用手千金和手五金都是有效的,在手上扎針治腿,放射得比較遠。這兩個穴在筋的後面、骨的前面,可以筋骨並治,治療坐骨神經痛也很不錯,治療小腿足酸難行有效。

精枝穴包括金精、金枝兩穴,分別位於背上第二椎及第三椎旁開六寸處。以三稜針點刺出血,治療小腿痠脹疼痛,效果極為迅速而突出。此二穴""以上治下"",合乎古法""瀉絡遠針""。","- 1. 針次白穴或是在委中穴上的青筋放血(維杰特殊經驗)。
- 2. 精枝穴點刺出血。
- 3. 三叉三穴(維杰特殊經驗)。
- 4. 對側九里(風市)穴。","我治療小腿痠軟及發脹,常用次白穴,治療大腿痠軟及發脹常用三叉三穴。三叉三穴治小腿痠軟及發脹難行也有效。若是小腿抽筋難行,我首選次白穴,如果大腿、小腿都有痠軟或發脹,那就只扎三叉三,可以加次白穴加強療效。"
181,腿軟無力,腿無力,matched,其他疾病,第一節四肢軀幹,8146,,,,"- 1. 針肩中、通天穴特效(維杰特殊經驗)。
- 2. 針木枝穴效亦佳。
- 3. 針水金或水通穴亦效。
- 4. 木火穴(治半身不遂、下肢無力)。","腿軟無力,我們針肩中,有些人上下樓梯,膝蓋無力且痛,這時針肩中最好, 肩中肉厚,也屬筋,能健脾增氣力,筋肉並治。早期我用通天,後來不用了,因為針大腿的通天,要把褲子捲起來,針肩中只要把衣袖捲起來,肩中還是比較方便。

很多老年人腿軟無力,我們就針木枝,木枝在膽經跟胃經交匯點,可以少陽陽明兩經並治,除了治膽結石以外,主要用於老年人。

木火穴可以治療半身不遂後的下肢無力,其實只要是半身不遂,開始治療都會先扎木火穴,針三四次,就不紮了,老師的書寫明第一次是5分,第二次3分,第三次1分。我則是第一次8分,第二次5分,第三次3分,第四次1分,可用四次,起針以後再扎肩中。配靈骨、大白更佳,可治半身不遂。

水金或水通有補腎作用,腎為作強之官,與體力有關,這兩穴治療老人腿軟無力甚效。"
182,腿麻,,not_in_standard_terms,其他疾病,第一節四肢軀幹,8165,,"| 腳麻   | 33. 手五金穴、手千金穴 | × ,  |  |
|------|---------------|------|--|
| 下肢麻痺 | 1010. 州水穴     | 14 x |  |","腳麻,針手五金、手千金,這兩穴基本上跟腳上的側三里、側下三里是對應的。側三里、側下三里治療手麻有效,手五金、手千金治療腳麻有效。

下肢麻痺針州水穴,本穴在督脈上,在後腦高骨之中央,對應脊椎,亦治脊椎。督脈之穴位有溫陽作用,本穴治下肢無力,與風府穴穴理類近。","- 1. 針肩中穴。
- 2. 手五金、手千金。
- 3. 背部雙鳳穴刺血。","治療腿麻,我用手五金、手千金,是基於手腳對應,原理及應用在前面已經介紹過了。

肩中肉厚,也屬筋,能健脾增氣力,筋肉並治。

背部的雙鳳穴刺血,手麻、腳麻都治,雙鳳穴位於第二椎旁開寸半,連續7個穴位。運用時選幾個穴,不必都用,可以選穴跳著針,比如:這次是1+3+5,下次就是3+5+7,再來就是2+4+6,隔穴針,選三個穴就可以,兩邊刺血。"
183,腳趾麻,腳趾麻,matched,其他疾病,第一節四肢軀幹,8195,,,,"- 1. 針下三皇穴(維杰特殊經驗)。
- 2. 針五虎三穴(維杰特殊經驗)。
- 3. 雙鳳穴點刺出血。","腳趾麻針五虎穴最有效,我的經驗是五虎三很有效,下三皇也有效,可是在下三皇紮了針,腳不能活動,用不上動氣針法,出針以後才知道它有沒有好轉。而五虎穴扎針之後,可以留針走走,就可以感覺好轉。

腳趾麻也可以在雙鳳穴刺血,具體操作可參看我在前面""腿麻""一節所講內容。

## 上下肢共病

這裡看看上下肢共病,包括手腳麻、手足血管硬化、四肢骨腫、四肢無力等。"
184,手腳麻及麻痺,手腳麻及麻痺,matched,其他疾病,第一節四肢軀幹,8215,,"| 手麻腳麻       | 1111. 雙鳳穴(三稜針)                        |
|------------|---------------------------------------|
| 手足血管硬化     | 1111. 雙鳳穴(三稜針)                        |
| 高血壓引起之手足麻痺 | 1111. 五嶺穴(三稜針)                        |
| 半面神經麻痺     | 22. 靈骨穴                               |
| 四肢神經麻痺     | 88. 內通關穴、內通山穴、內通天穴;1010. 正會穴、鎮靜穴(皮下針) |
| 神經麻痺       | 88. 中九里穴;1010. 後會穴                    |","手腳都麻,就以背部的雙鳳穴刺血為首選。手腳血管硬化也是以雙鳳穴為首選,具體操作請參考""腿麻""一節。

高血壓引起的手腳麻痺,可以在五嶺穴刺血,五嶺穴在背部,穴位很多,總共有40個,不必都扎,也是選擇性地針。依我的經驗,針雙鳳穴就可以了,因為雙鳳穴就貼在五嶺穴旁邊。

半面的神經麻痺,指的是半個身子麻痺,可以針對側的靈骨穴為主,單針此一穴不夠,要再加大白倒馬,或加九里穴,作用才大。半身不遂也是這樣治療。

四肢神經麻痺,老師是從調整血液迴圈著手,第一個就是內三通——內通關、內通山、內通天;第二個就針頭部的正會和鎮靜。正會穴及鎮靜穴在督脈上, 有通陽及鎮定作用,通陽就能治麻痺,常用於治療中風後遺症之四肢神經麻痺。

這裡把神經麻痺區分出來,單列一項,針中九里、後會。其實四肢神經麻痺也可以這樣針,後會鎮定及通陽作用很好,作為正會穴的倒馬針不錯,單獨用也很好。中九里的鎮定及通陽作用也很好,與後會可以一起配用。

神經麻痺和四肢神經麻痺,不必刻意區分。臨床時,治療四肢麻痺的正會,及治療神經麻痺的後會,可以組成一組,也就是正會與後會倒馬,效果很好。",,
185,四肢顫抖,四肢顫抖,matched,其他疾病,第一節四肢軀幹,8241,"四肢顫抖,在講""帕金森病""的時候已經講過了。雖然是四肢病變,這裡不

再重複。",,,,
186,四肢其他,,not_in_standard_terms,其他疾病,第一節四肢軀幹,8249,,"| 四肢無力 | 44. 落通穴;88. 內通關穴、內通山穴、內通天穴;1010. 州圓穴、州昆穴、州侖穴、州火穴 |
|------|--------------------------------------------------|
| 全身骨腫 | 11. 五虎穴                                          |
| 四肢骨腫 | 22. 腕順一穴、腕順二穴                                    |
| 肌肉萎縮 | 11. 指三重穴                                         |","治療四肢無力,老師的設穴,集中在三個部位。有肩臂的落通穴;大腿的內通關、內通山、內通天;還有頭上的州昆、州侖、州圓、州火。

肩臂的落通穴,大腿的內通關、內通山、內通天,都是肌肉豐厚的地方,能強脾健胃,治療四肢無力;又內通關、內通山、內通天能強心,治療心臟衰弱之四肢無力。這些都能以大太極之手軀順對,及大太極之手軀逆對解說其理。若再配合三焦對應之正象及倒象說明,就更能理解。

州昆、州倉、州圓皆在頭頂之上,至高之位,陽氣特盛,有溫陽升提作用,通陽之力強,故能治四肢無力。州圓、州昆、州侖皆在膀胱經上,足太陽膀胱""與肺通"",能治肺氣不足之病,如半身不遂、四肢無力、虛弱、氣喘等,亦系原因。

州火在耳朵上,為膽經循行所過,心與膽通,心開竅於耳。能治心血管病,如心悸、風溼性心臟病、四肢無力及腰痛。

全身骨腫,寫的是五虎穴,但是我們最常用此穴來治療類風溼關節炎的手指骨腫,一般取五虎一來治療手指僵硬與骨腫。

四肢骨腫,老師針腕順一、二穴。從全文看,""主治:腎虧之頭痛、眼花、坐骨神經痛、疲勞、腎臟炎、四肢骨腫、重性腰兩邊痛、背痛"",應是以腎虧為主的四肢骨腫。此處常作為腎虧之診斷點,腕順一、二穴掌緣軟弱無力多系腎虧,從補腎發揮可治療許多疾病,前述各病多系由腎虧而起,針之甚效。腕順一、二穴基於

手腳對應還治腳掌痛。貼骨進針,療效尤佳。

肌肉萎縮取指三重穴,力道太小,很少取用。","- 1. 五虎穴。
- 2. 腎美。
- 3. 腕順一穴。
- 4. 通關、通天、通山。
- 5. 明黃、天黃、其黃。

十四經效穴:陽陵泉、風市。開四關。","老師說的四肢骨腫或全身骨腫,一般指類風溼關節炎,這是常見病,特點是指頭僵硬,就是晨僵,一早起來手很僵硬,慢慢到了中午就好了,這是初期症狀。越來越厲害就骨頭都變形了。在手上,我們一般取五虎一來治療手指僵硬與骨腫。在腳上取穴,我們可以針陽陵泉、腎關,腎關可以治療十個手指痛,五虎可以治手指,也可以治腳趾,五虎一治手指,五虎三治腳趾。陽陵泉可治筋、骨的病變。

老師用通關、通山、通天治療四肢痛,改善血液迴圈,包括類風溼關節炎,不是三穴都扎,每次取兩穴,也可以搭配五虎穴。

類風溼關節炎我治過很多,《金匱要略》的桂枝芍藥知母湯,加上全蠍,非常有效。曾經有位患者找我看病,不方便扎針,我就開了桂芍知母湯加全蠍,差不多吃了兩個多月,後來知道我要到明尼蘇達州教課,就開車來找我看,再扎個針換個藥方。中間示範,要給她看病時,她說她很高興,最近檢查,類風溼關節炎的指數已經轉陰了,症狀也都沒了。那天就沒有給她扎針,類風溼關節炎本來是很難治的,我們治得不錯,她給當場的學員們帶來了很大信心。

四肢骨腫,老師寫的是腕順一、二穴。腕順一穴貼近後溪穴,後溪是我治療骨刺常用針,治療骨腫也有一定療效。治骨病要貼骨進針,療效較佳。

明黃、天黃、其黃在老師的書裡也寫了治療骨骼脹大,這三個穴主要治療脊椎骨刺,都在大腿上,下面是支撐身體最重要之長骨,能以骨治骨,療效

甚好。

十四經方面,治療四肢骨腫,由於足少陽主骨,可針足少陽經的風市及陽陵泉,配合開四關(合谷、太沖),效果更好。

## 第二節腰背病

### (一)董師原書設穴

腰脊椎骨彎曲

99. 金耳穴

#### 【解析】

腰脊椎骨彎曲,老師寫的針金耳穴,本穴相當於耳針之肺區。膀胱經自頭頂下於耳上緣,其經別貫脊,故能治脊椎病,然而耳朵上的穴位作用都慢,力道較小。如果只是閃腰岔氣、彎腰而行,針此效果尚好。若是治療慢性病,就要扎很久,還需配伍其他穴位。

### (二)臨床常用選穴

針明黃、其黃、天黃有效。

十四經效穴:灸脾俞跟肝俞。

### 【解說】

我們看腰背病,這裡的背脊畸形,應該指的是脊柱側彎,老師治療脊椎的病變都是針上三黃,即明黃、其黃、天黃。

治療脊柱側彎,最好是灸脾俞、肝俞,由於脊柱最容易側彎的部位,就是在這個區域。早期日本很多中學生,書包背得很重,之後就有脊柱側彎,有位代田文志先生寫了一本《針灸真髓》,是專門講艾灸的,他就在脾俞、肝俞灸治,治癒了很多患者,我們可以作為參考應用。"
187,脊椎畸形(脊柱側彎),脊椎側彎,matched,其他疾病,第二節腰背病,,,,,,
188,脊椎骨刺,脊椎骨刺,matched,其他疾病,第二節腰背病,8335,,"| 脊椎長芽骨(脊椎骨膜炎) | 88. 明黃穴、天黃穴、其黃穴               |
|--------------|-------------------------------|
| 消骨頭脹大(脹)     | 11. 復原穴;22. 靈骨穴;77. 四花中穴、四花副穴 |
| 骨骼脹大         | 66. 火硬穴、火主穴;88. 明黃穴、天黃穴、其黃穴   |
| 脊椎骨痛及彎曲困難    | 1111. 水腑穴                     |","脊椎長芽骨就是脊椎長骨刺,即椎間盤突出,老師針明黃穴、天黃穴、其黃穴 (上三黃穴),此三穴在肝經上,之所以能治療骨刺,是因穴內有支撐身體最重要之長骨,能以骨治骨。而且肝經與足少陽相表裡,足少陽亦主骨。

老師消骨頭脹大,還有復原、靈骨、四花中、四花副等穴。

復原穴的""復原"",是使已腫之骨脹大復原也,此處之消骨頭脹大,是指""指關節脹大""。

靈骨穴貼骨進針,以骨治骨,消骨頭脹大,本穴在腰脊線,主要系針對腰脊部的骨刺,治療腰椎間盤突出的坐骨神經痛,亦可治療類風溼關節炎之指骨脹大。

四花中、副穴,貼骨進針,叫做削骨針,能消骨頭脹大,主要用於膝蓋與足跟骨刺,對於腰椎及頸椎骨刺也有效。老師寫的是四花中、副,但臨床常連四花下穴一起用,三針一起貼骨,效果更好。要注意,這三針基本上是針同側,左邊有骨刺就扎左邊,右邊有就扎右邊。

治療其他骨骼脹大,還是以明黃穴、天黃穴、其黃穴為主。老師亦用火硬穴、火主穴,兩穴也在肝經,火主穴貼骨進針,主要治療腳骨脹大,與靈骨穴搭配,則手腳骨骼脹大皆治,還能治療類風溼關節炎的骨骼脹大。

老師說脊椎彎曲困難,針水腑穴,可以是一時閃腰,也可以是腰彎不下去,直不起來的病。水腑穴即腎俞,本就能補腎,治療腰與脊椎。","- 1. 委中點刺甚效,配合針明黃更佳。
- 2. 針四花中、副穴(一起貼骨進針,叫做削骨針)。

3. 九里、七里(維杰特殊經驗)。十四經特效穴:人中、後溪、束骨。","治療脊椎骨骼脹大,就是脊椎骨刺,包括頸椎及腰椎骨刺。老師主要用明黃、天黃、其黃這三穴。後來我研究改為針九里穴,還是針在大腿上,但比較好扎,因為針大腿內側不太方便。《靈樞·經脈》說""足少陽主骨"",足少陽剛好就在肝經的對面,所以後來我用九里取代了這三穴,若九里再加一個倒馬針,可加針下兩寸的七里穴,效果更好。

我自己有一套治療骨頭脹大、椎間盤突出壓迫神經的特效經驗針,就是人中、後溪、束骨,再配風市(中九里)就更好,多年來我用這幾個穴治癒了數百例頸腰椎骨刺。在""痛症""的""脊椎壓痛""一節,對於人中、後溪、束骨治療頸腰椎骨刺,我已經講得很詳細,大家可以回頭看看。這裡再略微談談削骨針。

四花中、副在小腿上,緊貼脛骨一起進針,叫削骨針。若四花中、副、下穴,三針一起更好。削骨針的特點是扎幾次之後,膝蓋骨刺的疼痛會明顯減輕。膝蓋長骨刺的特點就是下坡特別痛,上坡好一點。足跟長骨刺也有特點,早上起來一踩地,足跟特別痛,稍微走一走就好了,可是走多了又痛。

不論是頸椎、腰椎骨刺,還是膝蓋、足跟骨刺,都可以在委中點刺,效果很好。

## 第三節其他"
189,酒醉,酒醉,matched,其他疾病,第三節其他,8384,,解酒 99. 耳環穴,"老師解酒針耳環穴,就是耳朵戴耳環的地方,本穴相當於耳穴眼點,眼與肝應,強肝而能解酒。手法採用皮下針,即用細毫針由外向裡(向面部)斜刺一分至二分半。","- 1. 刺耳環,配針正本更佳。
- 2. 火包穴(維杰特殊經驗)。
- 3. 總樞穴(三稜針)(維杰特殊經驗)。","酒醉解酒,我們可以在幾個穴位扎針。耳環穴皮下針,是老師的治法,配合正本更好,正本就是素髎,本穴在督脈上,督為諸陽之會,能通陽。本穴通陽急救作用甚強,又具有開竅、回陽救逆之功,提神醒腦作用極強,能治酒醉。

醉酒之嘔吐,以驗血糖之採血片在總樞穴刺血,既簡單又安全,而且有效。基於前後對應,能治前面之口喉病,如酒醉嘔吐。

火包穴也治酒醉,本穴在第二腳趾下,穴在胃經,能強胃,屬井穴範圍,能治酒醉急症。"
190,解暈針,解暈針,matched,其他疾病,第三節其他,8408,,"主解暈針與下針後引起之麻木感及氣血錯亂之刺痛

22. 手解","手解即心經的少府穴,少府為心經(屬火)滎穴(屬火),為火中之火穴,為真火穴,強心及溫陽之作用甚強,故能解暈針。又《靈樞·順氣一日分為四時》篇說:""病變於色者取之滎。""暈針時臉色必變,針心經之滎穴甚為有效,這也是手解穴能解暈針之理。","- 1. 針手解穴特效。
- 2. 針腿之解穴針刺亦甚效。","解暈針一個是手解穴,一個是腿上的解穴。這兩穴解暈針效果很好。手解即心經之少府穴,能強心解暈針。

腿上的解穴在胃經郄穴梁丘下一寸,調理氣血作用甚強,因此能解暈針、滯針、彎針,解氣血錯亂、新急之痛。原理同梁丘類似。治療新發初患之各種疼痛及扭傷尤具卓效。暈針是新發之症狀,故能解之。"
191,解氣血錯亂,解氣血錯亂,matched,其他疾病,第三節其他,8433,,"| 主解暈針與下針後引起之麻木感及氣血錯亂之刺痛                                              | 22. 手解 |
|---------------------------------------------------------------------|--------|
| 扎針後 <b>氣血錯亂</b> ,血不歸經,下針處起包、疼痛,或是西醫注射後引起之疼痛,跌打損傷、精神刺激而引起之疼痛,疲勞過度之疼痛 | 88. 解穴 |","手解穴即心經之少府穴,能解暈針,及下針後引起之麻木感、氣血錯亂之刺痛,已在前節說明。

解穴在胃經郄穴梁丘穴下一寸,治療新發初患之各種病痛,解氣血錯亂,也已在前節說明,可參考。","- 1. 針解穴有效。
- 2. 手解穴。","氣血錯亂可以針解穴、手解穴,但以腿上的解穴效果較好。解穴就在梁丘下一寸,可以治療氣血錯亂。在跌打損傷的前兩天,常會有氣血錯亂現象,全身痠痛,不治療也會慢慢變好,但那是低平衡,馬上扎針治療就是正平衡。

前段時間我治過一位大學女生,她的車子被後車撞了,全身都痛,我就給她針了一個解穴,只留針8分鐘,非常舒服。第二天她再來,說我還想針那個8分鐘的針,就是解穴。"
192,昏迷,昏迷,matched,其他疾病,第三節其他,8458,,,,"1. 火硬、火主。

2. 十二井穴放血。

十四經效穴:人中、內關、太沖穴。","現在看昏迷,前面講內科病證中風時,曾對中風昏迷詳加介紹,也舉過幾個病例,大家可以參考前面所講的。這裡再就昏迷略作補充,我也曾經治療過一些昏迷的患者,針刺火硬、火主,效果不錯。一般人對昏迷多半都是針刺人中、內關,往往在針人中、內關尚差一點勁仍未甦醒,再加針太沖或火硬、火主其中之一,常能立刻醒來。這是因為:①這幾個穴下面有太沖脈,刺這些穴可以""以脈治心""。②這幾個穴在足厥陰肝經上,透過手足厥陰相通至心,可以強心。③足厥陰經從腦內上至頭,與督脈會於巔頂,督脈主通陽,亦主神志。④刺太沖或火主,也可透刺湧泉,肝腎並治,且湧泉亦為井穴,更能加強急救復甦的效果。

嚴重昏迷,要在十二井穴刺血。《傷寒論》厥陰篇曾說:""凡陰陽經不相順接便為厥。""昏厥就要在十二井穴放血,因為井穴都在經絡之起點或終點,在十二井穴針刺或刺血,能起到通經接陰陽的作用。井穴急救以放血最好。根據治療多例昏迷經驗,強心為首要,可首選手厥陰心包經的井穴中衝,中衝為火經木穴,能治療與木(即肝風)、火(即痰火)等有關的神志病;其次選肺經井穴少商,再針其他井穴。少商穴能理氣化痰,而且位於拇指,從神經及全息來看,與腦部的聯絡最為密切。"
193,脂肪瘤,脂肪瘤,matched,其他疾病,第三節其他,8478,,各種瘤 77. 外三關穴,"老師沒有特別治脂肪瘤的針,老師寫的是用外三關治療各種瘤。外三關在小腿之上中下各一針,有理三焦、整體調整的意味。脂肪瘤與脂肪的存積過多有關,特別是脂肪多的部位,最容易長脂肪瘤,可以用治療膽固醇偏高的穴位來治療。三焦經的火串,膽經的七里、九里及陽陵泉,都有一定效果。老師之外三關

穴位,基本上與膽經有關。","- 1. 針明黃穴特效。
- 2. 針外三關穴有效。
- 3. 四花外有效。

十四經效穴:以合谷穴為主,加經絡牽引針。","脂肪瘤與脂肪的存積過多有關,跟肝膽都有關係,可以用治療膽固醇偏高的穴位來治療,針明黃有效,明黃穴在大腿肉多的地方,可以""以肉治肉"",而且在肝經上,故治療脂肪瘤有效。

外三關、四花外也有效。四花外在豐隆穴旁,豐隆為""痰會"",能調理脾胃, 去溼去痰,在此刺血可以痰瘀並治,有一定療效。

已故師弟郭嘯天,對於治療脂肪瘤有獨特經驗,他以合谷穴為主,效果非常好。

為什麼用合谷呢? 史上最有名的醫案應是唐朝宰相狄仁傑赴京(長安)時, 在旅途中,為旅舍老闆鼻下如拳大之瘤紮了一針合谷,據唐史記載:其瘤應手而落。一般人認為這段記載可能是假的,而郭嘯天的父親用合谷一試,果然有效, 治癒了很多脂肪瘤及肉瘤。

我吸收了這個經驗,也用合谷來治療肉瘤,然後看它是在哪一條經,可以在遠處加一個牽引針,效果更好。有一位患者脖子後面風府旁邊長了一個瘤,我就針合谷,因為是長在膀胱經上,就在束骨加一針牽引,然後讓患者自我按摩肉瘤,很有效,兩次就完全消了。

很多人乳房纖維增生,長了一個小瘤,你可以幫她針對側的合谷,配合懸鐘或三重針一針,然後讓她自己按揉,本來是花生米那麼大,揉一揉可能就變成綠豆大小了,再針幾次就沒了。

一般小肉瘤,針合谷穴很好。如果是長在膀胱經或督脈,要有牽引針,我們就針束骨牽引。如果是長在胸部,我們知道三重可以治療胸部、乳部的病變,可以把它當牽引針。如果是乳頭,可以用門金當牽引。"
194,睡眠中咬牙,磨牙,matched,其他疾病,第三節其他,8518,,"睡中咬牙

77. 四花下穴、腑腸穴","睡中咬牙多系胃熱之證。四花下穴位於胃經上,所治之病多系胃腸病;腑腸穴亦在胃經上,主治相同,兩針通常配合應用,能治睡中咬牙。","- 1. 針四花下穴特效。
- 2. 腑腸穴。
- 3. 耳尖放血。","睡中咬牙,是""胃不和臥不安""之症。多因胃熱所致,董老師針四花下穴、腑腸穴,效果很好。此外,耳尖刺血能鎮定安神助眠,也可治療本病。"
195,疲勞,疲勞,matched,其他疾病,第三節其他,8542,,"| 疲勞         | 22. 中白穴(鬼門穴)、下白穴;44. 富頂穴、支通穴、落通穴;66. 木鬥穴、木留穴 |
|------------|----------------------------------------------|
| 肝衰弱引起之疲勞   | 99. 木耳穴                                      |
| 肝機能不夠引起之疲勞 | 88. 明黃穴、天黃穴、其黃穴                              |
| 腎機能不夠之疲勞   | 1010. 水通穴、水金穴                                |
| 疲勞過度       | 33. 火腑海穴                                     |
| 全身無力       | 44. 水愈穴                                      |","疲勞有多種,多與肝腎有關。董老師治療疲勞,區分多種。

一般疲勞,治療可分三個部位取穴:①手上的中白穴(鬼門穴)、下白穴; ②上臂的富頂穴、支通穴、落通穴;③ 腳上的木鬥穴、木留穴。

中白穴、下白穴能夠脾腎雙補。透過""三焦與腎通"",兩穴補腎作用甚好,能治療腎虧各病。穴位之卦位為坤,亦主健脾,不少功用與脾腎雙健有關。中白、下白倒馬並用,療效極佳。

支通穴及落通穴,皆貼近肱骨後緣扎針,以骨治腎,而且在小腸經,能去溼治疲勞。富頂穴在三焦經上,但與落通穴在同一水平。所治之病,多屬肝腎虧虛之病。老師強調淺針治疲勞、肝弱。

肝衰弱與肝機能不夠引起之疲勞,是一樣的,都要強肝,可針木耳穴、明黃穴、天黃穴、其黃穴。

腎機能不夠之疲勞,要補腎,可針水通穴、水金穴。

疲勞過度:灸火腑海穴。下針 10 分鐘後取針,改用墊灸。本穴以三焦經定位,從陽明經取穴,三焦與腎""臟腑別通"",手足陽明經同名經相通,故能補腎,亦調脾胃,有調補作用。可針亦可灸,補用灸法尤佳。大腸與肝""臟腑別通"",還有補肝作用,能治頭暈、眼花、疲勞。

全身無力:水愈穴用三稜針。穴名水愈,穴在小腸經上,基於手足太陽經相通,又""小腸與脾通""能去溼,所以治全身無力。

董氏奇穴在上臂太陽經上之支通、落通、水愈,皆能治疲倦及腰痛。一系手足太陽經相通,一系小腸經與脾別通能去溼。","- 1. 針三叉三穴可消解疲勞(維杰特殊經驗)。
- 2. 針鼻翼穴可消解疲勞(維杰特殊經驗)。","消除疲勞,我個人的經驗,最有效的就是三叉三穴,老師用中白、下白治疲勞,但我用的三叉三,是一針兩透,進針透過中白(中渚)、下白等輸原穴位置,健脾益氣。穴在三焦經上,透過腎與三焦通,也能補腎。脾肝腎皆治,又能增加免疫功能。三叉三又透達少府,為心經本穴,本就能提神振奮精神,是治療感冒特效針,透達少府,就有麻黃附子細辛湯的意味在內,該方是治療少陰陽虛睏倦嗜睡很好的方子。

另外,一針消除疲勞很有效的穴位就是鼻翼。董老師的書裡,鼻翼的主治沒有疲勞,我用來治療消除疲勞,非常有效。鼻翼穴在督脈與手足陽明經之間,溫陽及調理氣血之作用均甚佳。鼻子在面部最高點,為陽中之陽,溫陽最速,溫陽作用甚高。疲勞嗜睡者多為陽虛之病,本穴治之甚效。鼻為面部太極全息脾胃之處,鼻翼所治之病以理氣為主,治氣虛氣滯之病。蓋脾主溼,亦能消除疲勞,又脾主溼主四肢。"
196,解毒,解毒,matched,其他疾病,第三節其他,8587,,"中毒、蟲毒:藥物中毒,蛇、蠍、蜈蚣等蟲毒,食物中毒,瘋狗咬傷,服毒自殺(輕則可治,重則難醫),瓦斯中毒、原子塵中毒

1111. 分枝上穴、分枝下穴","解毒用分枝上、下穴非常好,這是董氏奇穴獨特之處。分枝上、下穴在上臂活動樞紐之下側肌肉豐厚處,對應太極猶如上臂之關元,作用亦有相近之處。能增強體力,對抗外邪。

分枝上、下穴當肩貞穴旁,為小腸脈氣所發,能分清泌濁,董師認為其有泌別清濁、利尿利溼之作用,也有疏利三焦、調整內分泌、增強免疫功能的作用。

此兩穴作為解毒要穴,治療食物中毒、藥物中毒及各種蟲毒咬傷有特殊作用。治療病毒感染性疾病亦有作用,還可治療其他中毒,包括癌症之放療及化療,能減輕其副作用。

附錄

# 董氏奇穴各部位總圖

<u> </u>

附圖 1 一一部位總圖

附圖 2 二二部位總圖

附圖 4 四四部位總圖

附圖 5 五五部位總圖

附圖 6 六六部位總圖

附圖 7 七七部位總圖

附圖 8 八八部位總圖

附圖 9 九九部位總圖

附圖 10 十十部位總圖

附圖 11 背腰部位總圖

附圖 12 胸腹部位總圖

附圖 13 維傑增補穴位

A. 七里穴 B. 三叉一穴、三叉二穴、三叉三穴 C. 次白穴 D. 夜盲穴 E. 小節穴

\* •

# 病症索引

# 430

## <u> </u>

В

白細胞過多 148

白細胞過少 147

扳機指 79

半身不遂(中風後遺症) 200

膀胱結石 173

背脊畸形(脊柱側彎) 298

背連下腿痛 110

背痛 107

崩漏 259

鼻幹及流涕 237

鼻塞 237

鼻炎 238

便秘 185

病毒性心肌炎 144

C

赤白帶 262

D

大腿痠痛 84

大腿痛 83

膽囊炎 164

膽石症 165

癲癇 194

肚臍周圍痛 105

E

耳朵痛 61

耳鳴 243

耳內脹 243

F

反胃(倒食症) 154

飛蚊症 235

肺炎 134

風疹塊(蕁麻疹) 278

腹痛 103

腹中絞痛(絞腸痧) 105

G

肝炎 162

肝硬化 163

感冒 122

高熱 127

高血壓 197

睪丸炎 189

Н

喉痛(喉炎) 251

後頭痛 54

黃疸 160

昏迷 302

J

急性腸胃炎 158

急性腹瀉 180

脊椎骨刺 299

脊椎扭挫傷(脊椎骨閃痛) 113

脊椎壓痛 112

脊椎中央痛 111

甲狀腺眼突 222

甲狀腺腫大 221

肩背痛 109

肩臂不能舉(肩關節周圍炎、五十

肩) 67

肩峰痛 69

肩關節扭傷 68

肩頸痛 66

肩痛 69

腳抽筋(腿轉筋) 290

腳踝扭傷 90

腳痛 89

腳趾麻 294

腳趾痛 91

解畫 307

解氣血錯亂 302

解暈針 301

精神病 195

頸項皮膚病 223

久年不孕 267

酒渣鼻 241

酒醉 300

K

咳嗽(支氣管炎) 128

口內生瘡(口腔潰瘍) 248

口歪眼斜 214

L

闌尾炎 186

兩手拘攣 290

兩眼睜不開(上瞼下垂) 231

淋病 179

流鼻血(鼻衄) 241

聾啞 245

瘰癧 220

落枕 64

M

麥粒腫 226

慢性腹瀉 182

梅核氣 254

面麻 218

目赤(結膜炎、角膜炎) 227

目乾澀(乾眼症) 230

N

雅產 271 腦積水 214 腦瘤 213 腦膜炎 212 尿道結石 174 尿意頻數 178

0

嘔吐 156

牛皮癬 276

P

皮膚病 275 皮膚敏感 276 疲勞 305 脾腫大 167 偏頭痛 52 貧血 148

Q

其他 283 其他血液病 149 其他眼病 236 氣喘 131 前臂痛 73 前頭痛(眉稜骨痛、鼻骨痛、陽明頭痛) 50 青春痘 277

全頭痛 55

青光眼 234

顴骨疼痛 58

R

橈骨莖突腱鞘炎 77

S

三叉神經痛 59 散光 233 閃腰岔氣 118 上臂痛(肩臂痛) 70 舌下腫 247 神經衰弱 211 腎結石 172 腎虛腰痛 117 腎炎 168 失眠症 192 失音 255 溼疹 280 食慾不振 158 食指痛 78 視力模糊 225 手抽筋 289 手腳麻及麻痺 295

手痛不能握物 74

手指麻(手麻) 287

輸卵管不通 266

水腫 170

睡眠中咬牙 305

四肢顫抖 295

四肢發抖(帕金森病) 204

四肢浮腫 170

四肢其他 296

T

糖尿病 206

痛經 257

腿冷痛 84

腿麻 293

腿軟無力 293

腿痠軟、發脹 291

W

腕關節痛 75

尾椎痛 120

胃病 151

胃酸過多 153

胃痛 101

胃炎 152

X

膝蓋痛 85

下腹脹痛 107

下頜骨痛(口不能張、顳頜關節紊亂眼球歪斜及複視(視一為二) 234

症) 245

項強痛 62

消化性潰瘍(胃、十二指腸潰瘍) 155

小便不利(膀胱炎、尿道炎) 176

小便出血 180

小便癃閉(尿瀦留) 175

小腸疝氣 187

小腹痛 106

小腹脹 184

小腿脹痛(痠痛) 88

脅肋痛 99

心悸 141

心口痛 95

心兩側痛 96

心律失常 143

心臟病(冠心病) 135

心臟麻痺 137

心臟血管硬化 146

胸部打傷 97

胸腹部任脈線痛 98

胸腹側痛 97

胸連背痛 99

胸悶 140

胸乳痛 94

Υ

牙痛 249

顏面神經抽掣(痙攣及震顫) 219

陽痿、早洩(男子性功能障礙) 190

腰痛(慢性腰痛) 114

遺精 190

異位性皮炎 282

溢淚(迎風流淚) 230

陰腫 263

魚骨刺喉 253

月經不調及閉經 260

暈眩 208

Z

痄腮(腮腺炎) 223

真心痛 139

脂肪瘤 303

指關節痛 78

痔瘡 284

中耳炎 242

中風昏迷症 199

中風舌強不語(失語症) 203

中風手拘攣(痙攣) 204

中指麻 289

肘關節痛 71

子宮肌瘤 265

子宮炎(陰道炎) 264

足跟痛 91

坐骨神經痛 80

**董氏奇穴治療析要董氏奇穴原理解構** 

策劃編輯李麗

責任編輯李麗李劍光

封面設計第 4 個個國際國

李蹊

版式設計陳朊

人衛智網

www.ipmph.com

醫學教育、學術、考試、健康, 購書智慧智慧綜合服務平臺

人衛官網

www.pmph.com

人衛官方資訊釋出平臺

關注人衛健康提升健康素養

定價: 68.00元

[General Information] 書名=董氏奇穴治療析要頁數=327 SS號=14471655",,
